,ATHLETE,YEAR,TEAM,TIME,MEET,MEET DATE,WIND,EVENT,GENDER
1,"Dukes, Dedric",JR-3,Florida,19.97,Florida Relays,2014-04-03,-0.6,200,M
2,"Hardy, Jr., Prezel",SR-4,Texas A&M,20.14,LSU Alumni Gold,2014-04-19,3.2,200,M
2,"Ernest, Aaron",JR-3,LSU,20.14,LSU Invitational,2014-05-03,1.7,200,M
4,"Bailey, Elvyonn",SR-4,Western Kentucky,20.15,Sun Belt Conference Outdoor Track and Field Championships,2014-05-09,3.4,200,M
5,"Nkanata, Carvin",SR-4,Pittsburgh,20.17,Tennessee Relays,2014-04-10,2.0,200,M
6,"Brown, Aaron",SR-4,USC,20.19,Florida Relays,2014-04-03,-0.6,200,M
7,"Bromell, Trayvon",FR-1,Baylor,20.23,TCU College Invitational,2014-03-20,3.3,200,M
8,"Jenkins, Devin",SO-2,Southern,20.32,LSU Alumni Gold,2014-04-19,3.2,200,M
9,"Hart, Shavez",JR-3,Texas A&M,20.35,SEC Outdoor Championship,2014-05-15,-0.5,200,M
10,"Hall, Arman",SO-2,Florida,20.40,LSU Invitational,2014-05-03,1.7,200,M
11,"Rodney, Brendon",JR-3,LIU Brooklyn,20.41,Northeast Conference Championship,2014-05-03,1.3,200,M
12,"Hadnot, Trey",SR-4,Louisiana Tech,20.43,Bobcat Classic,2014-04-25,2.9,200,M
13,"Heriot, Blake",SR-4,Baylor,20.45,TCU College Invitational,2014-03-20,3.3,200,M
14,"Mackey, Trevor",JR-3,Texas Tech,20.47,ACU Wes Kittley Invitational,2014-04-12,3.6,200,M
14,"Walker, Justin",SR-4,Northwestern St.,20.47,Southland Conference Track & Field Championship,2014-05-09,1.6,200,M
14,"Vaughn, Clayton",JR-3,Texas-Arlington,20.47,Sun Belt Conference Outdoor Track and Field Championships,2014-05-09,3.4,200,M
17,"Batson, Diondre",SR-4,Alabama,20.49,Crimson Tide Invitational,2014-04-05,-0.4,200,M
18,"Watts, Sam",SO-2,TCU,20.50,TCU College Invitational,2014-03-20,3.3,200,M
19,"Ways, Ceo",FR-1,North Carolina,20.53,ACC Outdoor Track & Field Championships,2014-04-17,0.5,200,M
20,"Smith, Johnathan",SR-4,Georgia,20.54,Georgia Tech Yellow Jacket Invitational,2014-03-28,2.5,200,M
21,"Smith, Teray",FR-1,Auburn,20.57,University of Tennessee Challenge,2014-05-03,1.0,200,M
21,"Gordon, Wayne",SO-2,Kent State,20.57,Tennessee Relays,2014-04-10,2.0,200,M
23,"Sears, Ventavius",FR-1,Western Kentucky,20.58,Sun Belt Conference Outdoor Track and Field Championships,2014-05-09,3.4,200,M
24,"Dasor, Emmanuel",FR-1,Western Kentucky,20.60,Sun Belt Conference Outdoor Track and Field Championships,2014-05-09,3.4,200,M
25,"Echols- Luper, Cameron",FR-1,TCU,20.61,TCU College Invitational,2014-03-20,3.5,200,M
26,"Robinson, Bryce",SO-2,Tulsa,20.62,Arkansas Twilight,2014-05-02,-0.5,200,M
27,"Givans, Senoj-Jay",FR-1,Texas,20.63,Longhorn Invitational,2014-05-03,3.0,200,M
28,"Spratling, Brycen",SR-4,Pittsburgh,20.64,Tennessee Relays,2014-04-10,2.0,200,M
29,"Mostert, Raheem",JR-3,Purdue,20.66,Big Ten Outdoor Track & Field Championships,2014-05-16,-2.7,200,M
30,"Stewart, Davonte",JR-3,USC,20.68,Florida Relays,2014-04-03,0.1,200,M
31,"Snoddy, Broderick",SO-2,Georgia Tech,20.70,Georgia Tech Yellow Jacket Invitational,2014-03-28,2.5,200,M
31,"Hall, Ricco",SO-2,Nebraska,20.70,Nebraska Quad,2014-04-12,0.2,200,M
33,"Martin, Benjamin",JR-3,Troy,20.72,Sun Belt Conference Outdoor Track and Field Championships,2014-05-09,3.4,200,M
33,"Baker, Ronnie",SO-2,TCU,20.72,TCU College Invitational,2014-03-20,3.3,200,M
35,"Reese, Riak",FR-1,Kent State,20.73,Jesse Owens Track Classic,2014-04-18,1.5,200,M
35,"Okezie, Chidi",JR-3,Hampton,20.73,MEAC Outdoor Track & Field Championships,2014-05-01,3.0,200,M
37,"Allsop, Shermund",SR-4,LSU,20.74,Miami Hurricane Alumni Invitational,2014-04-12,1.4,200,M
37,"Price, Dante",FR-1,Virginia Tech,20.74,Miami Hurricane Invitational,2014-03-21,3.9,200,M
39,"Locke, Dentarius",SR-4,Florida State,20.75,ACC Outdoor Track & Field Championships,2014-04-17,0.5,200,M
40,"Miller, Jalen",FR-1,Mississippi,20.76,SEC Outdoor Championship,2014-05-15,1.9,200,M
40,"Bilderback, Zack",SO-2,Texas,20.76,Michael Johnson/Dr. Pepper Classic,2014-04-19,0.6,200,M
40,"Collins, Clinton",SR-4,North Texas,20.76,TCU College Invitational,2014-03-20,3.3,200,M
43,"Bowens, Nic",JR-3,Utah State,20.77,Idaho-Utah Border Clash,2014-05-02,3.2,200,M
44,"Henderson, Khalil",FR-1,Auburn,20.78,Alabama vs. Mississippi Border Clash,2014-04-11,0.0,200,M
44,"Peabody, Tucker",SR-4,Lipscomb,20.78,Tennessee Relays,2014-04-10,2.0,200,M
46,"Freeman, Maurice",SO-2,Georgia,20.79,Georgia Spec Towns National Team Invitational,2014-04-11,0.2,200,M
47,"Walker, Everett",SR-4,Baylor,20.81@,Big 12 Outdoor Track and Field Championships,2014-05-16,2.7,200,M
47,"Harris, James",SR-4,Florida State,20.81,FSU Seminole Invitational,2014-04-11,1.1,200,M
47,"Hicks, Stanley",JR-3,Campbell,20.81,2014 Liberty Twilight,2014-05-01,3.1,200,M
47,"Wright, Antwan",SO-2,Florida,20.81,LSU Invitational,2014-05-03,-1.2,200,M
51,"Norwood, Vernon",JR-3,LSU,20.82,Miami Hurricane Alumni Invitational,2014-04-12,1.3,200,M
51,"Bolton, Cameron",JR-3,Eastern Michigan,20.82,Mid-American Outdoor Track & Field Championships,2014-05-15,0.4,200,M
51,"Cheeks, Michael",FR-1,Auburn,20.82,University of Tennessee Challenge,2014-05-03,1.0,200,M
51,"Peoples, Joshua",FR-1,N. Carolina A&T,20.82,MEAC Outdoor Track & Field Championships,2014-05-01,3.0,200,M
55,"Lee, BeeJay",JR-3,USC,20.83,UCLA vs USC,2014-05-04,1.3,200,M
55,"Pamilton, Stephon",SR-4,Illinois,20.83,Illinois Twilight,2014-04-12,3.2,200,M
55,"Rodriguez, Carlos",SR-4,Kansas State,20.83,2014 Jim Click Shootout,2014-04-12,2.1,200,M
55,"Sartor-Francis, Jordan",SO-2,Navy,20.83,Patriot League Outdoor Track & Field Championships,2014-05-02,3.2,200,M
59,"Royster, Chris",SR-4,South Carolina,20.84,USC Weems Baskin Invitational,2014-03-28,-1.6,200,M
60,"Landburg, Jordan",SR-4,Troy,20.85,Sun Belt Conference Outdoor Track and Field Championships,2014-05-09,3.4,200,M
60,"Nolan, Errol",SR-4,Houston,20.85,The American Outdoor Track & Field Championships,2014-05-02,0.8,200,M
60,"Stryganek, Brandon",JR-3,Illinois,20.85,Illinois Twilight,2014-04-12,3.2,200,M
63,"Bynum, Anthony",SO-2,Charlotte,20.86,Florida Relays,2014-04-03,0.1,200,M
63,"Spann, Devan",JR-3,Arizona State,20.86,2014 Double Dual Meet UA/ASU/NAU,2014-05-03,0.0,200,M
63,"Long, Dennison",SR-4,UMBC,20.86,Spring Invite,2014-04-12,2.0,200,M
66,"Milus, Ryan",SR-4,Arizona State,20.87,2014 Double Dual Meet UA/ASU/NAU,2014-05-03,0.0,200,M
66,"Delaney, Arthur",JR-3,Oregon,20.87,Pac-12 Outdoor Track and Field Championships,2014-05-17,-2.1,200,M
66,"Glover, Reggie",FR-1,Georgia,20.87,Georgia Spec Towns National Team Invitational,2014-04-11,0.2,200,M
69,"Lawrence, Desmond",SR-4,N. Carolina A&T,20.88,MEAC Outdoor Track & Field Championships,2014-05-01,3.0,200,M
69,"Lewis, Reggie",JR-3,Clemson,20.88,Florida Relays,2014-04-03,0.2,200,M
71,"Acy, Tremayne",FR-1,LSU,20.90,Miami Hurricane Alumni Invitational,2014-04-12,2.1,200,M
72,"Hortelano-Roig, Bruno",SR-4,Cornell,20.91,Larry Ellis Invitational,2014-04-16,0.5,200,M
73,"McTear, Jamael",JR-3,Grambling,20.92,2014 SWAC Outdoor Championship,2014-04-25,2.4,200,M
73,"Farquarshon, Johnathan",JR-3,Abilene Christian,20.92,Southland Conference Track & Field Championship,2014-05-09,0.1,200,M
75,"HEARD, Collin",FR-1,North Texas,20.93,TCU College Invitational,2014-03-20,3.5,200,M
75,"Hicks, Jermey",FR-1,Louisiana Tech,20.93,Bobcat Classic,2014-04-25,3.7,200,M
77,"Meehan, Evan",SR-4,Sacramento St.,20.94@,Big Sky Conference Outdoor Track & Field Championships,2014-05-14,2.8,200,M
78,"Jones, Rodney",JR-3,Sam Houston St.,20.95,Longhorn Invitational,2014-05-03,2.7,200,M
78,"Johnson, Anthony",SO-2,Texas State,20.95,Sun Belt Conference Outdoor Track and Field Championships,2014-05-09,3.4,200,M
78,"Faust, Timothy",JR-3,Ohio State,20.95,Big Ten Outdoor Track & Field Championships,2014-05-16,-2.7,200,M
78,"Bryan, Michael",SR-4,Texas A&M,20.95,UTSA Texas Challenge Invitational,2014-03-21,1.7,200,M
82,"Reed, Reginald",SR-4,Texas State,20.96,TCU College Invitational,2014-03-20,2.7,200,M
82,"Johnson, DeMario",SR-4,Kansas,20.96,Ward Haylett Invitational,2014-05-03,3.0,200,M
84,"Carnes, Brandon",FR-1,Northern Iowa,20.97,2014 MVC Outdoor Track & Field Championships,2014-05-16,2.2,200,M
84,"Banks, Tremayne",JR-3,Bethune-Cookman,20.97,MEAC Outdoor Track & Field Championships,2014-05-01,2.5,200,M
84,"Calhoun, Jamario",SO-2,Georgia,20.97,Georgia Tech Yellow Jacket Invitational,2014-03-28,2.1,200,M
84,"Daniel, Rosen",SO-2,Coppin State,20.97,MEAC Outdoor Track & Field Championships,2014-05-01,3.0,200,M
84,"Pimentel, Silas",SR-4,Utah State,20.97,Mt. SAC Relays,2014-04-17,1.8,200,M
89,"Hudson, Cameron",SO-2,East Carolina,20.98,Bill Carson Invitational,2014-04-11,1.3,200,M
89,"Hester, Tevin",SO-2,Clemson,20.98,Georgia Tech Invitational,2014-05-16,0.4,200,M
89,"Teeters, John",SO-2,Oklahoma State,20.98,Arkansas Twilight,2014-05-02,-0.5,200,M
92,"Roy, Darius",FR-1,New Orleans,20.99,Golden Eagle Classic,2014-04-26,-0.4,200,M
92,"Sorensen, Jesse",JR-3,Idaho State,20.99@,Big Sky Conference Outdoor Track & Field Championships,2014-05-14,2.8,200,M
92,"Reece, Alex",SO-2,Baylor,20.99,TCU College Invitational,2014-03-20,3.5,200,M
92,"Summers, Malik",FR-1,TCU,20.99,TCU College Invitational,2014-03-20,3.5,200,M
96,"Mitchell-Blake, Nethaneel",SO-2,LSU,21.00,SEC Outdoor Championship,2014-05-15,-0.5,200,M
96,"Burrell, Cameron",FR-1,Houston,21.00,The American Outdoor Track & Field Championships,2014-05-02,-0.2,200,M
96,"Feeney, Patrick",SR-4,Notre Dame,21.00,ACC Outdoor Track & Field Championships,2014-04-17,1.5,200,M
96,"Graham, Jr, Hugh",JR-3,Florida,21.00,Florida Relays,2014-04-03,0.1,200,M
96,"Nelvis, Jarael",SR-4,Tennessee,21.00,Tennessee Relays,2014-04-10,2.0,200,M
1,"Oduduru, Divine",JR-3,Texas Tech,19.76,Michael Johnson Invitational,2019-04-19,0.8,200,M
2,"Rowe, Rodney",SR-4,N. Carolina A&T,20.12,MEAC Outdoor Track & Field Championships,2019-05-02,0.4,200,M
3,"Flournoy, Jaron",SR-4,LSU,20.13,LSU Alumni Gold,2019-04-20,3.9,200,M
4,"Gillespie, Cravon",SR-4,Oregon,20.17,2019 Pac-12 Track & Field Championships,2019-05-04,0.1,200,M
5,"Gray, Nick",SR-4,Ohio State,20.20,Gamecock Invitational Outdoor,2019-04-13,2.0,200,M
5,"Amoah, Joseph",JR-3,Coppin State,20.20,MEAC Outdoor Track & Field Championships,2019-05-02,0.4,200,M
7,"Stewart, Trevor",JR-3,N. Carolina A&T,20.27,MEAC Outdoor Track & Field Championships,2019-05-02,2.0,200,M
8,"Ewers, Andre",SR-4,Florida State,20.31,ACC Championships,2019-05-09,1.6,200,M
8,"Williams, Mustaqeem",SR-4,Tennessee,20.31,SEC Outdoor Track & Field Championships,2019-05-09,0.4,200,M
10,"Montgomery, Kahmari",SR-4,Houston,20.32,The American Outdoor Track & Field Championships,2019-05-10,2.4,200,M
11,"Parker, Marcus",SO-2,Clemson,20.33,Gamecock Invitational Outdoor,2019-04-13,1.5,200,M
12,"Quinn, Devin",SR-4,Illinois,20.35,Big Ten Championships,2019-05-10,1.7,200,M
13,"Sani Brown, Hakim",SO-2,Florida,20.36,SEC Outdoor Track & Field Championships,2019-05-09,2.4,200,M
14,"Sirleaf, Akeem",JR-3,N. Carolina A&T,20.37,MEAC Outdoor Track & Field Championships,2019-05-02,0.4,200,M
15,"Hudson, Andrew",SR-4,Texas Tech,20.39,Big 12 Outdoor Track and Field Championships,2019-05-10,-0.1,200,M
16,"Burke, Mario",SR-4,Houston,20.41,The American Outdoor Track & Field Championships,2019-05-10,2.4,200,M
17,"Walter, Keitavious",SR-4,Alabama,20.42,SEC Outdoor Track & Field Championships,2019-05-09,0.4,200,M
18,"Jefferson, Chris",SR-4,Sam Houston St.,20.48,Southland Conference Outdoor Track and Field Championship,2019-05-03,0.5,200,M
19,"Terry, Tyler",JR-3,LSU,20.50,LSU Battle on the Bayou,2019-04-06,3.9,200,M
20,"Martin, Jo'vaughn",FR-1,Sam Houston St.,20.51,37th Annual Victor Lopez Classic,2019-03-21,-0.5,200,M
20,"Colebrooke, Samson",JR-3,Purdue,20.51,Big Ten Championships,2019-05-10,1.3,200,M
22,"Harrison, Eric",SO-2,Ohio State,20.52,Gamecock Invitational Outdoor,2019-04-13,2.0,200,M
23,"Hayes, Jared",SO-2,Troy,20.53,Sun Belt Outdoor Track and Field Championships,2019-05-10,0.2,200,M
23,"Ford, Alize",JR-3,Alabama,20.53,LSU Battle on the Bayou,2019-04-06,3.9,200,M
25,"Maguranyanga, Kundai",SO-2,Drake,20.56,Kansas Relays,2019-04-17,3.2,200,M
26,"Patterson, Jacory",FR-1,Virginia Tech,20.57,ACC Championships,2019-05-09,0.7,200,M
26,"Borzor, Chris",FR-1,Cincinnati,20.57,The American Outdoor Track & Field Championships,2019-05-10,2.4,200,M
28,"Godwin, Elija",FR-1,Georgia,20.59,Torrin Lawrence Memorial,2019-04-26,1.9,200,M
29,"DeMoss, Davon",SR-4,Memphis,20.60,The American Outdoor Track & Field Championships,2019-05-10,2.4,200,M
30,"West, McKinely",SR-4,Southern Miss.,20.61,Conference USA Outdoor Championships,2019-05-09,-0.1,200,M
30,"Bartley , Karayme",JR-3,Iowa,20.61,Big Ten Championships,2019-05-10,2.5,200,M
30,"St Hillaire, Dwight",SO-2,Kentucky,20.61,SEC Outdoor Track & Field Championships,2019-05-09,0.4,200,M
33,"Mosby, Correion",SR-4,LSU,20.63,LSU Battle on the Bayou,2019-04-06,3.9,200,M
34,"Hislop, Akanni",JR-3,LSU,20.65,LSU Alumni Gold,2019-04-20,2.0,200,M
34,"Likely, Matthew",SR-4,Troy,20.65,Sun Belt Outdoor Track and Field Championships,2019-05-10,0.2,200,M
34,"Richard, Tyrell",SR-4,South Carolina St.,20.65,Buccaneer Invitational,2019-03-23,2.9,200,M
37,"Harris, Micaiah",SO-2,Texas,20.66,Big 12 Outdoor Track and Field Championships,2019-05-10,0.3,200,M
37,"Holloway, Grant",JR-3,Florida,20.66,Florida Relays,2019-03-28,-0.7,200,M
39,"Palmer, Oraine",SR-4,Oregon,20.68,2019 Desert Heat Classic,2019-04-27,0.6,200,M
39,"Smith, Jacob",FR-1,Kentucky,20.68,Tennessee Relays,2019-04-11,3.8,200,M
39,"Williams, Waseem",JR-3,Purdue,20.68,Louisville Invitational,2019-04-12,2.0,200,M
39,"Brown, Izaiah",SR-4,Rutgers,20.68,Florida Relays,2019-03-28,0.6,200,M
39,"Gates, Kymari",SR-4,Western Kentucky,20.68,Tennessee Relays,2019-04-11,3.8,200,M
44,"Woodard, Antonio",JR-3,Iowa,20.69,Florida Relays,2019-03-28,0.6,200,M
44,"Comick, Jace",JR-3,Texas A&M,20.69,Texas A&M Alumni Muster,2019-04-27,2.1,200,M
46,"Igbokwe, Obi",SR-4,Houston,20.70,Tom Tellez Invitational,2019-05-03,2.7,200,M
47,"Willis, Maxwell",JR-3,Baylor,20.71,Michael Johnson Invitational,2019-04-19,0.8,200,M
48,"Owusu-Antwi, Martin",SR-4,Western Kentucky,20.72,Hilltopper Relays 2019,2019-04-05,0.3,200,M
49,"James, Brandon",FR-1,Morgan State,20.73,2019 Morgan State Legacy Track & Field Meet,2019-04-19,3.3,200,M
50,"Williams, Jordan",JR-3,Bethune-Cookman,20.75,MEAC Outdoor Track & Field Championships,2019-05-02,0.4,200,M
50,"Kemp, Demek",SR-4,South Carolina St.,20.75,Gamecock Invitational Outdoor,2019-04-13,2.0,200,M
52,"Alexander, Nicholas",SO-2,Houston,20.76,Houston Alumni Invitational,2019-04-06,4.0,200,M
53,"Johnson, Tyler",SO-2,Ohio State,20.77,Gamecock Invitational Outdoor,2019-04-13,2.2,200,M
54,"Walker, Jullane",JR-3,Kansas State,20.78,Big 12 Outdoor Track and Field Championships,2019-05-10,-0.1,200,M
54,"Sands, Alex",JR-3,Clemson,20.78,Gamecock Invitational Outdoor,2019-04-13,2.4,200,M
56,"McConico, Kwantreyl",SR-4,Tennessee,20.79,Tennessee Relays,2019-04-11,2.5,200,M
56,"Ekevwo, Raymond",JR-3,Florida,20.79,LSU Alumni Gold,2019-04-20,3.9,200,M
56,"Reaves, Marcus",JR-3,Arizona State,20.79,2019 Desert Heat Classic,2019-04-27,0.6,200,M
59,"Allen Jr., Eric",FR-1,USC,20.80,USC vs UCLA,2019-04-27,0.9,200,M
59,"Dickson, Michael",SR-4,N. Carolina A&T,20.80,MEAC Outdoor Track & Field Championships,2019-05-02,1.2,200,M
61,"Matiyenga, Tinotenda",SO-2,TCU,20.81,2019 TCU Invitational,2019-03-16,0.8,200,M
61,"Charleston, Cravont",JR-3,North Carolina St.,20.81,Tennessee Relays,2019-04-11,1.5,200,M
61,"Clarke, Nylo",SO-2,Missouri,20.81,Wichita State Herm Wilson Invitational,2019-03-21,1.1,200,M
61,"Kowalchuk, Karson",JR-3,Miss State,20.81,Crimson Tide Invitational,2019-04-11,1.1,200,M
61,"Hamilton, Justin",SR-4,N. Carolina A&T,20.81,MEAC Outdoor Track & Field Championships,2019-05-02,0.4,200,M
66,"Nock, Maurice",JR-3,South Florida,20.82,UIW Invitational,2019-04-12,3.4,200,M
67,"Smith, Tyler",SR-4,McNeese State,20.83,Southland Conference Outdoor Track and Field Championship,2019-05-03,1.5,200,M
67,"Daniel, Rieker",SO-2,Oregon,20.83,2019 Pac-12 Track & Field Championships,2019-05-04,0.1,200,M
67,"Malone, Treyshon",JR-3,Idaho State,20.83@,2019 BYU Robison Invitational,2019-04-25,1.1,200,M
70,"Sheffield, Joseph",SO-2,Oklahoma,20.84,Big 12 Outdoor Track and Field Championships,2019-05-10,-0.1,200,M
71,"Dale, Devaniel",JR-3,Western Carolina,20.86,2019 Southern Conference Outdoor Track & Field Championships,2019-04-27,0.5,200,M
72,"Rantin, Keon",SO-2,Morgan State,20.87,MEAC Outdoor Track & Field Championships,2019-05-02,0.4,200,M
72,"Rogers, Calvary",SR-4,Penn,20.87,Tennessee Relays,2019-04-11,2.5,200,M
74,"Spraggins, Kevin",SR-4,Alabama State,20.88,Gamecock Invitational Outdoor,2019-04-13,2.2,200,M
74,"Wells, Emmanuel",JR-3,Washington St.,20.88,2019 Pac-12 Track & Field Championships,2019-05-04,0.3,200,M
74,"Flowers, Darrion",SR-4,TCU,20.88,Jim Click Shootout,2019-04-06,0.6,200,M
77,"Mokaleng, Derrick",JR-3,TCU,20.89,Jim Click Shootout,2019-04-06,0.6,200,M
78,"Clarke, Matthew",FR-1,New Orleans,20.90,Southland Conference Outdoor Track and Field Championship,2019-05-03,2.6,200,M
78,"McClinton, Donald",SO-2,Louisville,20.90,Ole Miss Classic,2019-03-30,0.7,200,M
78,"Booker, Jordan",FR-1,Houston,20.90,The American Outdoor Track & Field Championships,2019-05-10,2.4,200,M
81,"Hilton, Coby",SO-2,South Dakota St.,20.92,South Dakota Challenge,2019-04-06,1.8,200,M
81,"Cunningham, Quashawn",SR-4,North Carolina St.,20.92,Raleigh Relays,2019-03-29,0.6,200,M
81,"Brown, Washington",SO-2,Texas,20.92,Big 12 Outdoor Track and Field Championships,2019-05-10,-0.1,200,M
81,"Rollins, Mason",SR-4,Cal St. Fullerton,20.92,Big West Outdoor Track & Field Championships,2019-05-10,-0.5,200,M
85,"Sumler IV, Edward",FR-1,Houston,20.93,The American Outdoor Track & Field Championships,2019-05-10,2.4,200,M
85,"Braxton, Ian",JR-3,Baylor,20.93,Michael Johnson Invitational,2019-04-19,3.0,200,M
85,"Hericks, Mason",JR-3,Nebraska,20.93,2019 Husker Spring Invitational,2019-04-05,3.0,200,M
85,"Boyd, Rashad",FR-1,Arkansas,20.93,SEC Outdoor Track & Field Championships,2019-05-09,2.2,200,M
85,"Cunningham, Isaiah",SO-2,Baylor,20.93,Michael Johnson Invitational,2019-04-19,3.0,200,M
90,"Underwood, Tyler",SR-4,Eastern Michigan,20.94,Jesse Owens Classic - The Ohio State University,2019-04-26,0.7,200,M
90,"Butler, JT",SR-4,North Dakota State,20.94,2019 Husker Spring Invitational,2019-04-05,3.0,200,M
90,"Williams, Maj",SO-2,Arizona,20.94,2019 Willie Williams Classic College,2019-03-15,1.5,200,M
93,"Ashford, Jayson",FR-1,Missouri,20.95,Wichita State Herm Wilson Invitational,2019-03-21,1.1,200,M
93,"Patterson, Shannon",SR-4,North Carolina St.,20.95,ACC Championships,2019-05-09,1.6,200,M
93,"Timpson, Michael",SR-4,Florida State,20.95,UF Tom Jones Memorial,2019-04-26,1.1,200,M
93,"Woodard, Jayon",JR-3,Charlotte,20.95,Charlotte 49er Classic,2019-03-14,0.5,200,M
93,"Gutierrez Almedina, Jan Michael",JR-3,Albany,20.95,2019 Bobbi Palma UAlbany Spring Classic,2019-04-18,2.1,200,M
93,"Singleton, Darrell",JR-3,South Carolina,20.95,Buccaneer Invitational,2019-03-23,2.9,200,M
93,"Hari, Kristoffer",SO-2,Arkansas,20.95,John McDonnell Invitational,2019-04-12,0.7,200,M
93,"Clark, Ryan",SR-4,Florida,20.95,Florida Relays,2019-03-28,-0.8,200,M
1,"Dukes, Dedric",SR-4,Florida,19.99,SEC Championships,2015-05-14,0.6,200,M
2,"De Grasse, Andre",JR-3,USC,20.03,Pac-12 Track & Field Championships,2015-05-15,-0.1,200,M
3,"Hester, Tevin",JR-3,Clemson,20.18,ACC Outdoor Track & Field Championships,2015-05-14,1.8,200,M
4,"Bromell, Trayvon",SO-2,Baylor,20.19,Longhorn Invitational,2015-05-02,1.8,200,M
5,"Hart, Shavez",SR-4,Texas A&M,20.23,SEC Championships,2015-05-14,0.6,200,M
6,"Williams, Kendal",FR-1,Florida State,20.26,ACC Outdoor Track & Field Championships,2015-05-14,1.8,200,M
7,"Rodney, Brendon",JR-3,LIU Brooklyn,20.27,Florida Relays,2015-04-02,1.6,200,M
7,"Lee, Beejay",SR-4,USC,20.27,Florida Relays,2015-04-02,1.6,200,M
9,"Carnes, Brandon",SO-2,Northern Iowa,20.31,2015 MVC Outdoor Track and Field Championships,2015-05-15,3.8,200,M
10,"Faust, Timothy",SR-4,Ohio State,20.34,Big Ten Outdoor Track & Field Championships,2015-05-15,1.4,200,M
11,"Robinson, Bryce",JR-3,Tulsa,20.36,Longhorn Invitational,2015-05-02,1.8,200,M
12,"Zahn, DJ",SR-4,Illinois,20.37,Big Ten Outdoor Track & Field Championships,2015-05-15,1.4,200,M
13,"Echols- Luper, Cameron",SO-2,TCU,20.39,Big 12 Outdoor Track & Field Championships,2015-05-15,0.6,200,M
14,"Thymes, Just'N",JR-3,USC,20.46,Florida Relays,2015-04-02,-0.1,200,M
14,"Ali, Ahmed",JR-3,Alabama,20.46,John Jacobs Invitational,2015-04-17,1.6,200,M
16,"Harris, Kevin",FR-1,Baylor,20.49,Big 12 Outdoor Track & Field Championships,2015-05-15,0.6,200,M
17,"Harrington, James",JR-3,Iowa,20.50,Big Ten Outdoor Track & Field Championships,2015-05-15,1.7,200,M
18,"Acy, Tremayne",SO-2,LSU,20.51,LSU Alumni Gold,2015-04-18,2.6,200,M
18,"Smith, Terrell",FR-1,Kansas State,20.51,Big 12 Outdoor Track & Field Championships,2015-05-15,0.6,200,M
20,"Bluth, Parker",JR-3,Utah State,20.52,Mountain West Outdoor Track & Field Championships,2015-05-13,1.5,200,M
21,"Ernest, Aaron",SR-4,LSU,20.53,SEC Championships,2015-05-14,0.6,200,M
22,"Smith, Teray",SO-2,Auburn,20.54,War Eagle Invitational 2015,2015-04-17,0.9,200,M
23,"Robinson, Dionte",FR-1,UTSA,20.56,UTSA Invitational,2015-04-04,2.3,200,M
24,"Givans, Senoj-Jay",SO-2,Texas,20.57,Big 12 Outdoor Track & Field Championships,2015-05-15,1.0,200,M
25,"Listenbee, Kolby",SO-2,TCU,20.60,Big 12 Outdoor Track & Field Championships,2015-05-15,1.2,200,M
25,"Mohammed, Norvell",JR-3,Eastern Illinois,20.60,Big Blue Classic 2015,2015-04-02,2.3,200,M
27,"Ways, Ceo",SO-2,North Carolina,20.63,ACC Outdoor Track & Field Championships,2015-05-14,0.8,200,M
27,"Friday, Trentavis",FR-1,Florida State,20.63,ACC Outdoor Track & Field Championships,2015-05-14,0.8,200,M
29,"Devonish, Anderson",SO-2,Illinois State,20.64,2015 MVC Outdoor Track and Field Championships,2015-05-15,3.8,200,M
30,"Henderson, Kahlil",SO-2,Auburn,20.65,2015 UT Challenge,2015-05-02,0.0,200,M
31,"Carter, Hanoj",SO-2,UL-Lafayette,20.66,Sun Belt Outdoor Track and Field Championships,2015-05-08,1.6,200,M
32,"Watts, Sam",JR-3,TCU,20.68,Big 12 Outdoor Track & Field Championships,2015-05-15,0.6,200,M
32,"Farquarshon, Johnathan",JR-3,Abilene Christian,20.68,John Jacobs Invitational,2015-04-17,1.6,200,M
32,"Dasor, Emmanuel",SO-2,Western Kentucky,20.68@,Conference USA Outdoor Track & Field Championships,2015-05-14,1.4,200,M
35,"Anumnu, Charles",SO-2,Texas,20.69,Big 12 Outdoor Track & Field Championships,2015-05-15,1.2,200,M
36,"Bacon, Jaylen",FR-1,Arkansas State,20.71,Sun Belt Outdoor Track and Field Championships,2015-05-08,1.6,200,M
36,"Chambers, Marcus",SO-2,Oregon,20.71,Pepsi Team Invitational,2015-04-11,2.3,200,M
38,"Coleman, Christian",FR-1,Tennessee,20.73,Tennessee Relays,2015-04-09,0.4,200,M
39,"Sears, Ventavius",SO-2,Western Kentucky,20.74@,Conference USA Outdoor Track & Field Championships,2015-05-14,3.3,200,M
39,"Vaughn, Clayton",SR-4,Texas-Arlington,20.74,Sun Belt Outdoor Track and Field Championships,2015-05-08,1.6,200,M
39,"McBride, Elroy",JR-3,Texas Tech,20.74@,Texas Tech Red Raider Open,2015-04-30,2.2,200,M
42,"Wilson, Malik",FR-1,Baylor,20.75,Big 12 Outdoor Track & Field Championships,2015-05-15,1.2,200,M
43,"Mackey, Trevor",SR-4,Texas Tech,20.76,UTSA Texas Challenge Invitational,2015-03-20,2.5,200,M
43,"Duggans, Drew",SO-2,Kennesaw State,20.76,Atlantic Sun Outdoor Track & Field Championships,2015-05-15,0.7,200,M
43,"Coles, Steve",JR-3,Norfolk State,20.76,2015 Hampton University Relays,2015-04-10,1.0,200,M
46,"Hudson, Cameron",JR-3,Alabama,20.78,LSU Invitational,2015-05-02,-0.8,200,M
47,"Delaney, Arthur",SR-4,Oregon,20.79,Oregon Relays,2015-04-16,1.3,200,M
47,"HEARD, Collin",SO-2,North Texas,20.79,Bobcat Classic,2015-04-25,2.3,200,M
49,"Okezie, Chidi",SR-4,Hampton,20.81,2015 IC4A/ECAC Outdoor Track & Field Championships,2015-05-15,1.5,200,M
49,"Jenkins, Justin",JR-3,Sam Houston St.,20.81,Southland Conference Championship,2015-05-08,2.4,200,M
49,"Gordon, Wayne",SR-4,Kent State,20.81,War Eagle Invitational 2015,2015-04-17,1.3,200,M
49,"Bethel, Nigel",FR-1,Texas Tech,20.81,Big 12 Outdoor Track & Field Championships,2015-05-15,0.6,200,M
53,"Cotton, Kenzo",FR-1,Arkansas,20.82,Arkansas Twilight,2015-05-01,0.3,200,M
54,"Stryganek, Brandon",SR-4,Illinois,20.83,Big Ten Outdoor Track & Field Championships,2015-05-15,1.4,200,M
55,"Horsley, Carl",SR-4,Cal St. Northridge,20.84,2015 Big West Championships,2015-05-15,1.5,200,M
55,"Norwood, Vernon",SR-4,LSU,20.84,2015 Jim Click Shootout,2015-04-11,-2.3,200,M
57,"Wright, Antwan",JR-3,Florida,20.85,Florida Relays,2015-04-02,0.0,200,M
57,"Stewart, Davonte",SR-4,USC,20.85,Mt. SAC Relays,2015-04-16,2.1,200,M
57,"Bynum, Anthony",JR-3,Charlotte,20.85,Charlotte 49er Classic,2015-03-19,0.7,200,M
60,"Miller, Jalen",SO-2,Mississippi,20.86,SEC Championships,2015-05-14,-1.5,200,M
60,"James, Amir",FR-1,Northwestern St.,20.86,Southland Conference Championship,2015-05-08,2.4,200,M
60,"Lawson, Jarrion",JR-3,Arkansas,20.86,Arkansas Twilight,2015-05-01,0.3,200,M
60,"Teeters, John",JR-3,Oklahoma State,20.86,John McDonnell Invitational,2015-04-10,2.4,200,M
64,"Jones, Rodney",SR-4,Sam Houston St.,20.88,Southland Conference Championship,2015-05-08,2.4,200,M
65,"Williams, Cameron",SO-2,Boston U.,20.89,Tiger Track Classic 2015,2015-04-03,1.8,200,M
66,"Evans, Ahmad",SR-4,SIU-Edwardsville,20.90,Ohio Valley Conference Championships,2015-05-15,1.1,200,M
67,"Cowan, Kameron",SR-4,Grambling,20.91,Georgia Invitational,2015-05-09,-1.3,200,M
67,"Butler, Quentin",SR-4,Texas-Arlington,20.91,Bobcat Classic,2015-04-25,2.3,200,M
67,"Cheeks, Michael",SO-2,Clemson,20.91,ACC Outdoor Track & Field Championships,2015-05-14,1.8,200,M
67,"Hartley, Jaron",FR-1,Kansas,20.91,Big 12 Outdoor Track & Field Championships,2015-05-15,0.6,200,M
71,"Barnes, William",JR-3,Kent State,20.92,Akron Northeast Ohio Invitational,2015-04-02,2.0,200,M
72,"Calhoun, Jamario",JR-3,Georgia,20.93,Georgia Tech Yellow Jacket Invitational,2015-03-27,1.9,200,M
72,"Hall, Christopher",SR-4,UTSA,20.93,UTSA Invitational,2015-04-04,2.3,200,M
72,"Brandt-Sims, Isaiah",FR-1,Stanford,20.93,Big Meet: Cal vs. Stanford,2015-04-11,-1.5,200,M
72,"Winfrey, Eric",SR-4,South Carolina,20.93,Bill Carson Invitational,2015-04-10,1.5,200,M
76,"Newson, Cameron",SR-4,Texas-Arlington,20.94,Bobcat Classic,2015-04-25,2.3,200,M
76,"Hayes, Jaz",SO-2,Loyola (Ill.),20.94,2015 MVC Outdoor Track and Field Championships,2015-05-15,3.8,200,M
76,"Edwards, Calvin",JR-3,Eastern Illinois,20.94,Ohio Valley Conference Championships,2015-05-15,1.7,200,M
79,"Hall, Ricco",JR-3,Nebraska,20.95,Big Ten Outdoor Track & Field Championships,2015-05-15,1.0,200,M
79,"Washington, Marqueze",JR-3,Arkansas,20.95,John McDonnell Invitational,2015-04-10,2.4,200,M
79,"Gravesande, Clayton",SR-4,South Carolina,20.95,Bill Carson Invitational,2015-04-10,1.5,200,M
82,"Terpezan, Alexandru",SO-2,Boise State,20.96,Mountain West Outdoor Track & Field Championships,2015-05-13,0.7,200,M
82,"James, Jamol",JR-3,Arizona State,20.96,Duel in the Desert- ASU vs ARIZONA,2015-05-01,-0.4,200,M
84,"Anumnu, Carlton",SO-2,Texas,20.97,Texas Invitational,2015-04-11,1.3,200,M
84,"McTear, Jamael",JR-3,Grambling,20.97,2015 SWAC Outdoor Championship,2015-04-24,2.2,200,M
84,"Strup, Chris",JR-3,Loyola (Ill.),20.97,2015 MVC Outdoor Track and Field Championships,2015-05-15,3.8,200,M
84,"Spooney, John",SR-4,Michigan,20.97,Virginia Challenge,2015-04-17,0.7,200,M
88,"Johnson, Tamarick",JR-3,Jackson State,20.98,2015 SWAC Outdoor Championship,2015-04-24,2.2,200,M
88,"Young, Jalen",SR-4,Rhode Island,20.98,Atlantic 10 Championships,2015-05-02,2.0,200,M
90,"Hass, Alexander",SR-4,Coastal Carolina,20.99,Tiger Track Classic 2015,2015-04-03,2.8,200,M
90,"Glastetter, Kevin",SR-4,Loyola (Ill.),20.99,2015 MVC Outdoor Track and Field Championships,2015-05-15,3.8,200,M
92,"Collins, Leshon",JR-3,Houston,21.00,Mt. SAC Relays,2015-04-16,2.3,200,M
92,"Smith, Darius",JR-3,SIU-Edwardsville,21.00,Ohio Valley Conference Championships,2015-05-15,1.1,200,M
92,"Johnson, Anthony",JR-3,Texas State,21.00,Bobcat Classic,2015-04-25,2.3,200,M
95,"Powell, Leon",FR-1,UCLA,21.01,Pac-12 Track & Field Championships,2015-05-15,-0.1,200,M
95,"Giesting, Christopher",SR-4,Notre Dame,21.01,ACC Outdoor Track & Field Championships,2015-05-14,1.8,200,M
95,"Gabriel, Caleb",SO-2,N. Carolina A&T,21.01,2015 Aggie Last Chance,2015-05-17,1.9,200,M
95,"Buckley, William",SO-2,Appalachian State,21.01,Sun Belt Outdoor Track and Field Championships,2015-05-08,1.0,200,M
95,"Daniel, Rosen",JR-3,Abilene Christian,21.01,John Jacobs Invitational,2015-04-17,1.6,200,M
100,"Saucer, Vinnie",SO-2,Iowa,21.02,Musco Invitational,2015-05-02,2.5,200,M
1,"Norman, Michael",SO-2,USC,19.84,2018 Pac-12 Track & Field Championships,2018-05-12,2.8,200,M
2,"Ewers, Andre",JR-3,Florida State,19.98,ACC Outdoor Championships,2018-05-10,2.3,200,M
3,"Titi, Ncincilili",SR-4,South Carolina,20.00,USC Open,2018-04-21,1.9,200,M
4,"Hall, Elijah",SR-4,Houston,20.11,Home Depot Clyde Littlefield Texas Relays,2018-03-28,1.6,200,M
5,"Oduduru, Divine",SO-2,Texas Tech,20.13,Big 12 Conference Outdoor Track and Field Championships,2018-05-11,1.3,200,M
6,"Williams, Kendal",JR-3,Georgia,20.15,SEC Outdoor Track and Field Championships,2018-05-11,0.8,200,M
7,"Flournoy, Jaron",JR-3,LSU,20.23,LSU Invitational,2018-04-28,3.5,200,M
8,"Bacon, Jaylen",SR-4,Arkansas State,20.25,Sun Belt Outdoor Track and Field Championships,2018-05-11,1.5,200,M
8,"Williams, Mustaqeem",JR-3,Tennessee,20.25,SEC Outdoor Track and Field Championships,2018-05-11,0.8,200,M
10,"Gillespie, Cravon",JR-3,Oregon,20.26,2018 Pac-12 Track & Field Championships,2018-05-12,2.8,200,M
11,"Morris, Julius",SR-4,Western Kentucky,20.32,2018 Conference USA Outdoor Track & Field Championships,2018-05-10,0.1,200,M
12,"Walter, Keitavious",JR-3,Alabama,20.33,SEC Outdoor Track and Field Championships,2018-05-11,0.8,200,M
13,"Jefferson, Chris",JR-3,Sam Houston St.,20.37,Southland Conference Outdoor Track & Field Championships,2018-05-04,0.1,200,M
14,"Harrison, Eric",FR-1,Ohio State,20.39,Big Ten Championships,2018-05-11,-0.3,200,M
14,"Allen, Nathon",SO-2,Auburn,20.39,Tiger Track Classic 2018,2018-04-13,2.1,200,M
16,"Laird, Terrance",FR-1,Penn State,20.41,Florida Relays,2018-03-29,0.9,200,M
17,"Rowe, Rodney",JR-3,N. Carolina A&T,20.42,MEAC Outdoor Track & Field Championships,2018-05-03,2.6,200,M
18,"Reese, Riak",SR-4,Kent State,20.43,Florida Relays,2018-03-29,0.9,200,M
19,"Quinn, Devin",JR-3,Illinois,20.45,Ole Miss Classic,2018-03-31,1.5,200,M
20,"Peebles, Dylan",SO-2,North Carolina St.,20.46,UF Tom Jones Memorial,2018-04-13,3.1,200,M
20,"Resais , Cliff",SR-4,SE Louisiana,20.46,Southland Conference Outdoor Track & Field Championships,2018-05-04,0.1,200,M
22,"James, Amir",SR-4,Northwestern St.,20.47,Southland Conference Outdoor Track & Field Championships,2018-05-04,0.1,200,M
23,"Montgomery, Kahmari",JR-3,Houston,20.48,The American Outdoor Track & Field Championships,2018-05-11,-0.4,200,M
23,"Burke, Mario",JR-3,Houston,20.48,The American Outdoor Track & Field Championships,2018-05-11,-0.4,200,M
25,"Smith, Terrell",SR-4,Kansas State,20.49@,Texas Tech Corky/Crofoot Shootout,2018-04-27,1.0,200,M
26,"Hudson, Andrew",JR-3,Texas Tech,20.51,Big 12 Conference Outdoor Track and Field Championships,2018-05-11,2.9,200,M
26,"Girk, Ryan",SR-4,Grand Canyon,20.51,Western Athletic Conference Outdoor Track and Field Champion,2018-05-09,3.3,200,M
26,"Guevara, Asa",SR-4,UTEP,20.51,2018 Desert Heat Classic,2018-04-28,0.8,200,M
29,"Igbokwe, Obi",JR-3,Arkansas,20.52,SEC Outdoor Track and Field Championships,2018-05-11,3.3,200,M
29,"Cotton, Kenzo",SR-4,Arkansas,20.52,SEC Outdoor Track and Field Championships,2018-05-11,2.0,200,M
31,"Richard, Tyrell",JR-3,South Carolina St.,20.53,MEAC Outdoor Track & Field Championships,2018-05-03,2.6,200,M
31,"Larkins, Micah",JR-3,Northwestern St.,20.53,Southland Conference Outdoor Track & Field Championships,2018-05-04,0.1,200,M
33,"Patterson, Shannon",JR-3,North Carolina St.,20.54,ACC Outdoor Championships,2018-05-10,2.3,200,M
34,"Devonish, Anderson",SR-4,Illinois State,20.55,2018 MVC Outdoor Track & Field Championships,2018-05-11,1.4,200,M
34,"Gray, Nick",JR-3,Ohio State,20.55,Big Ten Championships,2018-05-11,-0.3,200,M
34,"Kemp, Demek",JR-3,South Carolina St.,20.55,USC Open,2018-04-21,1.4,200,M
37,"West, McKinely",JR-3,Southern Miss.,20.56,2018 Conference USA Outdoor Track & Field Championships,2018-05-10,0.1,200,M
37,"McConico, Kwantreyl",JR-3,Tennessee,20.56,Florida Relays,2018-03-29,1.6,200,M
39,"Howell, Renard",SR-4,LSU,20.57,LSU Invitational,2018-04-28,3.5,200,M
39,"James, Tre",SO-2,Southern Utah,20.57,Big Sky Outdoor Track & Field Championships,2018-05-08,2.0,200,M
41,"Shinnick, Zach",FR-1,USC,20.58,USC Power 5 Challenge,2018-03-23,1.0,200,M
42,"Mosby, Correion",JR-3,LSU,20.59,LSU Invitational,2018-04-28,2.8,200,M
42,"Hayes, Jared",FR-1,Troy,20.59,Sun Belt Outdoor Track and Field Championships,2018-05-11,1.5,200,M
44,"Woodard, Antonio",SO-2,Iowa,20.61,2018 Willie Williams Classic - College/Open,2018-03-16,2.4,200,M
44,"St Hillaire, Dwight",FR-1,Kentucky,20.61,Florida Relays,2018-03-29,2.3,200,M
44,"Willis, Maxwell",SO-2,Baylor,20.61,Big 12 Conference Outdoor Track and Field Championships,2018-05-11,1.9,200,M
47,"Harris, Micaiah",FR-1,Texas,20.62,Big 12 Conference Outdoor Track and Field Championships,2018-05-11,2.9,200,M
47,"Williams, Waseem",SO-2,Purdue,20.62,2018 Louisville Invitational,2018-04-13,2.0,200,M
49,"Amoah, Joseph",SO-2,Coppin State,20.63,MEAC Outdoor Track & Field Championships,2018-05-03,2.9,200,M
49,"Okeze, Charles",JR-3,Arkansas-Little Rock,20.63,ASU Red Wolf Open,2018-04-20,2.8,200,M
51,"Kowalchuk, Karson",SO-2,Miss State,20.64,SEC Outdoor Track and Field Championships,2018-05-11,2.9,200,M
51,"Sani-Brown, Hakim",FR-1,Florida,20.64,National Relay Championships,2018-04-27,1.4,200,M
53,"Moffett, Malik",SR-4,Penn State,20.65,Big Ten Championships,2018-05-11,-0.3,200,M
54,"Timpson, Jr, Michael",JR-3,Florida,20.66,UF Tom Jones Memorial,2018-04-13,3.1,200,M
55,"Lamb, Cordell",SR-4,Clemson,20.67,ACC Outdoor Championships,2018-05-10,0.3,200,M
55,"Maguranyanga, Kundai",FR-1,Drake,20.67,2018 MVC Outdoor Track & Field Championships,2018-05-11,1.4,200,M
57,"Ross, Elijah",SR-4,Arkansas State,20.68,Sun Belt Outdoor Track and Field Championships,2018-05-11,1.5,200,M
58,"Flowers, Darrion",JR-3,TCU,20.69,Big 12 Conference Outdoor Track and Field Championships,2018-05-11,1.3,200,M
59,"Davis, Josh",JR-3,Alabama State,20.70,SWAC Outdoor Track and Field Championship,2018-05-04,0.0,200,M
59,"Johnson, Jabari",SO-2,Appalachian State,20.70,Sun Belt Outdoor Track and Field Championships,2018-05-11,1.5,200,M
59,"Smith, Xavier",SR-4,Penn State,20.70,Big Ten Championships,2018-05-11,-1.1,200,M
62,"Jones-Roundtree, Ade",FR-1,Pittsburgh,20.71,ACC Outdoor Championships,2018-05-10,2.3,200,M
62,"Williams, Jordan",SO-2,Bethune-Cookman,20.71,MEAC Outdoor Track & Field Championships,2018-05-03,1.9,200,M
62,"Matiyenga, Tinotenda",FR-1,TCU,20.71,Big 12 Conference Outdoor Track and Field Championships,2018-05-11,2.9,200,M
65,"London, Wil",JR-3,Baylor,20.72,Texas Invitational,2018-04-13,2.5,200,M
66,"Walker , Jelani",FR-1,Kentucky,20.73,Florida Relays,2018-03-29,3.6,200,M
66,"Trimble, Jamiel",SR-4,Air Force,20.73,Home Depot Clyde Littlefield Texas Relays,2018-03-28,1.6,200,M
66,"Clark, Ryan",JR-3,Florida,20.73,SEC Outdoor Track and Field Championships,2018-05-11,1.7,200,M
66,"Persiado, Imri",SO-2,Memphis,20.73,ASU Red Wolf Open,2018-04-20,2.8,200,M
70,"Hislop, Akanni",SO-2,LSU,20.74,Miami Hurricane Collegiate Invitational,2018-04-14,0.2,200,M
71,"Richemond, Alexander",SR-4,Southern Miss.,20.75,2018 Conference USA Outdoor Track & Field Championships,2018-05-10,0.1,200,M
72,"Waters, Juston",SR-4,Miss State,20.76,Mississippi State Bulldog Relays,2018-03-23,0.7,200,M
72,"Strother, Nathan",SR-4,Tennessee,20.76,National Relay Championships,2018-04-27,1.6,200,M
74,"Thompson, Jahnoy",JR-3,LSU,20.77,Miami Hurricane Collegiate Invitational,2018-04-14,0.2,200,M
75,"Stewart, Trevor",FR-1,N. Carolina A&T,20.78,MEAC Outdoor Track & Field Championships,2018-05-03,2.6,200,M
75,"DeMoss, Davon",JR-3,Memphis,20.78,The American Outdoor Track & Field Championships,2018-05-11,0.3,200,M
77,"Hazel, Warren",SR-4,Southern Illinois,20.81,2018 MVC Outdoor Track & Field Championships,2018-05-11,1.4,200,M
77,"Cunningham, Quashawn",JR-3,North Carolina St.,20.81,UF Tom Jones Memorial,2018-04-13,2.0,200,M
79,"Lewis, Gordon",FR-1,N.C. Central,20.82,MEAC Outdoor Track & Field Championships,2018-05-03,1.9,200,M
80,"Daniel, Rieker",FR-1,Oregon,20.83,2018 Desert Heat Classic,2018-04-28,0.8,200,M
80,"Dickson, Michael",JR-3,N. Carolina A&T,20.83,MEAC Outdoor Track & Field Championships,2018-05-03,1.8,200,M
82,"Alexander, Nicholas",FR-1,Houston,20.84,Tom Tellez Invitational,2018-05-04,1.1,200,M
82,"Ford, Alize",SO-2,Alabama,20.84,UF Tom Jones Memorial,2018-04-13,1.4,200,M
84,"Michael-Khensu, Jabari",SO-2,Pittsburgh,20.85,ACC Outdoor Championships,2018-05-10,2.3,200,M
84,"Zapata, Alejandro",JR-3,Liberty,20.85,Liberty Twilight Qualifier,2018-05-02,3.3,200,M
84,"Slone, Taron",SR-4,Akron,20.85,Univ. of Akron - Campbell/Wright Open,2018-05-04,2.6,200,M
87,"Burrell, Cameron",SR-4,Houston,20.86,The American Outdoor Track & Field Championships,2018-05-11,-0.3,200,M
87,"Williams, Maj",FR-1,Arizona,20.86,40th Annual Aztec Open,2018-03-23,0.3,200,M
87,"Mokaleng, Derrick",SO-2,TCU,20.86,2018 TCU Invitational,2018-03-16,0.6,200,M
90,"Ejiakuekwu, Roy",JR-3,Arkansas,20.87,SEC Outdoor Track and Field Championships,2018-05-11,2.0,200,M
90,"Reddick, Brandon",SR-4,North Carolina,20.87,ACC Outdoor Championships,2018-05-10,2.3,200,M
90,"Salcido, Carlos",JR-3,New Mexico,20.87@,Texas Tech Masked Rider Invite,2018-05-05,0.2,200,M
93,"Green, DeTorrian",SR-4,Alabama A&M,20.88,SWAC Outdoor Track and Field Championship,2018-05-04,0.0,200,M
93,"Hill, Nigel",SR-4,Rhode Island,20.88,2018 Colonial Relays,2018-04-05,3.7,200,M
95,"Parmley, Tristan",SR-4,Indiana State,20.89,2018 MVC Outdoor Track & Field Championships,2018-05-11,1.4,200,M
95,"Henry, Ivan",JR-3,Kansas,20.89,Big 12 Conference Outdoor Track and Field Championships,2018-05-11,2.9,200,M
95,"Fife, Jonathan",SO-2,Michigan State,20.89,2018 Louisville Invitational,2018-04-13,2.0,200,M
98,"Barnum, Alexander",SO-2,USC,20.90,UCLA vs. USC Dual,2018-04-29,1.0,200,M
98,"Rogers, Calvary",JR-3,Penn,20.90,Tennessee Relays,2018-04-12,1.5,200,M
98,"Hartley, Jaron",SR-4,Kansas,20.90,39th Sun Angel Classic,2018-04-05,1.1,200,M
1,"Mitchell-Blake, Nethaneel",JR-3,LSU,19.95,SEC Championships,2016-05-12,0.4,200,M
2,"Hester, Tevin",SR-4,Clemson,20.13,ACC Championships,2016-05-13,0.9,200,M
3,"Howell, Renard",JR-3,LSU,20.15,SEC Championships,2016-05-12,0.4,200,M
4,"Ali, Ahmed",SR-4,Alabama,20.16,Florida Relays,2016-03-31,2.0,200,M
5,"Hall, Arman",SR-4,Florida,20.33,SEC Championships,2016-05-12,3.4,200,M
6,"Jenkins, Devin",SR-4,Texas A&M,20.39,37th Annual Sun Angel Classic,2016-04-08,0.5,200,M
6,"Belcher, Christopher",JR-3,N. Carolina A&T,20.39,MEAC Outdoor Track & Field Championships,2016-05-05,1.2,200,M
8,"Coleman, Christian",SO-2,Tennessee,20.42,SEC Championships,2016-05-12,1.5,200,M
9,"Henderson, Kahlil",JR-3,Auburn,20.43,SEC Championships,2016-05-12,0.4,200,M
9,"Collins, Leshon",SR-4,Houston,20.43,The American Outdoor Track & Field Championships,2016-05-12,0.1,200,M
11,"Bailey Jr., Aldrich",JR-3,Texas,20.44,Texas Invitational,2016-04-16,0.3,200,M
11,"Smith, Terrell",SO-2,Kansas State,20.44,John McDonnell Invitational,2016-04-22,2.8,200,M
13,"Washington, Marqueze",SR-4,Arkansas,20.49,John McDonnell Invitational,2016-04-22,2.8,200,M
14,"Mutanga, Tinashe",JR-3,LSU,20.50,Texas Invitational,2016-04-16,2.4,200,M
14,"Rodney, Brendon",SR-4,LIU Brooklyn,20.50,Northeast Conference Championship,2016-05-07,3.4,200,M
14,"Acy, Tremayne",JR-3,LSU,20.50,LSU Alumni Gold,2016-04-23,2.5,200,M
17,"Gray, Nick",FR-1,Ohio State,20.51,LSU Battle on the Bayou,2016-04-09,3.9,200,M
18,"Flournoy, Jaron",FR-1,LSU,20.53,LSU Alumni Gold,2016-04-23,3.6,200,M
18,"Givans, Senoj-Jay",JR-3,Texas,20.53,Texas Invitational,2016-04-16,0.3,200,M
20,"Carnes, Brandon",JR-3,Northern Iowa,20.54,2016 MVC Outdoor Track and Field Championships,2016-05-13,2.8,200,M
21,"Lawson, Jarrion",SR-4,Arkansas,20.56,SEC Championships,2016-05-12,1.5,200,M
21,"Trimble, Jamiel",SO-2,Air Force,20.56,Mountain West Championships,2016-05-11,1.4,200,M
21,"Williams, Cameron",JR-3,Boston U.,20.56,Patriot League Outdoor Track & Field Championships,2016-05-06,0.0,200,M
24,"Harrington, James",SR-4,Iowa,20.57,Texas Invitational,2016-04-16,0.3,200,M
24,"McGee, Bentrell",SR-4,Jackson State,20.57,2016 SWAC Outdoor Championship,2016-05-06,-0.6,200,M
26,"Bluth, Parker",SR-4,Utah State,20.59@,Weber State Twilight Meet 2016,2016-05-04,-1.1,200,M
26,"Clark, Ryan",FR-1,Florida,20.59,Florida Relays,2016-03-31,2.0,200,M
28,"White, Malcolm",SO-2,Nebraska,20.60,Big Ten Conference Outdoor Track & Field Championships,2016-05-13,1.2,200,M
29,"Morrow, Elijah",SO-2,Texas A&M,20.61,SEC Championships,2016-05-12,1.3,200,M
29,"Kerley, Fred",JR-3,Texas A&M,20.61,Baldy Castillo Invitational,2016-03-18,1.3,200,M
31,"Smith, Teray",JR-3,Auburn,20.63,Texas Invitational,2016-04-16,0.3,200,M
31,"Morris, Julius",SO-2,Western Kentucky,20.63,Conference USA Championship,2016-05-12,0.3,200,M
31,"Washington, Josh",JR-3,Arkansas,20.63,John McDonnell Invitational,2016-04-22,2.8,200,M
34,"Freeman, Maurice",JR-3,Georgia,20.64,Florida Relays,2016-03-31,2.4,200,M
34,"Baker, Ronnie",SR-4,TCU,20.64,UF Tom Jones Memorial,2016-04-22,0.2,200,M
36,"Taylor, Nicholas",SR-4,Utah Valley,20.65,Mt. SAC Relays,2016-04-14,2.2,200,M
37,"Cunningham, Quashawn",SO-2,North Carolina St.,20.67,ACC Championships,2016-05-13,0.9,200,M
37,"Williams, Mustaqeem",FR-1,Tennessee,20.67,Seminole Invitational,2016-04-15,2.0,200,M
39,"Watts, Sam",SR-4,TCU,20.68,UF Tom Jones Memorial,2016-04-22,-0.2,200,M
39,"Titi, Ncincilili",SO-2,South Carolina,20.68,Florida Relays,2016-03-31,2.0,200,M
39,"Allen, Devon",SO-2,Oregon,20.68,Oregon Relays,2016-04-15,1.4,200,M
42,"Barnes, William",SR-4,Kent State,20.69,Akron - Cambell/Wright Open,2016-05-06,1.8,200,M
43,"Bowens, Nic",SR-4,Utah State,20.70,Mountain West Championships,2016-05-11,2.2,200,M
44,"James, Amir",SO-2,Northwestern St.,20.71,Southland Conference Outdoor Track & Field Championships,2016-05-06,1.9,200,M
44,"Eliphar, Alton",JR-3,FIU,20.71,Conference USA Championship,2016-05-12,0.3,200,M
46,"Anumnu, Charles",JR-3,Texas,20.72,LSU Alumni Gold,2016-04-23,2.5,200,M
47,"Moffett, Malik",SO-2,Penn State,20.73,Big Ten Conference Outdoor Track & Field Championships,2016-05-13,2.3,200,M
48,"Bacon, Jaylen",SO-2,Arkansas State,20.75,Sun Belt Conference Outdoor Track & Field Championships,2016-05-13,0.5,200,M
48,"Burrell, Cameron",SO-2,Houston,20.75,The American Outdoor Track & Field Championships,2016-05-12,0.1,200,M
50,"Jenkins, Raytez",SO-2,Georgia,20.77,Virginia Challenge,2016-04-22,-1.0,200,M
50,"Rocha, Rodrigo",SR-4,Miss State,20.77,Florida Relays,2016-03-31,2.4,200,M
52,"McTear, Jamael",SR-4,Grambling,20.78,SHSU Last Chance,2016-05-14,1.0,200,M
53,"Ways, Ceo",JR-3,North Carolina,20.79,ACC Championships,2016-05-13,0.9,200,M
54,"Montgomery, Kahmari",FR-1,Missouri,20.80,Florida Relays,2016-03-31,2.4,200,M
54,"Scott, Rafael",SO-2,South Alabama,20.80,Sun Belt Conference Outdoor Track & Field Championships,2016-05-13,0.5,200,M
56,"Dasor, Emmanuel",SR-4,Western Kentucky,20.81,Conference USA Championship,2016-05-12,0.3,200,M
56,"Mclin, Khai",FR-1,Campbell,20.81,Big South Outdoor Track & Field Championships,2016-05-10,-0.1,200,M
58,"Hicks, Jermey",JR-3,Louisiana Tech,20.82,Conference USA Championship,2016-05-12,0.3,200,M
58,"Fisher, James",JR-3,Northern Arizona,20.82,Jim Click Shootout,2016-04-09,2.0,200,M
58,"Winters, Jr, David",JR-3,South Carolina,20.82,SEC Championships,2016-05-12,1.9,200,M
61,"Brissett, Christian",FR-1,Iowa,20.83,Jim Click Shootout,2016-04-09,2.0,200,M
62,"Tsumba, Tatenda",JR-3,BYU,20.84@,2016 BYU Cougar Invitational,2016-05-12,0.0,200,M
62,"Martin, Jacarias",FR-1,Houston,20.84,Mt. SAC Relays,2016-04-14,2.2,200,M
62,"Pitts, Jamal",JR-3,Florida State,20.84,Seminole Invitational,2016-04-15,0.8,200,M
65,"Ceneus, Randall",FR-1,Auburn,20.85,SEC Championships,2016-05-12,1.5,200,M
65,"Woodson, Markesh",SR-4,Missouri,20.85,SEC Championships,2016-05-12,1.3,200,M
67,"Bynum, Anthony",SR-4,Charlotte,20.86,Charlotte 49er Classic,2016-03-17,1.2,200,M
68,"Sears, Ventavius",JR-3,Western Kentucky,20.87,Conference USA Championship,2016-05-12,0.3,200,M
68,"Porter, Demarcus",SO-2,Texas State,20.87,Sun Belt Conference Outdoor Track & Field Championships,2016-05-13,0.3,200,M
68,"Burke, Mario",FR-1,Houston,20.87,The American Outdoor Track & Field Championships,2016-05-12,0.1,200,M
71,"Morgan Jr, Ricky",SO-2,USC,20.88,UCLA vs. USC Dual Meet,2016-05-01,1.7,200,M
71,"Lewis, Reggie",SR-4,Arizona State,20.88,37th Annual Sun Angel Classic,2016-04-08,0.5,200,M
71,"Jenkins, Justin",SR-4,Sam Houston St.,20.88,Texas State Bobcat Invitational,2016-03-31,3.6,200,M
71,"Richards III, Joseph",SR-4,Texas Tech,20.88@,Texas Tech Open,2016-03-24,1.3,200,M
75,"Larry, Lorenzo",JR-3,Wisconsin,20.89,Big Ten Conference Outdoor Track & Field Championships,2016-05-13,1.2,200,M
75,"Blakely, Anthony",SR-4,Arkansas,20.89,John McDonnell Invitational,2016-04-22,2.8,200,M
77,"Smith, Thaddeus",FR-1,Cal St. Fullerton,20.90,Mt. SAC Relays,2016-04-14,2.7,200,M
77,"Cotton, Kenzo",SO-2,Arkansas,20.90,Arkansas Twilight,2016-05-06,-0.7,200,M
77,"White, Jesse",SR-4,BYU,20.90@,2016 BYU Cougar Invitational,2016-05-12,0.0,200,M
77,"McBride, Elroy",SR-4,Texas Tech,20.90@,Texas Tech Masked Rider Open,2016-05-06,2.6,200,M
81,"Dotson, Malcolm",FR-1,Purdue,20.91,Big Ten Conference Outdoor Track & Field Championships,2016-05-13,4.0,200,M
81,"Okoye, Jon",SR-4,Georgia,20.91,Spec Towns Invitational 2016,2016-04-08,1.4,200,M
81,"Lloyd, Antoine",SO-2,Nebraska,20.91,Big Ten Conference Outdoor Track & Field Championships,2016-05-13,2.3,200,M
84,"Devonish, Anderson",JR-3,Illinois State,20.93,2016 MVC Outdoor Track and Field Championships,2016-05-13,3.5,200,M
84,"Rowe, Rodney",FR-1,N. Carolina A&T,20.93,MEAC Outdoor Track & Field Championships,2016-05-05,1.2,200,M
86,"Chambers, Marcus",JR-3,Oregon,20.94,Oregon Relays,2016-04-15,1.4,200,M
86,"Bilderback, Zack",SR-4,Texas,20.94,Texas Invitational,2016-04-16,0.3,200,M
86,"Kennedy, Isiah",JR-3,Northern Arizona,20.94@,Big Sky Outdoor Track & Field Championships,2016-05-11,3.0,200,M
86,"Powell, Leon",SO-2,UCLA,20.94,UCLA vs. Texas A&M Dual Meet,2016-04-16,-1.8,200,M
86,"Robinson, Byron",JR-3,Texas,20.94,Texas Invitational,2016-04-16,1.4,200,M
86,"Dunkley, Fitzroy",SR-4,LSU,20.94,LSU Battle on the Bayou,2016-04-09,3.9,200,M
92,"Mustard, Alex",SO-2,Montana,20.95@,Big Sky Outdoor Track & Field Championships,2016-05-11,3.2,200,M
92,"Carter, Hanoj",JR-3,UL-Lafayette,20.95,Sun Belt Conference Outdoor Track & Field Championships,2016-05-13,0.7,200,M
92,"Rogers, Calvary",FR-1,Penn,20.95,Florida Relays,2016-03-31,2.4,200,M
92,"Brown, Izaiah",FR-1,Rutgers,20.95,Seminole Invitational,2016-04-15,0.8,200,M
96,"Smith, Xavier",SO-2,Penn State,20.96,Pepsi Invitational,2016-04-09,1.4,200,M
96,"Menchaca, Zach",FR-1,Cornell,20.96,Ivy League Outdoor Track & Field Championships,2016-05-07,0.3,200,M
96,"Watkins, Darius",SO-2,Virginia Tech,20.96,Miami Hurricane Invitational,2016-03-18,2.8,200,M
96,"Cheeks, Michael",JR-3,Clemson,20.96,ACC Championships,2016-05-13,0.9,200,M
96,"Gibson, Larry",SR-4,Cornell,20.96,Ivy League Outdoor Track & Field Championships,2016-05-07,1.4,200,M
1,"Hall-Thompson, Eli",JR-3,Houston,19.96,The American Outdoor Track & Field Championships,2017-05-12,2.1,200,M
2,"Coleman, Christian",JR-3,Tennessee,19.98,SEC Outdoor Track & Field Championships,2017-05-11,0.6,200,M
2,"Richards, Jereem",JR-3,Alabama,19.98,SEC Outdoor Track & Field Championships,2017-05-11,3.3,200,M
4,"Willis, Maxwell",FR-1,Baylor,20.07,Big 12 Outdoor Track & Field Championships,2017-05-12,3.4,200,M
5,"Mitchell-Blake, Nethaneel",SR-4,LSU,20.09,SEC Outdoor Track & Field Championships,2017-05-11,0.6,200,M
6,"Titi, Ncincilili",JR-3,South Carolina,20.14,Gamecock Invitational,2017-04-15,1.7,200,M
7,"Thymes, Just'N",SR-4,USC,20.24,39th Annual Aztec Invitational,2017-03-24,2.1,200,M
8,"Kerley, Fred",SR-4,Texas A&M,20.27,Roadrunner Invitational,2017-03-23,2.9,200,M
8,"King, Kyree",SR-4,Oregon,20.27,Pac-12 Championships,2017-05-13,2.8,200,M
10,"Bloomfield, Akeem",FR-1,Auburn,20.29,Texas Invitational,2017-04-14,2.8,200,M
11,"Williams, Kendal",SO-2,Georgia,20.30,SEC Outdoor Track & Field Championships,2017-05-11,0.6,200,M
12,"Carnes, Brandon",SR-4,Northern Iowa,20.31,Florida Relays,2017-03-30,2.2,200,M
12,"Washington, Josh",SR-4,Arkansas,20.31,SEC Outdoor Track & Field Championships,2017-05-11,2.3,200,M
14,"Bailey Jr., Aldrich",SR-4,Texas,20.33,Big 12 Outdoor Track & Field Championships,2017-05-12,4.0,200,M
15,"Bacon, Jaylen",JR-3,Arkansas State,20.35,Sun Belt Outdoor Track and Field Championships,2017-05-12,1.9,200,M
15,"Morris, Julius",JR-3,Western Kentucky,20.35@,2017 Conference USA Outdoor Track & Field Championship,2017-05-11,0.7,200,M
17,"Henderson, Kahlil",SR-4,Auburn,20.40,Texas Invitational,2017-04-14,2.8,200,M
17,"Trimble, Jamiel",JR-3,Air Force,20.40@,Mountain West Outdoor Track & Field Championships,2017-05-10,1.5,200,M
19,"Chambers, Marcus",SR-4,Oregon,20.43,Pac-12 Championships,2017-05-13,2.8,200,M
19,"Hudson, Andrew",SO-2,Texas Tech,20.43,38th Sun Angel Classic,2017-04-06,0.3,200,M
21,"Smith, Terrell",JR-3,Kansas State,20.44,Big 12 Outdoor Track & Field Championships,2017-05-12,4.0,200,M
22,"Smith, Teray",SR-4,Auburn,20.47,SEC Outdoor Track & Field Championships,2017-05-11,3.0,200,M
23,"Gayle, Steven",SR-4,Alabama,20.48,FSU Relays,2017-03-24,0.2,200,M
23,"Amoah, Joseph",FR-1,Coppin State,20.48,Weems Baskin Invitational,2017-03-24,3.3,200,M
25,"Acy, Tremayne",SR-4,LSU,20.49,LSU Alumni Gold,2017-04-22,0.8,200,M
26,"Morrow, Elijah",JR-3,Texas A&M,20.52,Roadrunner Invitational,2017-03-23,2.9,200,M
26,"Sourapas, Christian",SO-2,USC,20.52,Pac-12 Championships,2017-05-13,2.8,200,M
26,"Martin, Jacarias",SO-2,Houston,20.52,The American Outdoor Track & Field Championships,2017-05-12,2.1,200,M
26,"Burke, Mario",SO-2,Houston,20.52,The American Outdoor Track & Field Championships,2017-05-12,2.1,200,M
30,"Marshall, Deshawn",SR-4,Ohio State,20.53,Florida Relays,2017-03-30,2.2,200,M
31,"Cotton, Kenzo",JR-3,Arkansas,20.54,SEC Outdoor Track & Field Championships,2017-05-11,2.6,200,M
32,"Dasor, Emmanuel",SR-4,Western Kentucky,20.55,2017 WKU Hilltopper Relays,2017-04-07,1.9,200,M
33,"Flournoy, Jaron",SO-2,LSU,20.56,LSU Alumni Gold,2017-04-22,0.8,200,M
33,"James, Amir",JR-3,Northwestern St.,20.56,2017 TCU Invitational,2017-03-17,2.4,200,M
33,"Tsumba, Tatenda",SR-4,BYU,20.56@,2017 BYU Cougar Invitational,2017-05-12,0.0,200,M
36,"Belcher, Christopher",SR-4,N. Carolina A&T,20.59,MEAC Outdoor Championships,2017-05-04,-0.7,200,M
36,"Henry, Ivan",SO-2,Kansas,20.59,Big 12 Outdoor Track & Field Championships,2017-05-12,4.0,200,M
36,"Williams, Mustaqeem",SO-2,Tennessee,20.59,SEC Outdoor Track & Field Championships,2017-05-11,3.3,200,M
39,"Rowe, Rodney",SO-2,N. Carolina A&T,20.61,Florida Relays,2017-03-30,2.2,200,M
39,"Jefferson, Chris",SO-2,Sam Houston St.,20.61,Southland Conference Outdoor Championship,2017-05-12,1.7,200,M
41,"Oduduru, Divine",FR-1,Texas Tech,20.62,Michael Johnson Invitational,2017-04-22,2.7,200,M
42,"Ejiakuekwu, Roy",SO-2,Arkansas,20.63,SEC Outdoor Track & Field Championships,2017-05-11,3.3,200,M
43,"Williams, Cameron",SR-4,Boston U.,20.64,IC4A/ECAC Outdoor Track & Field Championships,2017-05-12,-1.0,200,M
43,"Fisher, Dusty",JR-3,Boise State,20.64@,Mountain West Outdoor Track & Field Championships,2017-05-10,1.5,200,M
43,"Igbokwe, Obi",SO-2,Arkansas,20.64,Baylor Invitational,2017-04-08,1.7,200,M
43,"Benjamin, Rai",SO-2,UCLA,20.64,Bob Larsen Distance Carnival/UCLA Legends Invite,2017-03-31,1.7,200,M
47,"Sears, Ventavius",SR-4,Western Kentucky,20.65@,2017 Conference USA Outdoor Track & Field Championship,2017-05-11,0.7,200,M
47,"DeMoss, Davon",SO-2,Memphis,20.65,The American Outdoor Track & Field Championships,2017-05-12,2.1,200,M
49,"Givans, Senoj-Jay",SR-4,Texas,20.67,LSU Alumni Gold,2017-04-22,0.1,200,M
49,"Carter, Hanoj",SR-4,UL-Lafayette,20.67,Sun Belt Outdoor Track and Field Championships,2017-05-12,1.9,200,M
51,"Anumnu, Charles",SR-4,Texas,20.68,Big 12 Outdoor Track & Field Championships,2017-05-12,4.0,200,M
52,"Gabriel, Caleb",SR-4,N. Carolina A&T,20.69,UF Tom Jones Memorial,2017-04-28,-0.5,200,M
53,"Green, DeTorrian",JR-3,Alabama A&M,20.70,2017 Aggie Last Chance,2017-05-14,0.2,200,M
53,"Mutanga, Tinashe",SR-4,LSU,20.70,SEC Outdoor Track & Field Championships,2017-05-11,3.0,200,M
53,"Gordon, Zach",SR-4,SE Missouri,20.70,OVC Outdoor Track & Field Championship,2017-05-11,3.7,200,M
56,"Davis, Josh",SO-2,Alabama State,20.71,War Eagle Invititaional,2017-04-21,0.5,200,M
57,"Gray, Nick",SO-2,Ohio State,20.72,2017 Jesse Owens University Classic,2017-04-21,3.1,200,M
58,"Winters, Jr, David",SR-4,South Carolina,20.73,SEC Outdoor Track & Field Championships,2017-05-11,2.3,200,M
59,"Brissett, Christian",SO-2,Iowa,20.75,Jim Click Shootout,2017-04-08,1.1,200,M
60,"Hicks, D'Khari",SR-4,Oral Roberts,20.76,The Summit League Outdoor Track & Field Championships,2017-05-11,3.0,200,M
60,"Morgan Jr, Ricky",JR-3,USC,20.76,Pac-12 Championships,2017-05-13,2.8,200,M
60,"Charleston, Cravont",FR-1,North Carolina St.,20.76,ACC Outdoor Track & Field Championships,2017-05-12,0.5,200,M
63,"Timpson, Jr, Michael",SO-2,Florida,20.77,Florida Relays,2017-03-30,2.2,200,M
64,"Carson, Cra'Vorkian",JR-3,Southern Miss.,20.78,Southern Miss Open,2017-04-28,1.8,200,M
64,"Clark, Ryan",SO-2,Florida,20.78,UF Tom Jones Memorial,2017-04-28,-0.5,200,M
66,"Mapps, Desmond",JR-3,Arkansas-Little Rock,20.79,Sun Belt Outdoor Track and Field Championships,2017-05-12,1.9,200,M
67,"Quinn, Devin",SO-2,Illinois,20.80,Illinois Twilight,2017-04-22,1.2,200,M
67,"Wilson, Malik",JR-3,Baylor,20.80,Baylor Invitational,2017-04-08,2.2,200,M
69,"Wilson, O'Shea",JR-3,Iowa,20.81,Jim Click Shootout,2017-04-08,1.1,200,M
69,"Page, Champ",SR-4,Ohio State,20.81,2017 Jesse Owens University Classic,2017-04-21,3.1,200,M
71,"Minor, Eli",JR-3,Western Kentucky,20.82@,2017 Conference USA Outdoor Track & Field Championship,2017-05-11,0.7,200,M
71,"Eiker, Josh",FR-1,Illinois,20.82,Illinois Twilight,2017-04-22,1.2,200,M
71,"Allen, Will",FR-1,Alabama,20.82,SEC Outdoor Track & Field Championships,2017-05-11,3.3,200,M
71,"Allen, Nathon",FR-1,Auburn,20.82,Tiger Track Classic,2017-04-07,0.6,200,M
71,"Lattin, Amere",SO-2,Houston,20.82,Cougar Spring Break Invitational,2017-03-16,3.3,200,M
76,"Powell, Leon",JR-3,UCLA,20.85,USC vs. UCLA,2017-04-29,0.9,200,M
76,"Lamb, Cordell",JR-3,Clemson,20.85,ACC Outdoor Track & Field Championships,2017-05-12,1.6,200,M
78,"Reece, Alex",SR-4,Weber State,20.86@,Utah/Weber State Spring Classic - Day 2,2017-04-08,3.5,200,M
78,"Anumnu, Carlton",SR-4,Texas,20.86,Longhorn Invitational,2017-04-28,3.4,200,M
78,"HEARD, Collin",SR-4,North Texas,20.86,Texas State Bobcat Classic,2017-04-28,2.3,200,M
81,"Horton, Hakeem",SO-2,East Carolina,20.87,The American Outdoor Track & Field Championships,2017-05-12,2.1,200,M
81,"Peebles, Dylan",FR-1,North Carolina St.,20.87,ACC Outdoor Track & Field Championships,2017-05-12,0.5,200,M
81,"Ceneus, Randall",SO-2,Auburn,20.87,FSU Relays,2017-03-24,0.2,200,M
84,"O'Neal, Devin",JR-3,Alabama State,20.88,Gamecock Invitational,2017-04-15,1.7,200,M
84,"Cheeks, Michael",SR-4,Clemson,20.88,ACC Outdoor Track & Field Championships,2017-05-12,0.5,200,M
84,"Hislop, Akanni",FR-1,LSU,20.88,SEC Outdoor Track & Field Championships,2017-05-11,3.0,200,M
87,"Harris, Mar'yea",SO-2,Iowa,20.89,Jim Click Shootout,2017-04-08,1.1,200,M
87,"Rodgers, Derrius",FR-1,Illinois State,20.89,Ole Miss/ Joe Walker Invitational,2017-03-24,-0.3,200,M
87,"Hazel, Warren",SO-2,Southern Illinois,20.89,2017 MVC Outdoor Track and Field Championships,2017-05-12,0.6,200,M
90,"Burrell, Cameron",JR-3,Houston,20.90,The American Outdoor Track & Field Championships,2017-05-12,2.1,200,M
90,"McGruder, Michael",JR-3,Arkansas-Little Rock,20.90,2017 Rhodes Invitational,2017-03-17,1.1,200,M
92,"Campbell, Keon",SR-4,Prairie View,20.91,SWAC Outdoor Championship,2017-05-05,0.8,200,M
92,"London, Wil",SO-2,Baylor,20.91@,Texas Tech Red Raider Shoot-Out,2017-04-28,3.4,200,M
92,"Rogers, Calvary",SO-2,Penn,20.91,Ivy League Outdoor Track & Field Championships,2017-05-06,2.6,200,M
92,"Walsh, Tahir",SR-4,Mid. Tenn. State,20.91@,2017 Conference USA Outdoor Track & Field Championship,2017-05-11,0.7,200,M
92,"Larry, Lorenzo",SR-4,Wisconsin,20.91,Jim Click Shootout,2017-04-08,1.1,200,M
97,"Webb, Kyle",SR-4,Purdue,20.92,Rankin/Poehlein Invitational,2017-04-21,2.1,200,M
97,"Warren, Lincoln",SO-2,Texas State,20.92,Texas State Bobcat Twilight,2017-04-21,3.2,200,M
97,"Brown, Clark",FR-1,BYU,20.92@,2017 BYU Cougar Invitational,2017-05-12,2.9,200,M
97,"Akerele, Omeiza",JR-3,Oral Roberts,20.92,The Summit League Outdoor Track & Field Championships,2017-05-11,1.6,200,M
