,TEAM,TIME,ATHLETES,MEET,MEET DATE,EVENT,GENDER
1,Florida,3:01.00,"Fasasi, Holloway, Sawyers, Vedel",Florida Relays,2018-03-29,4x400,M
2,Texas A&M,3:01.17,"Rose, Deadmon, Izu, Dixon",SEC Outdoor Track and Field Championships,2018-05-11,4x400,M
3,Houston,3:01.82,"Lattin, Burke, Burrell, Montgomery",Penn Relays,2018-04-26,4x400,M
4,LSU,3:01.98,"Thompson, Flournoy, Howell, Mosby",SEC Outdoor Track and Field Championships,2018-05-11,4x400,M
5,Texas A&M (B),3:02.19,"Kerley, Johnson, Izu, Dixon",Michael Johnson Invitational,2018-04-21,4x400,M
6,Texas A&M (C),3:02.43,"Kerley, Deadmon, Dixon, Izu",Rafer Johnson & Jackie Joyner-Kersee Invitational,2018-04-14,4x400,M
7,Texas A&M (D),3:02.74,"Deadmon, Johnson, Izu, Dixon",Home Depot Clyde Littlefield Texas Relays,2018-03-28,4x400,M
8,Texas Tech,3:02.82,"Oduduru, Jones, Hooper, Crisp",Michael Johnson Invitational,2018-04-21,4x400,M
9,Arkansas,3:03.36,"Stephen, Mowatt, Ejiakuekwu, Igbokwe",National Relay Championships,2018-04-27,4x400,M
10,Baylor,3:03.44,"Baldridge, Fields III, Dickson, London",National Relay Championships,2018-04-27,4x400,M
11,Auburn,3:03.52,"Coakley, Bloomfield, Tenkiang, Allen",Penn Relays,2018-04-26,4x400,M
12,TCU,3:03.74,"Flowers, Ogwo, Andrews, Mokaleng",National Relay Championships,2018-04-27,4x400,M
13,TCU (B),3:03.79,"Flowers, Mokaleng, Ogwo, McClanahan",Big 12 Conference Outdoor Track and Field Championships,2018-05-11,4x400,M
14,Iowa,3:04.38,"Hofacker, Woodard, Frye, Harris",Florida Relays,2018-03-29,4x400,M
15,Arkansas (B),3:04.45,"Mowatt, Ejiakuekwu, Woodhall, Igbokwe",SEC Outdoor Track and Field Championships,2018-05-11,4x400,M
16,TCU (C),3:04.54,"Andrews, Flowers, Mokaleng, McClanahan",Roadrunner Invitational,2018-03-22,4x400,M
16,Texas A&M (E),3:04.54,"Deadmon, Rose, Zamzow, Johnson",Roadrunner Invitational,2018-03-22,4x400,M
18,Miss State,3:04.61,"Castillo, Waters, Tatham, James",Penn Relays,2018-04-26,4x400,M
19,Rutgers,3:04.67,"Griffith, Madeus, Brown, Burgess",Penn Relays,2018-04-26,4x400,M
20,N. Carolina A&T,3:04.75,"Hamilton, Stewart, Harding, Dickson",MEAC Outdoor Track & Field Championships,2018-05-03,4x400,M
20,Tennessee,3:04.75,"Williams, Harris, Elion, Strother",SEC Outdoor Track and Field Championships,2018-05-11,4x400,M
22,Iowa (B),3:05.05,"Frye, Hofacker, Thompson, Harris",2018 Drake Relays presented by Hy-Vee,2018-04-25,4x400,M
23,Clemson,3:05.11,"Lamb, Tolbert, Lewis, Green",Home Depot Clyde Littlefield Texas Relays,2018-03-28,4x400,M
24,Penn State,3:05.13,"Miner, Smith, Reiser, Harris",Penn Relays,2018-04-26,4x400,M
25,Florida (B),3:05.22,"Vedel, Sawyers, Poole, Johnson",FSU Relays,2018-03-23,4x400,M
26,Texas Tech (B),3:05.28,"Grimes, Crisp, Mathis, Jones",Big 12 Conference Outdoor Track and Field Championships,2018-05-11,4x400,M
27,Texas A&M (F),3:05.32,"Rose, Tucker, Dixon, Johnson",LSU Invitational,2018-04-28,4x400,M
28,Baylor (B),3:05.41,"Willis, Fields III, Dickson, Musgrove",Big 12 Conference Outdoor Track and Field Championships,2018-05-11,4x400,M
29,Kansas,3:05.65,"Henry, Cole, Hoppel, Daniels",Big 12 Conference Outdoor Track and Field Championships,2018-05-11,4x400,M
30,Stanford,3:05.76,"Kurtz, Brandt-Sims, Navarro, Body",National Relay Championships,2018-04-27,4x400,M
31,Minnesota,3:05.78,"Webb, Baker, Psicihulis, Wellenstein",39th Sun Angel Classic,2018-04-05,4x400,M
32,Western Kentucky,3:06.15,"Alexandre, Minor, Villaman, Gates",2018 Conference USA Outdoor Track & Field Championships,2018-05-10,4x400,M
33,Miss State (B),3:06.38,"Brockman, III, Tatham, James, Waters",Tennessee Relays,2018-04-12,4x400,M
34,Texas Tech (C),3:06.41,"Hudson, Jones, Crisp, Grimes",39th Sun Angel Classic,2018-04-05,4x400,M
35,Bethune-Cookman,3:06.51,"Williams, Moore, Jackson, Okwaraji",MEAC Outdoor Track & Field Championships,2018-05-03,4x400,M
36,UTSA,3:06.69,"Crocker, Jefferson, Taylor, Sheriff",2018 Conference USA Outdoor Track & Field Championships,2018-05-10,4x400,M
37,Ohio State,3:06.72,"Bramwell, Cooper, Burke, Jeff",UCF Black and Gold Challenge,2018-03-16,4x400,M
38,Ohio State (B),3:06.78,"Burke, McKinney, Jeff, Bramwell",2018 Drake Relays presented by Hy-Vee,2018-04-25,4x400,M
39,USC,3:06.86,"Morgan Jr, Norman, Ford, Benjamin",UCLA vs. USC Dual,2018-04-29,4x400,M
40,Charlotte,3:06.87,"Menzel, Dula, Sweezer, Woodard",2018 Conference USA Outdoor Track & Field Championships,2018-05-10,4x400,M
41,Oregon,3:06.90,"Harvey, Emilien, Stone, Ng",Mt. SAC Relays,2018-04-19,4x400,M
42,Nebraska,3:06.94,"Neal, Lucy, Mohammed, Bransby",Kansas Relays,2018-04-18,4x400,M
43,Clemson (B),3:06.95,"Lamb, Gordon, Lewis, Green",Penn Relays,2018-04-26,4x400,M
44,Kansas (B),3:06.97,"Henry, Hartley, Cole, Hoppel",Kansas Relays,2018-04-18,4x400,M
45,Miss State (C),3:07.01,,Florida Relays,2018-03-29,4x400,M
45,Florida (C),3:07.01,"Fasasi, Holloway, Clark, Hill",FSU Relays,2018-03-23,4x400,M
47,North Carolina,3:07.03,"Johnson, Palmer, Cachon, Selmon",Virginia Grand Prix,2018-04-28,4x400,M
48,Western Kentucky (B),3:07.10,"Morris, Minor, Alexandre, Gates",Florida Relays,2018-03-29,4x400,M
49,Iowa State,3:07.32,"Berry, Fogltanz, Roomes, Dennison",Big 12 Conference Outdoor Track and Field Championships,2018-05-11,4x400,M
50,Air Force,3:07.33,"Walden, Dicken, White, Koss",Home Depot Clyde Littlefield Texas Relays,2018-03-28,4x400,M
51,UT-Arlington,3:07.34,"Mitchell, Martinsson, Wallace, Seastrunk",Home Depot Clyde Littlefield Texas Relays,2018-03-28,4x400,M
52,Arizona,3:07.37,"Williams, Egbo, Villarreal, Hing",2018 Desert Heat Classic,2018-04-28,4x400,M
52,Texas A&M (G),3:07.37,"Rose, Johnson, Ellison, Deadmon",2018 Baldy Castillo Invitational,2018-03-16,4x400,M
54,Eastern Michigan,3:07.38,"Johnson, Underwood, Richardson, Brown",Tennessee Relays,2018-04-12,4x400,M
55,Tennessee (B),3:07.40,"McConico, Strother, Harris, Williams",Tennessee Relays,2018-04-12,4x400,M
56,Iowa (C),3:07.45,"Hofacker, Harris, Woodard, Clarke",Mt. SAC Relays,2018-04-19,4x400,M
57,Arizona (B),3:07.46,"Washington, Egbo, Sincukovs, Williams",2018 Pac-12 Track & Field Championships,2018-05-12,4x400,M
58,Oregon (B),3:07.57,"Harvey, Emilien, Daniel, Stone",2018 Pac-12 Track & Field Championships,2018-05-12,4x400,M
58,Iowa State (B),3:07.57,,2018 Cardinal Classic,2018-04-20,4x400,M
60,LSU (B),3:07.61,"Thompson, Mosby, Howell, Hislop",Home Depot Clyde Littlefield Texas Relays,2018-03-28,4x400,M
61,Illinois,3:07.64,"Haight, Allen, Deloye, Kendziera",2018 Drake Relays presented by Hy-Vee,2018-04-25,4x400,M
62,North Carolina (B),3:07.66,"Cachon, Palmer, Nicholls, Selmon",ACC Outdoor Championships,2018-05-10,4x400,M
63,Auburn (B),3:07.72,"Burks, Bloomfield, Tenkiang, Allen",Penn Relays,2018-04-26,4x400,M
64,Abilene Christian,3:07.75,"Williams, Brownlow, Williams, Linton",Southland Conference Outdoor Track & Field Championships,2018-05-04,4x400,M
65,Houston (B),3:07.81,"Lattin, Montgomery, Laverty, Jordan",Home Depot Clyde Littlefield Texas Relays,2018-03-28,4x400,M
66,Texas A&M (H),3:07.96,"Rose, Tucker, Zamzow, Hart",Michael Johnson Invitational,2018-04-21,4x400,M
67,Oklahoma State,3:07.97,"Donyinah, Singleton, Jackson, Green",Big 12 Conference Outdoor Track and Field Championships,2018-05-11,4x400,M
68,Pittsburgh,3:07.99,"Watson, Michael-Khensu, Jones-Roundtree, Feagin",ACC Outdoor Championships,2018-05-10,4x400,M
69,Hampton,3:08.05,"Garrett, Powell, Beatty, Williams",Florida Relays,2018-03-29,4x400,M
70,Illinois State,3:08.16,"Montgomery, Gage, Lyons, Devonish",2018 MVC Outdoor Track & Field Championships,2018-05-11,4x400,M
71,Rutgers (B),3:08.17,"Aris, Brown, Madeus, Burgess",Penn Relays,2018-04-26,4x400,M
72,Liberty,3:08.19,"Zapata, Todd, Jacobs, Durham",Big South Conference Outdoor Track and Field Championships,2018-05-09,4x400,M
73,Virginia,3:08.34,"Willis, Shirley, Outlaw, Lint",Virginia Challenge,2018-04-20,4x400,M
74,Northern Iowa,3:08.35,"Van Den Bergh, Frost, Smith, Long",Musco Twilight,2018-04-12,4x400,M
75,Rutgers (C),3:08.36,"Griffith, Aris, Madeus, Brown",Virginia Challenge,2018-04-20,4x400,M
76,Ohio State (C),3:08.38,"Bramwell, Gray, Cooper, Jeff",Tennessee Relays,2018-04-12,4x400,M
77,Pittsburgh (B),3:08.43,"Watson, Jones-Roundtree, Brosier, Feagin",Penn Relays,2018-04-26,4x400,M
78,Clemson (C),3:08.46,"Tolbert, Gordon, Lewis, Lamb",ACC Outdoor Championships,2018-05-10,4x400,M
79,Memphis,3:08.51,"DeMoss, Champlin, Pasley, Gunnarsson",Home Depot Clyde Littlefield Texas Relays,2018-03-28,4x400,M
80,Harvard,3:08.57,"Agyare-May, Marshall, Williamson, Hurst",Home Depot Clyde Littlefield Texas Relays,2018-03-28,4x400,M
81,Houston (C),3:08.62,"Lattin, Jordan, Alcorn, Montgomery",Penn Relays,2018-04-26,4x400,M
82,Iowa (D),3:08.67,"Frye, Lietz, Thompson, Hofacker",2018 Drake Relays presented by Hy-Vee,2018-04-25,4x400,M
83,Mid. Tenn. State,3:08.74,"Adedamola, Umoh, Torian, Sanders",Penn Relays,2018-04-26,4x400,M
83,Western Kentucky (C),3:08.74,"Hayden, Saruni, Villaman, Seged",Mt. SAC Relays,2018-04-19,4x400,M
85,Texas A&M (I),3:08.75,"Zamzow, Rose, Hart, Hernandez",Rafer Johnson & Jackie Joyner-Kersee Invitational,2018-04-14,4x400,M
86,Northern Iowa (B),3:08.81,"Hertz, Van Den Bergh, Smith, Frost",2018 MVC Outdoor Track & Field Championships,2018-05-11,4x400,M
86,Washington,3:08.81,"Santana, Mafilas, Thomas, Croson",2018 Pac-12 Track & Field Championships,2018-05-12,4x400,M
88,Texas State,3:08.85,"Valentine, Porter, Green, Warren",Sun Belt Outdoor Track and Field Championships,2018-05-11,4x400,M
89,Clemson (D),3:08.92,"Lamb, Gordon, Gordon, Green",Penn Relays,2018-04-26,4x400,M
89,Penn State (B),3:08.92,"Miner, Ross, Smith, Harris",Virginia Challenge,2018-04-20,4x400,M
91,Illinois (B),3:09.00,"Haight, Harris, Allen, Kendziera",2018 Drake Relays presented by Hy-Vee,2018-04-25,4x400,M
92,Arizona (C),3:09.04,"Egbo, Sincukovs, Hing, Williams",2018 Jim Click Shootout,2018-04-07,4x400,M
93,New Mexico,3:09.05@,"Parmoon, Salcido, Haywood, Gonzales",Texas Tech Masked Rider Invite,2018-05-05,4x400,M
94,Western Carolina,3:09.06,"Dale, Kiedy, Washington-Saun, Lamont",Southern Conference Outdoor Track & Field Championships,2018-05-10,4x400,M
95,Georgia Tech,3:09.08,"Brooks, Bartlett, Jean, Pietsch",ACC Outdoor Championships,2018-05-10,4x400,M
96,George Mason,3:09.10,"Christian, Benson, Pierre, Gomez",A-10 Championships,2018-05-05,4x400,M
97,UTEP,3:09.12@,"Guevara, Koech, Saruni, Smith",Don Kirby Tailwind Open,2018-04-07,4x400,M
98,VCU,3:09.15,"Aguolu, Shepard, Thompson, Harrison",A-10 Championships,2018-05-05,4x400,M
99,Indiana,3:09.22,"Muncherji, Kuhn, Williams, Harris",Big Ten Championships,2018-05-11,4x400,M
99,Memphis (B),3:09.22,"Champlin, DeMoss, Pasley, Persinger",Mississippi State Bulldog Relays,2018-03-23,4x400,M
1,Florida (A),2:59.73,"Glass, Graham, Jr, Dukes, Hall",Florida Relays,2014-04-03,4x400,M
2,Texas A&M (M),3:01.19,"Taplin, Bailey Jr., Roudette, Lendore",SEC Outdoor Championship,2014-05-15,4x400,M
3,Texas A&M (H),3:02.64,"Coleman, Hardy, Jr., Roudette, Lendore",LSU Alumni Gold,2014-04-19,4x400,M
4,Texas A&M (F),3:02.67,"Coleman, Hart, Roudette, Lendore",35th Sun Angel Track Classic,2014-04-11,4x400,M
5,LSU (A),3:02.81,"Downing, Bush, Grayson, Norwood",2014 Clyde Littlefield Texas Relays,2014-03-26,4x400,M
6,Florida (F),3:03.04,"Glass, Graham Jr, Uruburu, Dukes",SEC Outdoor Championship,2014-05-15,4x400,M
7,Pittsburgh (C),3:03.44,"Murray, Nkanata, Palmer, Spratling",Penn Relays,2014-04-24,4x400,M
8,Arkansas (D),3:03.89,"Lawson, Southard, McLeod, Braddy",2014 Drake Relays presented by Hy-Vee,2014-04-23,4x400,M
9,Illinois (C),3:04.24,"Zahn, McAsey, Allen, Pamilton",2014 Drake Relays presented by Hy-Vee,2014-04-23,4x400,M
10,LSU (D),3:04.33,"Downing, Grayson, Dunkley, Norwood",SEC Outdoor Championship,2014-05-15,4x400,M
11,Nebraska (G),3:04.39,"Wiseman, Ukaoma, Bender, Gipson",2014 Drake Relays presented by Hy-Vee,2014-04-23,4x400,M
12,Texas A&M (J),3:05.06,"Coleman, Hickey, Roudette, Lendore",Penn Relays,2014-04-24,4x400,M
13,Texas (F),3:05.13,"Irvin, Whyte, Givans, Bilderback",Penn Relays,2014-04-24,4x400,M
14,Baylor (F),3:05.20,"Duke, Holmes, Moore, Heriot",2014 Drake Relays presented by Hy-Vee,2014-04-23,4x400,M
15,North Carolina (D),3:05.46,"Alowonle, Lipsey, Donyinah, Ways",Florida Relays,2014-04-03,4x400,M
16,Western Kentucky (D),3:05.52,"Chamness, Dasor, Sears, Bailey",Mt. SAC Relays,2014-04-17,4x400,M
17,Georgia (B),3:05.73,"Freeman, White, Branch, Evans",Florida Relays,2014-04-03,4x400,M
18,Nebraska (E),3:05.76,"Gipson, Wiseman, Bender, Rush",Big Ten Outdoor Track & Field Championships,2014-05-16,4x400,M
19,TCU (F),3:05.81,"Jackson, Listenbee, Chambers, Baker",2014 Drake Relays presented by Hy-Vee,2014-04-23,4x400,M
20,Baylor (H),3:05.86,"Duke, Holmes, Seale, Heriot",2014 Drake Relays presented by Hy-Vee,2014-04-23,4x400,M
21,Notre Dame (A),3:05.94,"Giesting, Buchanon, Smith, Feeney",2014 Drake Relays presented by Hy-Vee,2014-04-23,4x400,M
21,Pittsburgh (E),3:05.94,"Nkanata, Murray, Ross, Spratling",ACC Outdoor Track & Field Championships,2014-04-17,4x400,M
23,Georgia (D),3:06.03,"Freeman, Branch, Evans, Glover",SEC Outdoor Championship,2014-05-15,4x400,M
24,Arizona State (B),3:06.12,"Cleveland, Henry, Spann, Collins",Mt. SAC Relays,2014-04-17,4x400,M
24,Arizona State (D),3:06.12,"Cleveland, Henry, Collins, Moore",35th Sun Angel Track Classic,2014-04-11,4x400,M
26,Georgia (C),3:06.17,"Freeman, White, Calhoun, Branch",2014 Drake Relays presented by Hy-Vee,2014-04-23,4x400,M
27,Nebraska (F),3:06.24,"Wiseman, Sanderfer, Bender, Gipson",2014 Drake Relays presented by Hy-Vee,2014-04-23,4x400,M
28,Pittsburgh (D),3:06.38,"Fuller, Nkanata, Murray, Spratling",Florida Relays,2014-04-03,4x400,M
29,Oregon (E),3:06.51,"Chambers, Delaney, Galpin, Berry",Penn Relays,2014-04-24,4x400,M
30,Eastern Michigan (C),3:06.54,"Elam, Bolton, Waynes, Brown",2014 Drake Relays presented by Hy-Vee,2014-04-23,4x400,M
31,TCU (E),3:06.57,"McSwain, Jackson, Chambers, Baker",Florida Relays,2014-04-03,4x400,M
32,Stephen F. Austin (A),3:06.60,"Hawkins, Crowder, Taylor, Brown-Stewart",2014 Clyde Littlefield Texas Relays,2014-03-26,4x400,M
33,Baylor (J),3:06.68@,"Holmes, Seale, Caddick, Heriot",Big 12 Outdoor Track and Field Championships,2014-05-16,4x400,M
34,Florida State (B),3:06.76,"Cherry, Russell, Locke, Harris",ACC Outdoor Track & Field Championships,2014-04-17,4x400,M
35,Mid. Tenn. State (D),3:06.83,"Hamilton, Palmer, Rutto, Tugumisirize",Tennessee Relays,2014-04-10,4x400,M
36,Texas A&M (K),3:06.94,"Hart, Hardy, Jr., Roudette, Lendore",Penn Relays,2014-04-24,4x400,M
37,Texas A&M (E),3:07.02,"Coleman, Hardy, Jr., Hernandez, Roudette",Stanford Invitational,2014-04-04,4x400,M
38,LSU (E),3:07.08,"Downing, Henderson, Dunkley, Grayson",LSU Invitational,2014-05-03,4x400,M
39,Alabama (B),3:07.09,"Davis, Amankwah, Lahbi, Taylor",SEC Outdoor Championship,2014-05-15,4x400,M
40,Arkansas (C),3:07.12,"Janise, Southard, Lawson, Braddy",2014 Drake Relays presented by Hy-Vee,2014-04-23,4x400,M
41,Kansas (C),3:07.19,"Stigler, Johnson, McCuin, Wilson",35th Sun Angel Track Classic,2014-04-11,4x400,M
42,Oregon (F),3:07.21,"Chambers, Allen, Galpin, Berry",Pac-12 Outdoor Track and Field Championships,2014-05-17,4x400,M
43,Hampton (D),3:07.35,"Okezie, Hutchison, Reddick-Simmons, Ibadin",Florida Relays,2014-04-03,4x400,M
44,Ohio State (C),3:07.37,"Austin, Bruton, Walker, Rispress",Big Ten Outdoor Track & Field Championships,2014-05-16,4x400,M
45,Mid. Tenn. State (C),3:07.44,"Hamilton, Palmer, Tugumisirize, Cadet",Tiger Classic 2014,2014-04-04,4x400,M
46,Kansas State (A),3:07.46@,"Campbell, Rodriguez, Otuonye, Jefferson",Big 12 Outdoor Track and Field Championships,2014-05-16,4x400,M
47,UTEP (D),3:07.48,"Horn, Mitchell, Camacho, Onakoya",2014 Drake Relays presented by Hy-Vee,2014-04-23,4x400,M
48,Alabama (D),3:07.61,"Davis, Batson, Efkamp, Amankwah",Jace LaCoste Invitational,2014-05-02,4x400,M
49,Miss State (B),3:07.66,"Moona, Hearn, James, II, McBride",2014 Clyde Littlefield Texas Relays,2014-03-26,4x400,M
50,Purdue (J),3:07.78,"Peart, Kendrick, Ikpefan, Mostert",2014 Drake Relays presented by Hy-Vee,2014-04-23,4x400,M
51,UTSA (G),3:07.80,"Smith, Hayes, Shelvin, Hall",Conference USA Outdoor Track & Field Championships,2014-05-15,4x400,M
52,TCU (B),3:07.80,"Collins, Watts, Chambers, Baker",2014 Clyde Littlefield Texas Relays,2014-03-26,4x400,M
53,George Mason (M),3:07.91,"Coburn, Vaughn, Johnson, Empty",2014 ECAC-IC4A Outdoor Championships,2014-05-16,4x400,M
54,Penn State (B),3:07.94,"Bennett-Green, Bennett-Green, Shisler, Robinson",Penn Relays,2014-04-24,4x400,M
55,Cornell (A),3:07.98,"Gibson, Hairston, Ojukwu, Hortelano-Roig",2014 Clyde Littlefield Texas Relays,2014-03-26,4x400,M
56,Maryland-Eastern Shore (G),3:08.18,"Spencer, Waite, Maylor, Chatmon",MEAC Outdoor Track & Field Championships,2014-05-01,4x400,M
57,Alabama (C),3:08.22,"Davis, Amankwah, Efkamp, Taylor",Alabama vs. Mississippi Border Clash,2014-04-11,4x400,M
58,Houston (F),3:08.27,"Boyd, Nolan, Fyffe, Charles",Mt. SAC Relays,2014-04-17,4x400,M
58,Baylor (I),3:08.27,"Holmes, Walker, Moore, Seale",Longhorn Invitational,2014-05-03,4x400,M
60,Mississippi (G),3:08.38,"Griffin, Morgan, Serrette, Young",LSU Invitational,2014-05-03,4x400,M
61,Minnesota (F),3:08.39,"Capek, Deng, Hechsel, Roese",2014 Drake Relays presented by Hy-Vee,2014-04-23,4x400,M
61,Long Beach St. (F),3:08.39,"McCloskey, Glasgow, Perez-Rogers, Lockett",2014 Drake Relays presented by Hy-Vee,2014-04-23,4x400,M
63,Stephen F. Austin (G),3:08.42,"Hawkins, Caudle, Taylor, Brown-Stewart",UCA Open,2014-04-18,4x400,M
64,BYU (H),3:08.50,"Yardley, Harper, Smith, Adams",Georgia Tech Invitational,2014-05-16,4x400,M
65,Coastal Carolina (F),3:08.55,"Lipscomb, Hackett-Greene, Hass, Brunson",Georgia Tech Invitational,2014-05-16,4x400,M
66,Penn State (C),3:08.57,"Bennett-Green, Bennett-Green, Shisler, Nadolsky",Penn Relays,2014-04-24,4x400,M
67,TCU (C),3:08.60,"McSwain, Watts, Chambers, Baker",2014 Clyde Littlefield Texas Relays,2014-03-26,4x400,M
68,Charlotte (E),3:08.62,"Bynum, Boyd, Livingston, Tate",Conference USA Outdoor Track & Field Championships,2014-05-15,4x400,M
69,Texas Tech (C),3:08.63,"Richards III, Extol, Brinn, Foster",ACU Wes Kittley Invitational,2014-04-12,4x400,M
70,Mississippi (E),3:08.66,"Griffin, Morgan, Serrette, Sherrer",SEC Outdoor Championship,2014-05-15,4x400,M
71,Baylor (D),3:08.67,"Duke, Holmes, Moore, Seale",Florida Relays,2014-04-03,4x400,M
72,Texas A&M (A),3:08.68,"Coleman, Hardy, Jr., Hickey, Roudette",UTSA Texas Challenge Invitational,2014-03-21,4x400,M
73,LIU Brooklyn (M),3:08.71,"Petit-Homme, Rodney, Walker-Khan, McLean",2014 ECAC-IC4A Outdoor Championships,2014-05-16,4x400,M
74,Hampton (A),3:08.73,"Black, Okezie, Ibadin, Hutchison",2014 ECAC-IC4A Outdoor Championships,2014-05-16,4x400,M
75,Loyola (Ill.) (G),3:08.89,"Wetzel, Abbott, Hayes, Glastetter",2014 MVC Outdoor Track & Field Championships,2014-05-16,4x400,M
75,Rhode Island (F),3:08.89,"Young, Gray, Nasso, Davidson",NEICAAA Outdoor Track & Field Championships,2014-05-08,4x400,M
77,LSU (C),3:08.91,"Downing, Dunkley, Mitchell-Blake, Grayson",Miami Hurricane Alumni Invitational,2014-04-12,4x400,M
78,Rutgers (A),3:08.92,"Jordan, Crawford, Dunbar, Griffith",The American Outdoor Track & Field Championships,2014-05-02,4x400,M
79,Texas (B),3:08.95,"Conradie, Bilderback, Whyte, Irvin",2014 Clyde Littlefield Texas Relays,2014-03-26,4x400,M
80,Coppin State (I),3:08.96,"Chase, Taylor, James, Daniel",2014 ECAC-IC4A Outdoor Championships,2014-05-16,4x400,M
81,BYU (A),3:08.97,"Harper, Smith, Carlson, Adams",2014 Clyde Littlefield Texas Relays,2014-03-26,4x400,M
81,Kent State (D),3:08.97,"Tobin, Dunlap, Swords, Brown III",Tennessee Relays,2014-04-10,4x400,M
83,LIU Brooklyn (D),3:09.02,"Petit-Homme, Rodney, Walker-Khan, McLean",2014 Clyde Littlefield Texas Relays,2014-03-26,4x400,M
83,Miss State (H),3:09.02,"Hearn, Moona, McBride, Shoto",SEC Outdoor Championship,2014-05-15,4x400,M
85,LIU Brooklyn (G),3:09.10,"Petit-Homme, Rodney, Morgan, McLean",Florida Relays,2014-04-03,4x400,M
86,Charlotte (F),3:09.17,"Bynum, Boyd, Hamilton, Tate",Florida Relays,2014-04-03,4x400,M
87,South Carolina (C),3:09.19,"Winfrey, Kanervo, Walker, Collier",Florida Relays,2014-04-03,4x400,M
88,Indiana State (A),3:09.25,"Shaw, Piraino, Jackson, Tuttle",2014 Drake Relays presented by Hy-Vee,2014-04-23,4x400,M
89,Illinois (D),3:09.34,"Viney, McAsey, Allen, Pamilton",Illinois Twilight,2014-04-12,4x400,M
90,Army (F),3:09.36,"Smith, Green, Taylor, Santana",Penn Relays,2014-04-24,4x400,M
91,Maryland-Eastern Shore (F),3:09.43,"Johnson, Waite, Spencer, Chatmon",Penn Relays,2014-04-24,4x400,M
92,Purdue (N),3:09.49,"Ikpefan, Frederick, Peart, Mostert",Big Ten Outdoor Track & Field Championships,2014-05-16,4x400,M
93,George Mason (I),3:09.51,"Vaughn, Empty, Smalls, Sykes",Florida Relays,2014-04-03,4x400,M
94,Texas A&M (L),3:09.52,"Roudette, Hernandez, Hernandez, Hickey",LSU Invitational,2014-05-03,4x400,M
95,Georgia (A),3:09.55,"Freeman, White, Glover, Branch",Alabama Relays,2014-03-20,4x400,M
96,Louisiana Tech (B),3:09.57,"Hart, Sampract, Statham, Hadnot",2014 Clyde Littlefield Texas Relays,2014-03-26,4x400,M
97,South Carolina (G),3:09.59,"Winfrey, Royster, Bermudez, Redic",SEC Outdoor Championship,2014-05-15,4x400,M
98,Kent State (B),3:09.61,"Tobin, Dunlap, Young, Brown III",2014 Drake Relays presented by Hy-Vee,2014-04-23,4x400,M
99,Wisconsin (E),3:09.64,"Awosika, Davis, Payne, Thompson",Big Ten Outdoor Track & Field Championships,2014-05-16,4x400,M
100,Texas State (A),3:09.66,"Reed, Johnson, Black, Hilliard",2014 Clyde Littlefield Texas Relays,2014-03-26,4x400,M
1,Texas A&M (U),3:00.72,"Rose, Kerley, Grant, Kerley",SEC Outdoor Track & Field Championships,2017-05-11,4x400,M
2,Texas A&M (J),3:00.74,"Rose, Kerley, Dixon, Kerley",SEC Relays,2017-04-28,4x400,M
3,Auburn (B),3:02.10,"Ceneus, Smith, Bloomfield, Allen",SEC Outdoor Track & Field Championships,2017-05-11,4x400,M
4,Alabama (E),3:02.75,"Allen, Richards, Bowden, Gayle",SEC Outdoor Track & Field Championships,2017-05-11,4x400,M
5,LSU (B),3:02.80,"Bruton, Flournoy, Mitchell-Blake, Cherry",SEC Relays,2017-04-28,4x400,M
6,LSU (A),3:02.84,"Cherry, Flournoy, Henderson, Bruton",SEC Outdoor Track & Field Championships,2017-05-11,4x400,M
7,Florida (F),3:03.08,"Fasasi, Futch, Holmes, Holloway",SEC Outdoor Track & Field Championships,2017-05-11,4x400,M
7,Florida (C),3:03.08,"Futch, Clark, Holmes, Holloway",Florida Relays,2017-03-30,4x400,M
9,Baylor (F),3:03.11,"Willis, London, Dickson, Caddick",2017 90th Clyde Littlefield Texas Relays,2017-03-29,4x400,M
10,Texas Tech (D),3:03.28,"Collins, Champlin, Jones, Crisp",2017 90th Clyde Littlefield Texas Relays,2017-03-29,4x400,M
11,Tennessee (B),3:03.65,"Cogdell, Coleman, Harris, Strother",Florida Relays,2017-03-30,4x400,M
12,Iowa (F),3:03.78,"Ogwo, Harris, Hofacker, Lilly",Florida Relays,2017-03-30,4x400,M
13,Arkansas (E),3:03.83,"Schwartz, Igbokwe, Janise, Stephen",SEC Outdoor Track & Field Championships,2017-05-11,4x400,M
14,Clemson (F),3:03.84,"Lamb, Cheeks, Jackson, Green",ACC Outdoor Track & Field Championships,2017-05-12,4x400,M
15,Texas A&M (N),3:03.90,"Grant, Dixon, Rose, Izu",Jim Bush Collegiate Invitational,2017-04-15,4x400,M
16,LSU (C),3:04.19,"Flournoy, Cherry, Bruton, Mulugata",Mt. SAC Relays,2017-04-13,4x400,M
17,North Carolina (D),3:04.27,"Alowonle, Ways, Donyinah, Selmon",ACC Outdoor Track & Field Championships,2017-05-12,4x400,M
18,Western Kentucky (B),3:04.36,"Dasor, Morris, Sears, Seged",Florida Relays,2017-03-30,4x400,M
19,Houston (A),3:04.38,"Lattin, Clarke, Burke, Jefferson",Mt. SAC Relays,2017-04-13,4x400,M
19,Ohio State (A),3:04.38,"Page, Johnson, Burke, Marshall",Florida Relays,2017-03-30,4x400,M
21,Florida (D),3:04.54,"Uruburu, Fasasi, Holmes, Holloway",UF Tom Jones Memorial,2017-04-28,4x400,M
22,Baylor (M),3:04.60,"Willis, London, Platt, Caddick",Big 12 Outdoor Track & Field Championships,2017-05-12,4x400,M
23,Texas A&M (C),3:04.63,"Rose, Izu, Age, Kerley",Roadrunner Invitational,2017-03-23,4x400,M
24,Ohio State (D),3:04.95,"Burke, Gray, Marshall, Page",Big Ten Outdoor Championships,2017-05-12,4x400,M
25,Baylor (D),3:04.98,"Willis, London, Curran, Caddick",Michael Johnson Invitational,2017-04-22,4x400,M
26,Georgia (B),3:05.13,"Glover, Evans, Hampton, Freeman",SEC Outdoor Track & Field Championships,2017-05-11,4x400,M
27,Miss State (B),3:05.14,"Taylor, James, Waters, Tatham",Florida Relays,2017-03-30,4x400,M
28,Texas A&M (P),3:05.16,"Izu, Grant, Rose, Kerley",Michael Johnson Invitational,2017-04-22,4x400,M
29,Penn State (B),3:05.22,"Chisena, Smith, Mathis, Harris",Big Ten Outdoor Championships,2017-05-12,4x400,M
30,Texas Tech (H),3:05.40,"Champlin, Collins, Hudson, Crisp",Big 12 Outdoor Track & Field Championships,2017-05-12,4x400,M
31,Texas (E),3:05.59,"Anumnu, Bailey Jr., Givans, Robinson",LSU Alumni Gold,2017-04-22,4x400,M
32,Tennessee (C),3:05.61,"Strother, Coleman, Elion, Cogdell",Tennessee Relays,2017-04-06,4x400,M
33,Purdue (D),3:05.65,"Rolle, Webb, Ikpefan, McLaren",Big Ten Outdoor Championships,2017-05-12,4x400,M
34,Texas A&M (A),3:05.72,"Rose, Age, Morrow, Dixon",Baldy Castillo Invitational,2017-03-17,4x400,M
35,Iowa (K),3:05.81,"Hofacker, Harris, Ogwo, Frye",Mt. SAC Relays,2017-04-13,4x400,M
36,Utah State (C),3:05.97@,"Gordon, Martin, Bluth, Boully",Mountain West Outdoor Track & Field Championships,2017-05-10,4x400,M
37,TCU (A),3:06.00,"McClanahan, Flowers, Andrews, Mokaleng",2017 Horned Frog Invitational,2017-04-15,4x400,M
38,Nebraska (L),3:06.18,"Neal, Mohammed, Bransby, Bender",Big Ten Outdoor Championships,2017-05-12,4x400,M
38,Texas Tech (F),3:06.18,"Collins, Jones, Crisp, Stephenson",2017 Horned Frog Invitational,2017-04-15,4x400,M
40,Iowa (A),3:06.28,"Hofacker, Harris, Ogwo, Mallett",Baldy Castillo Invitational,2017-03-17,4x400,M
41,UTEP (A),3:06.35,"Alcazar, Bias, Guevara, Horn",Jim Bush Collegiate Invitational,2017-04-15,4x400,M
42,Air Force (H),3:06.36@,"Walden, White, Koss, Trimble",Mountain West Outdoor Track & Field Championships,2017-05-10,4x400,M
43,Virginia Tech (L),3:06.40,"Chiles, Thomas, Piazza, Davenport",ACC Outdoor Track & Field Championships,2017-05-12,4x400,M
44,Pittsburgh (F),3:06.41,"Slay, Murray, Watson, Palmer",ACC Outdoor Track & Field Championships,2017-05-12,4x400,M
45,USC (A),3:06.49,"Morgan Jr, Morris, Rohani, Thymes",2017 90th Clyde Littlefield Texas Relays,2017-03-29,4x400,M
46,TCU (B),3:06.55,"McClanahan, Andrews, Champlin, Mokaleng",Big 12 Outdoor Track & Field Championships,2017-05-12,4x400,M
47,Tennessee (F),3:06.66,"Strother, Coleman, Williams, Cogdell",SEC Outdoor Track & Field Championships,2017-05-11,4x400,M
48,Arizona (C),3:06.69,"Houston, Parish, Demby, Washington",Jim Click Shootout,2017-04-08,4x400,M
49,Western Kentucky (C),3:06.95@,"Sears, Morris, Minor, Dasor",2017 Conference USA Outdoor Track & Field Championship,2017-05-11,4x400,M
49,Miss State (D),3:06.95,"Smith, Waters, James, Taylor",SEC Relays,2017-04-28,4x400,M
51,Auburn (D),3:06.99,"Bloomfield, Henderson, Ceneus, Allen",War Eagle Invititaional,2017-04-21,4x400,M
52,Nebraska (J),3:07.00@,"Neal, Wiseman, Bransby, Bender",Texas Tech Red Raider Shoot-Out,2017-04-28,4x400,M
53,Arizona State (A),3:07.21,"Polk, Hasson, Wright, Bramwell",Duel In The Desert- ASU vs Arizona,2017-04-28,4x400,M
54,SE Louisiana (G),3:07.25,"Lyons, Bowleg, Colebrook, Riley",2017 90th Clyde Littlefield Texas Relays,2017-03-29,4x400,M
55,Oregon (C),3:07.30,"Chambers, Stone, Ng, Rambert",Mt. SAC Relays,2017-04-13,4x400,M
55,LSU (D),3:07.30,"Bruton, Cherry, Mutanga, Henderson",LSU Alumni Gold,2017-04-22,4x400,M
57,N. Carolina A&T (C),3:07.32,"Hamilton, Claggett, Reams, Harding",MEAC Outdoor Championships,2017-05-04,4x400,M
58,UTEP (D),3:07.38@,"Bias, Guevara, Ortega, Korir",2017 Conference USA Outdoor Track & Field Championship,2017-05-11,4x400,M
59,USC (E),3:07.65,"Morgan Jr, Morris, Rohani, Norman",Pac-12 Championships,2017-05-13,4x400,M
60,Iowa State (C),3:07.69,"Roomes, Kelly, Jones, Dennison",Big 12 Outdoor Track & Field Championships,2017-05-12,4x400,M
60,Florida State (C),3:07.69,"Fearrington, Lane, Rhoden, Simpkins",ACC Outdoor Track & Field Championships,2017-05-12,4x400,M
62,Florida State (F),3:07.91,"Fearrington, Lane, Burton, Simpkins",UF Tom Jones Memorial,2017-04-28,4x400,M
63,Clemson (J),3:08.02,"Lamb, Lewis, Jackson, Cheeks",Penn Relays,2017-04-27,4x400,M
63,North Carolina (B),3:08.02,"Cachon, Selmon, Donyinah, Alowonle",Tennessee Relays,2017-04-06,4x400,M
65,Penn State (C),3:08.09,"Chisena, Smith, Mathis, Reiser",Penn Relays,2017-04-27,4x400,M
66,Kansas (K),3:08.13,"Henry, Davis, Livingston, Daniels",Big 12 Outdoor Track & Field Championships,2017-05-12,4x400,M
67,BYU (F),3:08.17@,"Smith, Scheible, Mecham, Tingey",2017 BYU Cougar Invitational,2017-05-12,4x400,M
68,Miss State (A),3:08.18,"Smith, Waters, Tatham, Taylor",2017 Bulldog Relays,2017-03-17,4x400,M
69,TCU (C),3:08.24,"McClanahan, Flowers, Ferguson, Mokaleng",Jim Click Shootout,2017-04-08,4x400,M
70,Nebraska (G),3:08.26,"Neal, Wiseman, Mohammed, Bransby",John Jacobs Invitational,2017-04-21,4x400,M
71,Auburn (A),3:08.41,"Ceneus, Smith, Henderson, Allen",FSU Relays,2017-03-24,4x400,M
72,Washington (D),3:08.42,"Strong, Spano, Thomas, Croson",Pac-12 Championships,2017-05-13,4x400,M
73,Washington (C),3:08.45,"Strong, Thomas, Palmer, Croson",Mt. SAC Relays,2017-04-13,4x400,M
74,Houston (J),3:08.47,"Hall, Mechler, Burke, Jefferson",The American Outdoor Track & Field Championships,2017-05-12,4x400,M
75,Georgia (A),3:08.50,"Glover, Evans, Freeman, Blackman",Gamecock Invitational,2017-04-15,4x400,M
76,Minnesota (C),3:08.51,"Neumann, Wellenstein, Roese, Hechsel",Stanford Cardinal Classic,2017-04-21,4x400,M
77,Virginia (B),3:08.52,"Bowman, Kiley, Dixon, Carrington",ACC Outdoor Track & Field Championships,2017-05-12,4x400,M
77,Western Kentucky (G),3:08.52,"Villaman, Hayden, Hayes, Payne",Lenny Lyles-Clark Wood Invitational,2017-04-28,4x400,M
77,Arkansas (C),3:08.52,"Cotton, Ejiakuekwu, Orange, Stephen",Baylor Invitational,2017-04-08,4x400,M
80,Kansas (D),3:08.53,"Henry, Livingston, Daniels, Hartley",38th Sun Angel Classic,2017-04-06,4x400,M
81,Charlotte (C),3:08.58,"Sweezer, Dula, Keaton, Woodard",Florida Relays,2017-03-30,4x400,M
82,Louisville (B),3:08.60,"Coleman, Allen, Peck, Moore",Lenny Lyles-Clark Wood Invitational,2017-04-28,4x400,M
83,Texas State (C),3:08.72,"Lee, Porter, Umunnakwe, Warren",Sun Belt Outdoor Track and Field Championships,2017-05-12,4x400,M
83,Kansas (H),3:08.72,"Henry, Hartley, Cole, Daniels",Kansas Relays,2017-04-19,4x400,M
83,Tennessee (A),3:08.72,"Cogdell, Elion, Williams, Strother",Tennessee Rust Buster,2017-03-25,4x400,M
86,Virginia Tech (H),3:08.75,"Chiles, Thomas, Baker, Davenport",Penn Relays,2017-04-27,4x400,M
87,Memphis (C),3:08.86,"DeMoss, Gunnarsson, Walker, Norment",The American Outdoor Track & Field Championships,2017-05-12,4x400,M
88,Miami (C),3:08.89,"Brown, Delauze, Mullings, Dodo",Florida Relays,2017-03-30,4x400,M
88,BYU (M),3:08.89@,"Tsumba, Ellis, Leavitt, Heiner",2017 BYU Cougar Invitational,2017-05-12,4x400,M
90,Baylor (K),3:08.93@,"Dickson, Platt, Moore, Curran",Texas Tech Red Raider Shoot-Out,2017-04-28,4x400,M
90,UT-Arlington (F),3:08.93,"Simpson, Moore, Martinsson, Wallace",Sun Belt Outdoor Track and Field Championships,2017-05-12,4x400,M
92,UTSA (C),3:09.00,"Taylor, Sheriff, Loiodice, Jefferson",Mt. SAC Relays,2017-04-13,4x400,M
92,Mid. Tenn. State (F),3:09.00,"Adedamola, Walsh, Umoh, Sanders",Penn Relays,2017-04-27,4x400,M
94,Boise State (A),3:09.04@,"Terpezan, Martinez, Kirby, Fisher",Mountain West Outdoor Track & Field Championships,2017-05-10,4x400,M
95,George Mason (B),3:09.06,"King Jr, Freeman, Benson, Gomez",IC4A/ECAC Outdoor Track & Field Championships,2017-05-12,4x400,M
96,Florida (B),3:09.15,"Uruburu, Rodney, Timpson, Jr, Hill",Florida Relays,2017-03-30,4x400,M
96,Florida (E),3:09.15,"Hill, Clark, Rodney, Timpson, Jr",UF Tom Jones Memorial,2017-04-28,4x400,M
98,UC Irvine (C),3:09.19,"Sicard, Resong, Howard, Jewett",2017 Big West Track & Field Championships,2017-05-12,4x400,M
99,Stephen F. Austin (H),3:09.20,"Fentress, Hawkins, Pittman, Gibson",Mt. SAC Relays,2017-04-13,4x400,M
100,Air Force (F),3:09.25,"Walden, Sanders, White, Koss",Rafer/JJK Invitational,2017-04-08,4x400,M
1,Florida (D),3:01.60,"Uruburu, Dukes, Hall, Glass",SEC Championships,2015-05-14,4x400,M
2,LSU (G),3:01.63,"Downing, Grayson, Dunkley, Norwood",SEC Championships,2015-05-14,4x400,M
3,Florida (A),3:01.78,"Uruburu, Dukes, Futch, Glass",Florida Relays,2015-04-02,4x400,M
4,Texas A&M (E),3:02.19,"Coleman, Hart, Hickey, Lendore",2015 Clyde Littlefield Texas Relays,2015-03-25,4x400,M
5,LSU (F),3:02.61,"Downing, Dunkley, Norwood, Bush",2015 Penn Relays,2015-04-23,4x400,M
6,LSU (D),3:02.79,"Downing, Bush, Norwood, Grayson",LSU Alumni Gold,2015-04-18,4x400,M
7,South Carolina (K),3:03.13,"Gravesande, Echols, Winfrey, Bermudez",SEC Championships,2015-05-14,4x400,M
8,Texas Tech (B),3:03.47,"Richards III, Collins, Jones, Champlin",2015 Clyde Littlefield Texas Relays,2015-03-25,4x400,M
9,North Carolina (C),3:04.06,"Alowonle, Sutton, Lipsey, Ways",UF Tom Jones Memorial,2015-04-24,4x400,M
10,Georgia (D),3:04.37,"Evans, Branch, Jenkins, Calhoun",SEC Championships,2015-05-14,4x400,M
11,North Carolina (D),3:04.55,"Alowonle, Lipsey, Selmon, Ways",ACC Outdoor Track & Field Championships,2015-05-14,4x400,M
12,Alabama (B),3:04.57,"Gayle, Amankwah, Ali, Lahbi",SEC Championships,2015-05-14,4x400,M
13,Miss State (F),3:04.91,"Larry, Hearn, McBride, Taylor",SEC Championships,2015-05-14,4x400,M
14,Baylor (A),3:05.26,"Gary, Harris, Moore, Caddick",2015 Clyde Littlefield Texas Relays,2015-03-25,4x400,M
15,Utah State (C),3:05.28,"Bluth, Hunt, Lambourne, Lambourne",Mt. SAC Relays,2015-04-16,4x400,M
16,TCU (A),3:05.40,"Collins, Washington, McClanahan, Baker",UF Tom Jones Memorial,2015-04-24,4x400,M
17,Illinois (C),3:05.63,"Viney, Kendziera, McAsey, Zahn",2015 Drake Relays presented by Hy-Vee,2015-04-22,4x400,M
18,Alabama (C),3:05.66,"Gayle, Hudson, Ali, Amankwah",Florida Relays,2015-04-02,4x400,M
19,Georgia (C),3:05.73,"Glover, Branch, Calhoun, Jenkins",2015 Drake Relays presented by Hy-Vee,2015-04-22,4x400,M
20,Oregon (E),3:05.84,"Thiel, Delaney, Hornsby, Chambers",Pac-12 Track & Field Championships,2015-05-15,4x400,M
21,Ohio State (A),3:05.91,"Bruton, Page, Faust, Blanks",Virginia Challenge,2015-04-17,4x400,M
22,Western Kentucky (C),3:05.95,"Redwine, Dasor, Swinton, Sears",Mt. SAC Relays,2015-04-16,4x400,M
23,LSU (B),3:06.18,"Downing, Bush, Dunkley, Grayson",2015 Jim Click Shootout,2015-04-11,4x400,M
24,Clemson (B),3:06.30,"Lamb, Cheeks, Belafonte, Green",Florida Relays,2015-04-02,4x400,M
25,Arizona (C),3:06.35,"Eichler, Lauderdale, Houston, Parish",Pac-12 Track & Field Championships,2015-05-15,4x400,M
26,Nebraska (D),3:06.51,"Gipson, Wiseman, Koroknai, Bender",2015 Drake Relays presented by Hy-Vee,2015-04-22,4x400,M
27,Texas A&M (C),3:06.67,"Hernandez, Taplin, Lendore, Hernandez",Baldy Castillo Invitational,2015-03-20,4x400,M
28,Miss State (E),3:06.70,"Hearn, Waters, Larry, McBride",Mt. SAC Relays,2015-04-16,4x400,M
29,Morgan State (A),3:06.74,"Hardy, Johnson, Johnson, Roberson",2015 IC4A/ECAC Outdoor Track & Field Championships,2015-05-15,4x400,M
30,Baylor (D),3:06.87,"Gary, Moore, Platt, Caddick",2015 Drake Relays presented by Hy-Vee,2015-04-22,4x400,M
31,Nebraska (E),3:06.92,"Gipson, Wiseman, Pille, Bender",2015 Drake Relays presented by Hy-Vee,2015-04-22,4x400,M
32,LIU Brooklyn (E),3:06.98,"Petit-Homme, McLean, Rodney, Walker-Khan",2015 IC4A/ECAC Outdoor Track & Field Championships,2015-05-15,4x400,M
33,UTEP (C),3:07.03@,"Mitchell, Horn, Bias, Onakoya",Conference USA Outdoor Track & Field Championships,2015-05-14,4x400,M
34,BYU (C),3:07.08@,"Harper, Adams, White, Walker",2015 BYU Robison Invitational,2015-04-22,4x400,M
35,Hampton (F),3:07.22,"Beatty, Ibadin, Johnson, Okezie",2015 IC4A/ECAC Outdoor Track & Field Championships,2015-05-15,4x400,M
36,South Carolina (A),3:07.29,"Bermudez, Kanervo, Winfrey, Gravesande",Florida Relays,2015-04-02,4x400,M
37,Miss State (D),3:07.33,"Waters, Rocha, Larry, McBride",Al vs MS Border Clash,2015-04-10,4x400,M
38,Pittsburgh (B),3:07.35,"Palmer, Tate, Taylor, Slay",ACC Outdoor Track & Field Championships,2015-05-14,4x400,M
39,TCU (E),3:07.41,"Collins, Listenbee, Washington, McClanahan",TCU Horned Frog Invite,2015-05-02,4x400,M
40,Notre Dame (A),3:07.50,"Ways, Smith, Groesch, Giesting",Georgia Tech Invitational,2015-04-17,4x400,M
41,Eastern Michigan (D),3:07.53,"Williams, Elam, Bolton, Ervin",Virginia Challenge,2015-04-17,4x400,M
42,Akron (A),3:07.60,"Weems, Gray, Ohiembor, Baldwin",Longhorn Invitational,2015-05-02,4x400,M
43,Texas Tech (G),3:07.75,"McBride, Collins, Jones, Champlin",2015 Drake Relays presented by Hy-Vee,2015-04-22,4x400,M
44,Stephen F. Austin (I),3:07.82,"Gibson, Hawkins, Taylor, Kerley",Southland Conference Championship,2015-05-08,4x400,M
45,Baylor (E),3:07.84,"Gary, Butler, Duke, Moore",Longhorn Invitational,2015-05-02,4x400,M
46,Ohio State (C),3:07.86,"Bruton, Page, Anderson, Blanks",2015 Drake Relays presented by Hy-Vee,2015-04-22,4x400,M
47,UTSA (C),3:07.88@,"Shelvin, Robinson, Payne, Hall",Conference USA Outdoor Track & Field Championships,2015-05-14,4x400,M
48,Northwestern St. (A),3:07.91,"Jackson, White, James, Taylor",Southland Conference Championship,2015-05-08,4x400,M
49,UTSA (B),3:08.00,"Robinson, Hayes, Shelvin, Hall",J Fred Duckett-Rice Twilight,2015-04-25,4x400,M
50,Western Kentucky (H),3:08.02@,"Mosely, Swinton, Songore, Dasor",Conference USA Outdoor Track & Field Championships,2015-05-14,4x400,M
51,LIU Brooklyn (D),3:08.08,"Augustin, Petit-Homme, Walker-Khan, Cue",2015 Clyde Littlefield Texas Relays,2015-03-25,4x400,M
52,Nebraska (A),3:08.12,"Koroknai, Sanderfer, Bender, Gipson",2015 Arizona State Pac-12 vs Big 10 Invitational,2015-03-27,4x400,M
53,Purdue (A),3:08.19,"Arvia, Ikpefan, Frederick, Parks",Florida Relays,2015-04-02,4x400,M
54,TCU (D),3:08.21,"Collins, Washington, McSwain, McClanahan",Wes Kittley Invitational 2015,2015-04-11,4x400,M
55,Texas Tech (F),3:08.22,"Richards III, Collins, Jones, McBride",2015 Drake Relays presented by Hy-Vee,2015-04-22,4x400,M
56,Iowa (F),3:08.23,"Wolff, Thompson, Mallett, Davey",Mt. SAC Relays,2015-04-16,4x400,M
57,Virginia (C),3:08.26,"Carrington, Kiley, Brewer, Hazzard",Virginia Challenge,2015-04-17,4x400,M
57,Texas (C),3:08.26,"Robinson, Givans, Irvin, Bilderback",2015 Clyde Littlefield Texas Relays,2015-03-25,4x400,M
59,Eastern Michigan (E),3:08.33,"Brown, Bolton, Waynes, Ervin",Ohio State - Jesse Owens Classic,2015-05-01,4x400,M
60,Western Kentucky (G),3:08.36,"Sears, Dasor, Swinton, Mosely",2015 Penn Relays,2015-04-23,4x400,M
61,TCU (B),3:08.42,"Washington, Watts, Collins, Baker",2015 Clyde Littlefield Texas Relays,2015-03-25,4x400,M
62,Central Michigan (A),3:08.46,"Holman, Huertas, Dutkiewicz, Vasquez",Ohio State - Jesse Owens Classic,2015-05-01,4x400,M
62,Texas Tech (E),3:08.46,"McBride, Tennon, Collins, Jones",Wes Kittley Invitational 2015,2015-04-11,4x400,M
64,Alabama (D),3:08.47,"Amankwah, Efkamp, Gayle, Lahbi",Al vs MS Border Clash,2015-04-10,4x400,M
65,Stephen F. Austin (B),3:08.51,"Joe, Hawkins, Taylor, Kerley",2015 Clyde Littlefield Texas Relays,2015-03-25,4x400,M
66,Kansas (E),3:08.55,"McCuin, Wilson, Daniels, Stigler",John McDonnell Invitational,2015-04-10,4x400,M
67,Morgan State (D),3:08.56,"Reid, Roberson, Johnson, Johnson",MEAC Outdoor T&F Championships,2015-04-30,4x400,M
68,Arkansas (A),3:08.61,"Cotton, Washington, Janise, Stephen",2015 Drake Relays presented by Hy-Vee,2015-04-22,4x400,M
69,Arkansas (E),3:08.64,"Washington, Lawson, Cotton, Stephen",SEC Championships,2015-05-14,4x400,M
70,Texas State (A),3:08.67,"Hilliard, Johnson, Binder, Porter",2015 Clyde Littlefield Texas Relays,2015-03-25,4x400,M
70,Hampton (B),3:08.67,"Beatty, Okezie, Ibadin, Black",2015 Penn Relays,2015-04-23,4x400,M
70,Purdue (D),3:08.67,"Parks, Ikpefan, Rolle, Frederick",2015 Jim Click Shootout,2015-04-11,4x400,M
73,Iowa (G),3:08.76,"Wolff, Mallett, Aly, Davey",2015 Drake Relays presented by Hy-Vee,2015-04-22,4x400,M
74,Eastern Illinois (G),3:08.84,"Edwards, Dorsey, Williamson, Mohammed",2015 Drake Relays presented by Hy-Vee,2015-04-22,4x400,M
75,Illinois State (I),3:08.87,"Farley, Hamilton, Lewis, Devonish",EIU Twilight 2015,2015-05-08,4x400,M
75,George Mason (D),3:08.87,"Coburn, Freeman, King Jr, Smalls",2015 IC4A/ECAC Outdoor Track & Field Championships,2015-05-15,4x400,M
77,Kent State (A),3:08.88,"Tobin, Dunlap, Young, O'Leary",Tennessee Relays,2015-04-09,4x400,M
78,Army (H),3:08.95,"Spees, Santana, Taylor, Wilson",2015 IC4A/ECAC Outdoor Track & Field Championships,2015-05-15,4x400,M
79,Long Beach St. (A),3:08.98,"Perez-Rogers, Glasgow, Lockett, McCloskey",Trojan Invitational,2015-03-20,4x400,M
80,Georgia (A),3:09.10,"Evans, Branch, Glover, Jenkins",Georgia Relays,2015-03-20,4x400,M
80,Stephen F. Austin (A),3:09.10,"Joe, Kerley, Gleason, Taylor",Alabama Relays,2015-03-19,4x400,M
82,Purdue (F),3:09.15,"Ikpefan, Frederick, Parks, Conde",2015 Drake Relays presented by Hy-Vee,2015-04-22,4x400,M
83,Arkansas (C),3:09.16,"McLeod, Lawson, Janise, Washington",Arkansas Twilight,2015-05-01,4x400,M
84,Duke (D),3:09.21,"Bofinger, Rohner, Wilson, Hawkins",ACC Outdoor Track & Field Championships,2015-05-14,4x400,M
85,Minnesota (D),3:09.23,"Roese, Hechsel, Deng, Fountain",Texas Invitational,2015-04-11,4x400,M
86,Miami (F),3:09.24,"Johnson, Delauze, Ryan, Wolliston",ACC Outdoor Track & Field Championships,2015-05-14,4x400,M
87,BYU (B),3:09.25,"Yardley, Adams, Scheible, Walker",2015 Clyde Littlefield Texas Relays,2015-03-25,4x400,M
88,Miss State (A),3:09.33,"Waters, Larry, Taylor, Hearn",Alabama Relays,2015-03-19,4x400,M
89,Central Arkansas (A),3:09.36,"Watson, Ray, Boyd, Tanner",Southland Conference Championship,2015-05-08,4x400,M
90,Indiana (F),3:09.39,"Morgan, Manley, Kuhn, Kinnaird",2015 Billy Hayes Invitational,2015-05-02,4x400,M
90,South Carolina (G),3:09.39,"Bermudez, Chiles, Moore, Keating",Bill Carson Invitational,2015-04-10,4x400,M
92,Michigan State (D),3:09.41,"Whitelow, Sanders, Ehrhardt, Clark",Ohio State - Jesse Owens Classic,2015-05-01,4x400,M
93,North Texas (F),3:09.45@,"Bey, Pryor, Marshall, Heard",Conference USA Outdoor Track & Field Championships,2015-05-14,4x400,M
94,Iowa (D),3:09.46,"Wolff, Thompson, Mallett, Teubel",Florida Relays,2015-04-02,4x400,M
95,UL-Monroe (B),3:09.47,"Cribbs, Sams, Demus, Tate",Sun Belt Outdoor Track and Field Championships,2015-05-08,4x400,M
96,Eastern Michigan (B),3:09.53,"Williams, Elam, Cooke, Ervin",Tennessee Relays,2015-04-09,4x400,M
97,Northern Arizona (B),3:09.56,"al Nasser, Fisher, Jamison, Schneider",Big Sky Conference Outdoor Track & Field Championships,2015-05-13,4x400,M
97,USC (D),3:09.56,"Morgan, Ford, De Grasse, Jackson",Trojan Invitational,2015-03-20,4x400,M
99,Miami (G),3:09.63,"Ryan, Delauze, Cook, Wolliston",UF Tom Jones Memorial,2015-04-24,4x400,M
100,Florida State (C),3:09.66,"Cherry, Moona, Rose, Rhoden",Florida Relays,2015-04-02,4x400,M
1,Texas A&M,3:01.77,"Deadmon, Grant, Johnson, Dixon",SEC Outdoor Track & Field Championships,2019-05-09,4x400,M
2,LSU,3:02.09,"Camel, Mosby, Flournoy, Terry",SEC Outdoor Track & Field Championships,2019-05-09,4x400,M
3,Houston,3:02.61,"Lattin, Holt, Burke, Igbokwe",125th Penn Relays,2019-04-25,4x400,M
4,LSU (B),3:02.88,"Camel, Kibet, Mosby, Terry",Miami Hurricane Alumni Invitational,2019-04-12,4x400,M
5,Iowa,3:03.10,"Lawrence Jr., Woodard, Hofacker, Harris",Florida Relays,2019-03-28,4x400,M
6,Baylor,3:03.17,"Baldridge, Fields III, Moorer, London",Michael Johnson Invitational,2019-04-19,4x400,M
7,Florida,3:03.25,"Hill, Sawyers, Villaman, Holloway",Florida Relays,2019-03-28,4x400,M
8,Texas A&M (B),3:03.30,"Izu, Johnson, Grant, Dixon",2019 92nd Clyde Littlefield Texas Relays,2019-03-27,4x400,M
9,South Carolina,3:03.33,"Chance, Hall, Jones, Robbins",Gamecock Invitational Outdoor,2019-04-13,4x400,M
10,Arkansas,3:03.53,"Winn, Woodhall, Brown, Schwartz",SEC Outdoor Track & Field Championships,2019-05-09,4x400,M
11,USC,3:03.54,"Samuel, Allen Jr., Jewett, Shinnick",Mt. SAC Relays,2019-04-18,4x400,M
12,Western Kentucky,3:03.78,"Alexandre, Owusu-Antwi, Warren, Gates",Florida Relays,2019-03-28,4x400,M
13,Rutgers,3:04.27,"Jenkins, Burgess, Pierce, Brown",Florida Relays,2019-03-28,4x400,M
14,Western Kentucky (B),3:04.50,"Kelly, Alexandre, Warren, Owusu-Antwi",Conference USA Outdoor Championships,2019-05-09,4x400,M
15,TCU,3:04.86,"Andrews, Matiyenga, Bender, Mokaleng",Big 12 Outdoor Track and Field Championships,2019-05-10,4x400,M
15,Baylor (B),3:04.86,"Baldridge, London, Dickson, Fields III",The Reveille Meet,2019-04-06,4x400,M
17,Houston (B),3:05.05,"Lattin, Valentine, Lewis, Holt",Mt. SAC Relays,2019-04-18,4x400,M
18,Florida (B),3:05.08,"Lobo Vedel, Johnson, Poole, Holloway",SEC Outdoor Track & Field Championships,2019-05-09,4x400,M
19,N. Carolina A&T,3:05.13,"Sirleaf, Stewart, Hamilton, Dickson",Florida Relays,2019-03-28,4x400,M
20,Florida (C),3:05.31,"Johnson, Sawyers, Villaman, Lobo Vedel",UF Tom Jones Memorial,2019-04-26,4x400,M
21,Ohio State,3:05.42,"Harrison, Gray, Mott, Seward",Florida Relays,2019-03-28,4x400,M
22,Iowa State,3:05.50,"Johnson, Roomes, Kelly, Fogltanz",Big 12 Outdoor Track and Field Championships,2019-05-10,4x400,M
23,Purdue,3:05.58,"Hollis, Colebrooke, Dotson, Faust",Florida Relays,2019-03-28,4x400,M
24,Clemson,3:05.63,"Tolbert, Hewitt, Lewis, Parker",Florida Relays,2019-03-28,4x400,M
25,Iowa (B),3:05.67,"Bartley, Woodard, Lawrence Jr., Harris",Mt. SAC Relays,2019-04-18,4x400,M
26,USC (B),3:05.73,"Samuel, Owens, Green, Jewett",2019 Pac-12 Track & Field Championships,2019-05-04,4x400,M
26,LSU (C),3:05.73,"Camel, Kibet, Hislop, Terry",LSU Battle on the Bayou,2019-04-06,4x400,M
28,TCU (B),3:05.78,"Andrews, Flowers, Matiyenga, Mokaleng",2019 92nd Clyde Littlefield Texas Relays,2019-03-27,4x400,M
29,Baylor (C),3:05.83,"Baldridge, Moorer, Dickson, Fields III",2019 92nd Clyde Littlefield Texas Relays,2019-03-27,4x400,M
30,Arizona,3:05.98,"Washington, Smith, Sincukovs, Williams",2019 Pac-12 Track & Field Championships,2019-05-04,4x400,M
31,Charlotte,3:06.23,"Menzel, Bass, McCrary, Woodard",Florida Relays,2019-03-28,4x400,M
32,Oregon,3:06.31,"Miller, Harvey, Daniel, Emilien",2019 Pac-12 Track & Field Championships,2019-05-04,4x400,M
33,Maryland,3:06.51,"Robinson, Jones, Miawad, Morris",125th Penn Relays,2019-04-25,4x400,M
34,Texas A&M (C),3:06.65,"Thomas, Ethridge, Tucker, Orange",2019 Baldy Castillo Invitational,2019-03-15,4x400,M
35,Miami (Fla.),3:06.75,"Brown, Moulton, Burns, Fuller",Miami Hurricane Alumni Invitational,2019-04-12,4x400,M
36,Maryland (B),3:06.87,"Robinson, Jones, Rowe, Morris",125th Penn Relays,2019-04-25,4x400,M
37,Texas Tech,3:06.89,"Oduduru, Hudson, Crisp, Grimes",2019 92nd Clyde Littlefield Texas Relays,2019-03-27,4x400,M
38,Kansas,3:06.97,"Davis, Fogle, Johnson, Hoppel",Big 12 Outdoor Track and Field Championships,2019-05-10,4x400,M
39,BYU,3:07.08@,"Schaap, Yardley, Ellis, Bluth",2019 BYU Robison Invitational,2019-04-25,4x400,M
40,Ohio State (B),3:07.11,"Cooper, Jeff, James, Johnson",Gamecock Invitational Outdoor,2019-04-13,4x400,M
41,Texas Tech (B),3:07.20,"Stephenson, Grimes, Crisp, Cepus",The Reveille Meet,2019-04-06,4x400,M
42,Mid. Tenn. State,3:07.25,"Petty, Torian, Bisschop, Wright",125th Penn Relays,2019-04-25,4x400,M
42,TCU (C),3:07.25,"Hennesay, Andrews, Matiyenga, Mokaleng",Michael Johnson Invitational,2019-04-19,4x400,M
44,Western Kentucky (C),3:07.33,"Kelly, Hayes, Agyemang, Berry",2019 Lenny Lyles-Clark Wood Invitational,2019-04-26,4x400,M
45,Iowa (C),3:07.36,"Lawrence Jr., Thompson, Lilly, Harris",Big Ten Championships,2019-05-10,4x400,M
46,Houston (C),3:07.37,"Jordan, Lewis, Valentine, Jefferson",2019 92nd Clyde Littlefield Texas Relays,2019-03-27,4x400,M
46,Arkansas (B),3:07.37,"Caldwell, Brown, Hari, Woodhall",Michael Johnson Invitational,2019-04-19,4x400,M
48,Mid. Tenn. State (B),3:07.41,"Sanders, Bisschop, Torian, Wright",Vanderbilt Black & Gold Invitational,2019-03-22,4x400,M
49,North Carolina,3:07.43,"Palmer, Douglas, Cogdell, Saint-Germain",UF Tom Jones Memorial,2019-04-26,4x400,M
50,Colorado,3:07.46,"Maas, McCoy, Smith, McClurkin JR",2019 92nd Clyde Littlefield Texas Relays,2019-03-27,4x400,M
51,Kentucky,3:07.50,"Smith, Bann, St Hillaire, Council",Florida Relays,2019-03-28,4x400,M
51,Houston (D),3:07.50,"Lattin, Outing, Alcorn, Igbokwe",125th Penn Relays,2019-04-25,4x400,M
53,Iowa (D),3:07.63,"Larrison, Lilly, Manternach, Lietz",Florida Relays,2019-03-28,4x400,M
54,Arkansas-Pine Bluff,3:07.67,"Heath, Smith, McAlpin, Garner",2019 SWAC Outdoor T&F Championships,2019-05-03,4x400,M
55,UT-Arlington,3:07.72,"Mitchell, Wallace, Martinsson, Seastrunk",Texas A&M Alumni Muster,2019-04-27,4x400,M
56,Abilene Christian,3:07.76,"Williams, Linton, Brownlow, Williams",2019 92nd Clyde Littlefield Texas Relays,2019-03-27,4x400,M
57,Baylor (D),3:07.81,"Platt, Fields III, Moorer, London",National Relay Championships,2019-04-26,4x400,M
58,Mid. Tenn. State (C),3:07.83,"Petty, Torian, Sanders, Wright",War Eagle Invitational 2019,2019-04-19,4x400,M
59,USC (C),3:07.88,"Samuel, Allen Jr., Owens, Jewett",Jim Click Shootout,2019-04-06,4x400,M
60,South Carolina (B),3:07.98,"Chance, Talbert, Jones, Robbins",125th Penn Relays,2019-04-25,4x400,M
60,South Carolina (C),3:07.98,"Chance, Walker, Talbert, Robbins",125th Penn Relays,2019-04-25,4x400,M
62,Ohio State (C),3:08.04,"Cooper, Johnson, Hayes, Jeff",Big Ten Championships,2019-05-10,4x400,M
63,Nebraska,3:08.09,"Washington, Lucy, Barrett, Hutchinson",Crimson Tide Invitational,2019-04-11,4x400,M
64,Maryland (C),3:08.14,"Robinson, Rowe, Miawad, Jones",Big Ten Championships,2019-05-10,4x400,M
65,SE Louisiana,3:08.16,"Storr, Coleman, Benson II, Jones",Florida Relays,2019-03-28,4x400,M
66,Western Kentucky (D),3:08.23,"Kelly, Owusu-Antwi, Agyemang, Seged",Mt. SAC Relays,2019-04-18,4x400,M
67,USC (D),3:08.25,"Samuel, Robinson, Jewett, Shinnick",USC vs UCLA,2019-04-27,4x400,M
68,LSU (D),3:08.28,"Boyd, Kibet, Camel, Terry",LSU Invitational,2019-04-27,4x400,M
69,Purdue (B),3:08.30,"McLaren, Colebrooke, Williams, Faust",Big Ten Championships,2019-05-10,4x400,M
70,Miss State,3:08.31,"Evans, Crump, Tatham, Miller",SEC Outdoor Track & Field Championships,2019-05-09,4x400,M
71,Cal St. Fullerton,3:08.48,"Samaniego, House, Shiley, Espinoza",Big West Outdoor Track & Field Championships,2019-05-10,4x400,M
72,Arkansas (C),3:08.56,"Caldwell, Brown, Hilson, Milholen",John McDonnell Invitational,2019-04-12,4x400,M
73,Houston (E),3:08.58,"Lattin, Booker, Valentine, Holt",The American Outdoor Track & Field Championships,2019-05-10,4x400,M
74,Nebraska (B),3:08.60,"Barrett, Lucy, Nou, Hutchinson",Big Ten Championships,2019-05-10,4x400,M
75,Stephen F. Austin,3:08.62,"Murphy, Ruiz, Pittman, Bennett",Texas A&M Alumni Muster,2019-04-27,4x400,M
76,Florida (D),3:08.66,"Johnson, Clark, Hollis, Guillory",Florida Relays,2019-03-28,4x400,M
76,Arkansas (D),3:08.66,"Schwartz, Brown, Ejiakuekwu, Woodhall",National Relay Championships,2019-04-26,4x400,M
78,Texas,3:08.67,"Brown Jr., Jones, Worley, Macharia",Big 12 Outdoor Track and Field Championships,2019-05-10,4x400,M
79,Mississippi Valley,3:08.75,"Gardener, Bailey, Mitchell, Davis",2019 SWAC Outdoor T&F Championships,2019-05-03,4x400,M
80,Navy,3:08.78,"Hughey, Petsch, Hurd, Finnegan",125th Penn Relays,2019-04-25,4x400,M
81,UCLA,3:08.86,"Powell, Stone, Holloway, Herrera",Mt. SAC Relays,2019-04-18,4x400,M
82,UCLA (B),3:08.94,"Stone, Powell, Marshall, Herrera",2019 Willie Williams Classic College,2019-03-15,4x400,M
83,UC Riverside,3:08.96,"Williams, Parker, Cruz, Anderson",Big West Outdoor Track & Field Championships,2019-05-10,4x400,M
84,Oklahoma State,3:08.97,"Mays, Hicks, Green, Long",2019 92nd Clyde Littlefield Texas Relays,2019-03-27,4x400,M
85,George Mason,3:08.99,"Gomez, Pierre, Barborek, Benson",125th Penn Relays,2019-04-25,4x400,M
86,Troy,3:09.04,"Hayes, Likely, McCleskey, Dudley",Sun Belt Outdoor Track and Field Championships,2019-05-10,4x400,M
87,Minnesota,3:09.11,"Webb, Davis, Tracy, Psicihulis",Jim Click Shootout,2019-04-06,4x400,M
87,Virginia Tech,3:09.11,"Green, Davenport, Mosavel-Lo, Patterson",125th Penn Relays,2019-04-25,4x400,M
89,Oral Roberts,3:09.12,"Johnson, Mwewa, Neely, Dormeus",John McDonnell Invitational,2019-04-12,4x400,M
90,N. Carolina A&T (B),3:09.15,"Lindo, Felix, Bonham, Mighty",MEAC Outdoor Track & Field Championships,2019-05-02,4x400,M
91,George Mason (B),3:09.17,"Klah, Pierre, Benson, Gomez",40th Sun Angel Track Classic,2019-04-05,4x400,M
92,Abilene Christian (B),3:09.20,"Williams, Williams, Linton, Williams",2019 92nd Clyde Littlefield Texas Relays,2019-03-27,4x400,M
93,Washington,3:09.22,"Elliott, Palmer, Santana, Mafilas",2019 Pac-12 Track & Field Championships,2019-05-04,4x400,M
94,California,3:09.23,"McMorris, Saleh, Bland, Chohan",2019 Pac-12 Track & Field Championships,2019-05-04,4x400,M
95,BYU (B),3:09.31,"Ruiz, Yardley, Ellis, Bluth",Mt. SAC Relays,2019-04-18,4x400,M
96,Baylor (E),3:09.33,"Dickson, Platt, Gifford, Anderson",Michael Johnson Invitational,2019-04-19,4x400,M
97,UCLA (C),3:09.41,"Stone, Powell, Herrera, Kelly",2019 Pac-12 Track & Field Championships,2019-05-04,4x400,M
98,Houston (F),3:09.45,"Lattin, Holt, Burke, Montgomery",Houston Alumni Invitational,2019-04-06,4x400,M
99,Texas A&M (D),3:09.48,"Zamzow, Izu, Ethridge, Orange",The Reveille Meet,2019-04-06,4x400,M
100,UCLA (D),3:09.53,"Herrera, Marshall, Pikes, Stone",Jim Bush Legends Invitational,2019-03-30,4x400,M
1,LSU (F),3:00.38,"Bruton, Cherry, Grayson, Dunkley",LSU Alumni Gold,2016-04-23,4x400,M
2,LSU (B),3:01.83,"Bruton, Cherry, Dunkley, Flournoy",2016 Nike Clyde Littlefield Texas Relays,2016-03-30,4x400,M
3,Texas (C),3:02.18,"Irvin, Robinson, Bailey Jr., Bilderback",2016 Nike Clyde Littlefield Texas Relays,2016-03-30,4x400,M
4,Texas A&M (K),3:02.96,"Hickey, Grant, Brazier, Kerley",Michael Johnson Classic,2016-04-23,4x400,M
5,Florida (E),3:03.07,"Graham, Jr, Hall, Fasasi, Glass",UF Tom Jones Memorial,2016-04-22,4x400,M
6,LSU (G),3:03.25,"Flournoy, Cherry, Howell, Dunkley",LSU Invitational,2016-04-30,4x400,M
7,Texas A&M (E),3:03.34,"Hickey, Grant, Izu, Kerley",2016 Nike Clyde Littlefield Texas Relays,2016-03-30,4x400,M
8,Florida (C),3:03.42,"Graham, Jr, Hall, Futch, Glass",Florida Relays,2016-03-31,4x400,M
9,Nebraska (F),3:03.74,"Gipson, Townsend, Bransby, Rush",Big Ten Conference Outdoor Track & Field Championships,2016-05-13,4x400,M
10,Baylor (C),3:04.24,"London, Dickson, Moore, Caddick",2016 Nike Clyde Littlefield Texas Relays,2016-03-30,4x400,M
10,Tennessee (C),3:04.24,"Cogdell, Coleman, Williams, Strother",SEC Championships,2016-05-12,4x400,M
12,Minnesota (C),3:04.46,"Neumann, Roese, Deng, Wellenstein",Big Ten Conference Outdoor Track & Field Championships,2016-05-13,4x400,M
13,LSU (C),3:04.59,"Cherry, Howell, Bruton, Flournoy",LSU Battle on the Bayou,2016-04-09,4x400,M
14,Purdue (B),3:04.75,"Parks, Ikpefan, Frederick, McLaren",Big Ten Conference Outdoor Track & Field Championships,2016-05-13,4x400,M
15,Florida (F),3:04.78,"Fasasi, Hall, Clark, Glass",Penn Relays,2016-04-28,4x400,M
16,Miss State (C),3:04.99,"Castillo, Waters, Larry, Tatham",Florida Relays,2016-03-31,4x400,M
17,Texas Tech (I),3:05.18,"Richards III, Collins, McBride, Crisp",Michael Johnson Classic,2016-04-23,4x400,M
18,Baylor (A),3:05.23,"Gary, London, Moore, Dickson",Ricardo Romo Invitational,2016-03-24,4x400,M
19,Miss State (H),3:05.38,"James, II, Larry, McBride, Tatham",SEC Championships,2016-05-12,4x400,M
20,Miss State (G),3:05.48,"Smith, Waters, McBride, Larry",LSU Alumni Gold,2016-04-23,4x400,M
21,Texas (G),3:05.51,"Anumnu, Bailey Jr., Irvin, Bilderback",2016 Drake Relays presented by Hy-Vee,2016-04-27,4x400,M
22,Stanford (E),3:05.59,"Williams, Kurtz, Brandt-Sims, Shumway",Michael Johnson Classic,2016-04-23,4x400,M
23,Iowa (L),3:05.72,"Wolff, Harris, Lilly, Frye",Big Ten Conference Outdoor Track & Field Championships,2016-05-13,4x400,M
24,Kansas (J),3:05.73,"Henry, Hartley, Daniels, Livingston",Big 12 Outdoor Track & Field Championships,2016-05-13,4x400,M
25,Texas A&M (A),3:05.75,"Grant, Hickey, Rose, Kerley",Baldy Castillo Invitational,2016-03-18,4x400,M
26,Baylor (H),3:05.78,"Dickson, London, Duke, Caddick",Big 12 Outdoor Track & Field Championships,2016-05-13,4x400,M
27,North Carolina (D),3:06.03,"Lipsey, Selmon, Nicholls, Ways",ACC Championships,2016-05-13,4x400,M
28,Florida (D),3:06.04,"Uruburu, Clark, Holmes, Fasasi",Florida Relays,2016-03-31,4x400,M
29,Texas (E),3:06.06,"Givans, Bilderback, Bailey Jr., Robinson",LSU Alumni Gold,2016-04-23,4x400,M
30,Georgia (E),3:06.09,"Freeman, Glover, Hampton, Evans",SEC Championships,2016-05-12,4x400,M
31,Stephen F. Austin (D),3:06.17,"Sharp, Gibson, Moore, Kerley",2016 Nike Clyde Littlefield Texas Relays,2016-03-30,4x400,M
32,Clemson (C),3:06.18,"Lamb, Cheeks, Bellafonte, Green",Georgia Tech Yellow Jacket Invitational,2016-03-25,4x400,M
33,TCU (B),3:06.22,"Washington, Watts, Bozmans, McClanahan",2016 Nike Clyde Littlefield Texas Relays,2016-03-30,4x400,M
34,Pittsburgh (C),3:06.23,"Taylor, Tate, Slay, Palmer",ACC Championships,2016-05-13,4x400,M
35,Arkansas (D),3:06.28,"Stephen, Igbokwe, Ejiakuekwu, Janise",Arkansas Twilight,2016-05-06,4x400,M
36,Arkansas (E),3:06.30,"Washington, Mowatt, Thomas, Lawson",Arkansas Twilight,2016-05-06,4x400,M
37,Stephen F. Austin (C),3:06.32,"Joe, Gibson, Sharp, Kerley",Mt. SAC Relays,2016-04-14,4x400,M
38,Tennessee (A),3:06.37,"Cogdell, Coleman, Harris, Strother",Florida Relays,2016-03-31,4x400,M
39,Kansas (A),3:06.48,"Henry, Matthews, Livingston, Wilson",2016 Nike Clyde Littlefield Texas Relays,2016-03-30,4x400,M
40,Florida (A),3:06.51,"Graham, Jr, Hall, Uruburu, Fasasi",Power Conference Cardinal & Gold,2016-03-25,4x400,M
41,Nebraska (C),3:06.58,"Gipson, Alexandre, Bransby, Rush",Kansas Relays,2016-04-20,4x400,M
42,Florida (B),3:06.61,"Glass, Graham, Jr, Uruburu, Fasasi",Florida Relays,2016-03-31,4x400,M
43,Baylor (F),3:06.68,"Duke, Dickson, Moore, London",Michael Johnson Classic,2016-04-23,4x400,M
44,Texas State (C),3:06.72,"Warren, Johnson, Lee, Porter",2016 Nike Clyde Littlefield Texas Relays,2016-03-30,4x400,M
45,Iowa (D),3:06.88,"Wolff, Harris, Mallett, Frye",Florida Relays,2016-03-31,4x400,M
46,Utah State (C),3:06.93,"Martin, Boully, Bluth, Lambourne",2016 Drake Relays presented by Hy-Vee,2016-04-27,4x400,M
47,Texas A&M (J),3:07.09,"Thomas, Rose, Hernandez, Grant",UCLA vs. Texas A&M Dual Meet,2016-04-16,4x400,M
48,Clemson (K),3:07.19,"Lamb, Cheeks, Lewis, Bellafonte",ACC Championships,2016-05-13,4x400,M
49,Rutgers (C),3:07.21,"Knox, Griffith, Dunbar, Brown",Big Ten Conference Outdoor Track & Field Championships,2016-05-13,4x400,M
50,Penn State (C),3:07.25,"Chisena, Shisler, Reiser, Harris",Big Ten Conference Outdoor Track & Field Championships,2016-05-13,4x400,M
51,Texas Tech (K),3:07.29,"Richards III, Collins, McBride, Smith",2016 Drake Relays presented by Hy-Vee,2016-04-27,4x400,M
52,Akron (C),3:07.36,"Baldwin, Gray, Weems, Murphy",2016 Nike Clyde Littlefield Texas Relays,2016-03-30,4x400,M
52,Clemson (G),3:07.36,"Cheeks, Lamb, Lewis, Green",Tiger Track Classic,2016-04-08,4x400,M
54,Utah State (H),3:07.40@,"BLUTH, Martin, BOULLY, Lambourne",2016 BYU Robison Invitational,2016-04-21,4x400,M
55,Oral Roberts (C),3:07.42,"Akerele, Hicks, James, Ndlovu",Rock Chalk Classic,2016-04-30,4x400,M
56,Georgia (C),3:07.44,"Evans, Jenkins, Calhoun, Freeman",Florida Relays,2016-03-31,4x400,M
57,Houston (N),3:07.47,"Lattin, Mills, Bell, Burke",The American Outdoor Track & Field Championships,2016-05-12,4x400,M
57,Texas Tech (D),3:07.47,"Champlin, Collins, Jones, Crisp",2016 Nike Clyde Littlefield Texas Relays,2016-03-30,4x400,M
59,Texas A&M (N),3:07.49,"Age, Rose, Brazier, Thomas",LSU Invitational,2016-04-30,4x400,M
60,Ohio State (A),3:07.51,"Blanks, Gray, Jackson, Page",2016 Drake Relays presented by Hy-Vee,2016-04-27,4x400,M
60,Kansas (H),3:07.51,"Wilson, Daniels, Matthews, Livingston",Rock Chalk Classic,2016-04-30,4x400,M
62,Kansas (E),3:07.63,"Henry, Hartley, Wilson, Livingston",Kansas Relays,2016-04-20,4x400,M
63,Minnesota (E),3:07.64,"Wellenstein, Roese, Deng, Hechsel",Virginia Challenge,2016-04-22,4x400,M
63,Texas A&M (L),3:07.64,"Hernandez, Rose, Age, Thomas",Michael Johnson Classic,2016-04-23,4x400,M
65,Arkansas (A),3:07.66,"Igbokwe, Janise, Stephen, Washington",2016 Nike Clyde Littlefield Texas Relays,2016-03-30,4x400,M
66,N. Carolina A&T (A),3:07.67,"Hamilton, Claggett, Aiken, Harding",MEAC Outdoor Track & Field Championships,2016-05-05,4x400,M
67,Arkansas (F),3:07.68,"Anderson, Donald, Washington, Blakely",Arkansas Twilight,2016-05-06,4x400,M
68,Illinois (F),3:07.78,"Allen, Burns, Viney, McAsey",Big Ten Conference Outdoor Track & Field Championships,2016-05-13,4x400,M
69,North Carolina (C),3:07.81,"Selmon, Nicholls, Wanliss, Ways",Battle of the Blues,2016-04-01,4x400,M
70,Texas A&M (I),3:07.83,"Hickey, Brazier, Ellison, Martin",UCLA vs. Texas A&M Dual Meet,2016-04-16,4x400,M
71,Purdue (E),3:07.95,"Parks, Webb, Frederick, Ikpefan",2016 Drake Relays presented by Hy-Vee,2016-04-27,4x400,M
71,Baylor (D),3:07.95,"Moore, Musgrove, Dickson, London",2016 Baylor Invitational,2016-04-09,4x400,M
73,LSU (A),3:07.97,"Bruton, Dunkley, Flournoy, Grayson",Miami Hurricane Twilight Invitational,2016-03-25,4x400,M
74,BYU (F),3:08.00@,"Scheible, White, Carlson, Walker",2016 BYU Robison Invitational,2016-04-21,4x400,M
75,Arizona (A),3:08.03,"Houston, Eichler, Demby, Parish",2016 Duel in the Desert,2016-04-30,4x400,M
76,Morgan State (C),3:08.06,"Roberson, St. Louis, Johnson, Johnson",Florida Relays,2016-03-31,4x400,M
77,LIU Brooklyn (C),3:08.13,"Bunion, Rodney, Petit-Homme, McLean",Raleigh Relays,2016-03-25,4x400,M
77,Cincinnati (D),3:08.13,"Witcher, Brooks, Smith, Alexander",The American Outdoor Track & Field Championships,2016-05-12,4x400,M
79,Michigan (C),3:08.43,"Chapman, Washington, Munley, McLaughlin",Big Ten Conference Outdoor Track & Field Championships,2016-05-13,4x400,M
80,Utah State (B),3:08.46,"Martin, Bluth, Hunt, Lambourne",2016 Nike Clyde Littlefield Texas Relays,2016-03-30,4x400,M
80,N. Carolina A&T (B),3:08.46,"Hamilton, Claggett, Dickson, Harding",Florida Relays,2016-03-31,4x400,M
82,Arkansas (G),3:08.49,"Ejiakuekwu, Janise, Anderson, Washington",SEC Championships,2016-05-12,4x400,M
82,LIU Brooklyn (F),3:08.49,"Cue, McLean, Petit-Homme, Bunion",Georgia Tech Invitational,2016-04-22,4x400,M
84,St. Joseph's (Pa.) (H),3:08.55,"Henderson, Banks, Doaty, Peabody",Penn Relays,2016-04-28,4x400,M
85,Indiana (B),3:08.58,"Kuhn, Roach, Reitzug, Manley",2016 Billy Hayes Invitational,2016-05-06,4x400,M
85,Morgan State (E),3:08.58,"Roberson, St. Louis, Varella, Johnson",MEAC Outdoor Track & Field Championships,2016-05-05,4x400,M
87,Arkansas (C),3:08.59,"Stephen, Janise, Thomas, Orange",John McDonnell Invitational,2016-04-22,4x400,M
88,Illinois State (D),3:08.61,"Montgomery, Hamilton, Lewis, Devonish",Wisconsin Twilight,2016-05-06,4x400,M
89,North Carolina (E),3:08.66,"Selmon, Lipsey, Wanliss, Nicholls",Virginia Challenge,2016-04-22,4x400,M
90,Western Kentucky (H),3:08.74,"Redwine, Dasor, Sears, Seged",Penn Relays,2016-04-28,4x400,M
90,Louisville (C),3:08.74,"Moore, Brown, Peck, Keys",Florida Relays,2016-03-31,4x400,M
92,North Carolina St. (A),3:08.75,"Krehnbrink, Cunningham, Patterson, Davis",Florida Relays,2016-03-31,4x400,M
93,Connecticut (D),3:08.82,"Beram, Henry, Sykes, Amonu",The American Outdoor Track & Field Championships,2016-05-12,4x400,M
94,South Carolina (G),3:08.84,"Echols, Kanervo, Chiles, Collier",Florida Relays,2016-03-31,4x400,M
95,SE Missouri (B),3:08.89,"Wright, Chunn, Barber, Pasley",Georgia Tech Invitational,2016-04-22,4x400,M
95,LIU Brooklyn (G),3:08.89,"Cue, Rodney, Petit-Homme, McLean",Penn Relays,2016-04-28,4x400,M
97,Purdue (A),3:08.91,"Parks, Rolle, Ikpefan, McLaren",2016 Nike Clyde Littlefield Texas Relays,2016-03-30,4x400,M
98,Albany (E),3:09.00,"Tomlinson, Jobe, Banfield, Jones",Penn Relays,2016-04-28,4x400,M
99,Miami (D),3:09.03,"Mullings, Delauze, Jones, Ryan",ACC Championships,2016-05-13,4x400,M
100,Memphis (E),3:09.06,"Walker, Klatt, Green, Church",The American Outdoor Track & Field Championships,2016-05-12,4x400,M
