,ATHLETE,YEAR,TEAM,POINTS,MEET,MEET DATE,EVENT,GENDER
1,"Jones, Akela",SR-4,Kansas State,6307,Mt. SAC Relays/CA Invitational Multi Events,2016-04-13,Hep,M
2,"Bougard, Erica",SR-4,Miss State,6170,SEC Championships,2016-05-12,Hep,M
3,"Iuel, Amalie",JR-3,USC,6011,Pac-12 Combined Events Championships,2016-05-07,Hep,M
4,"Brooks, Taliyah",SO-2,Arkansas,5991,2016 Nike Clyde Littlefield Texas Relays,2016-03-30,Hep,M
5,"Stumbaugh, Payton",SO-2,Arkansas,5985,2016 Nike Clyde Littlefield Texas Relays,2016-03-30,Hep,M
6,"Kunz, Annie",SR-4,Texas A&M,5976,SEC Championships,2016-05-12,Hep,M
7,"Williams, Kendell",JR-3,Georgia,5957,Bulldog Decathlon-Heptathlon,2016-04-06,Hep,M
8,"Lehman, Jess",SR-4,Minnesota,5917,Mt. SAC Relays/CA Invitational Multi Events,2016-04-13,Hep,M
9,"Ellenwood, Georgia",JR-3,Wisconsin,5914,Bulldog Decathlon-Heptathlon,2016-04-06,Hep,M
10,"Gochenour, Alex",SR-4,Arkansas,5833,2016 Nike Clyde Littlefield Texas Relays,2016-03-30,Hep,M
11,"Zamzow, Ashtin",SO-2,Texas,5829,2016 Nike Clyde Littlefield Texas Relays,2016-03-30,Hep,M
12,"Farrington, Melissa-Maree",JR-3,Florida State,5735,ACC Championships,2016-05-13,Hep,M
13,"Dameus, Clairwin",SR-4,Tennessee St.,5729,Bulldog Decathlon-Heptathlon,2016-04-06,Hep,M
14,"Knodle , Paige",SR-4,Northern Iowa,5680,2016 Nike Clyde Littlefield Texas Relays,2016-03-30,Hep,M
15,"Sadeiko, Grete",JR-3,Florida State,5676,2016 Nike Clyde Littlefield Texas Relays,2016-03-30,Hep,M
16,"Brown, Leigha",JR-3,Arkansas,5647,SEC Championships,2016-05-12,Hep,M
17,"Siefring, Jaclyn",SO-2,Akron,5627,2016 Nike Clyde Littlefield Texas Relays,2016-03-30,Hep,M
18,"Mokrasova, Lucia",SO-2,UTEP,5615,2016 Nike Clyde Littlefield Texas Relays,2016-03-30,Hep,M
19,"Cvitanovic, Lucija",SR-4,SMU,5611,The American Outdoor Track & Field Championships,2016-05-12,Hep,M
20,"Dadzie, Elizabeth",JR-3,Mid. Tenn. State,5599,Conference USA Championship,2016-05-12,Hep,M
21,"Loeffel, Carly",SR-4,Notre Dame,5594,ACC Championships,2016-05-13,Hep,M
22,"Thompson, Alyssa",JR-3,Arizona,5580,Pac-12 Combined Events Championships,2016-05-07,Hep,M
23,"Maslowski, Teddi",SR-4,Duke,5569,Mt. SAC Relays/CA Invitational Multi Events,2016-04-13,Hep,M
23,"Cooks, Riley",JR-3,Long Beach St.,5569,UC Riverside Spring Break Invitational,2016-03-24,Hep,M
25,"Harper, Liz",JR-3,Washington St.,5564,Pac-12 Combined Events Championships,2016-05-07,Hep,M
26,"Green, Jessica",SR-4,Colorado St.,5552,Mountain West Championships,2016-05-11,Hep,M
27,"McLeod, Erika",SO-2,Montana,5541,Big Sky Outdoor Track & Field Championships,2016-05-11,Hep,M
28,"Howell, Aaron",SO-2,Michigan,5538,Big Ten Conference Outdoor Track & Field Championships,2016-05-13,Hep,M
29,"Hansen, Madison",SR-4,Harvard,5530,Ivy League Outdoor Track & Field Championships,2016-05-07,Hep,M
30,"Torres, Abrianna",SR-4,Colorado,5528,Mt. SAC Relays/CA Invitational Multi Events,2016-04-13,Hep,M
31,"Wadden, Nicole",JR-3,Nevada,5508,Mountain West Championships,2016-05-11,Hep,M
32,"Herman, Kelsey",FR-1,Arkansas,5495,SEC Championships,2016-05-12,Hep,M
33,"Thors√•s, Frida",SO-2,Florida Atlantic,5484,Conference USA Championship,2016-05-12,Hep,M
34,"Thompson, Natalie",SR-4,Texas Tech,5471,Big 12 Outdoor Track & Field Championships,2016-05-13,Hep,M
35,"Yetter, Gavyn",JR-3,Wichita State,5447,Shirley Crowe Combined Events,2016-03-15,Hep,M
36,"Gustafson, Kendall",SO-2,UCLA,5442,Mt. SAC Relays/CA Invitational Multi Events,2016-04-13,Hep,M
37,"Morgan, Taylor",SR-4,Princeton,5427,Ivy League Outdoor Track & Field Championships,2016-05-07,Hep,M
38,"Graham, Sarah",SR-4,South Carolina,5423,Bulldog Decathlon-Heptathlon,2016-04-06,Hep,M
39,"Bowe, Samantha",SR-4,New Mexico,5349,Mt. SAC Relays/CA Invitational Multi Events,2016-04-13,Hep,M
39,"Borman, Breanne",JR-3,Wichita State,5349,2016 MVC Outdoor Track and Field Championships,2016-05-13,Hep,M
41,"Hinton, Kaylee",FR-1,Texas Tech,5348,Kansas Relays,2016-04-20,Hep,M
41,"Conley, Janel",JR-3,Rhode Island,5348,NEICAAA Outdoor Track & Field Championships,2016-05-13,Hep,M
43,"Hankenson, Holly",FR-1,Louisville,5333,Lenny Lyles-Clark Wood Invitational,2016-04-21,Hep,M
44,"Wade, Peyton",SO-2,Maryland,5324,Big Ten Conference Outdoor Track & Field Championships,2016-05-13,Hep,M
45,"Bartosch, Nicole",JR-3,Sacred Heart,5286,NEICAAA Outdoor Track & Field Championships,2016-05-13,Hep,M
46,"Lopes, Lyndsey",FR-1,USC,5277,Pac-12 Combined Events Championships,2016-05-07,Hep,M
47,"Kaufmann, Madeline",JR-3,Stephen F. Austin,5272,Southland Conference Outdoor Track & Field Championships,2016-05-06,Hep,M
48,"Jackson, Rose",JR-3,North Dakota State,5269,Mt. SAC Relays/CA Invitational Multi Events,2016-04-13,Hep,M
49,"Rider, Danielle",SR-4,Montana State,5267,Big Sky Outdoor Track & Field Championships,2016-05-11,Hep,M
50,"Bye, Martine",SO-2,Memphis,5254,The American Outdoor Track & Field Championships,2016-05-12,Hep,M
51,"Gray, Jordan",FR-1,Kennesaw State,5240,Virginia Challenge,2016-04-22,Hep,M
52,"Ellis, Kassidy",JR-3,San Diego St.,5238,Mountain West Championships,2016-05-11,Hep,M
53,"Reynolds, Asya",FR-1,Michigan State,5211,Big Ten Conference Outdoor Track & Field Championships,2016-05-13,Hep,M
54,"Winter, Audra",JR-3,Minnesota,5203,Big Ten Conference Outdoor Track & Field Championships,2016-05-13,Hep,M
55,"Bonds, Tiana",SO-2,Arizona,5200,Pac-12 Combined Events Championships,2016-05-07,Hep,M
56,"Inoussa, Farydah",JR-3,New Orleans,5164,Southland Conference Outdoor Track & Field Championships,2016-05-06,Hep,M
57,"Caines, Marteisha",JR-3,Wichita State,5150,2016 MVC Outdoor Track and Field Championships,2016-05-13,Hep,M
58,"Krause, Kerry",SR-4,Princeton,5143,Ivy League Outdoor Track & Field Championships,2016-05-07,Hep,M
59,"Mutter, Linda",SO-2,Louisville,5133,Lenny Lyles-Clark Wood Invitational,2016-04-21,Hep,M
60,"Fleming, Tayler",SO-2,UC Riverside,5124,2016 Big West Multi-Championship,2016-05-06,Hep,M
61,"Holmberg, Madeline",FR-1,Penn State,5118,Big Ten Conference Outdoor Track & Field Championships,2016-05-13,Hep,M
62,"Bender, Hope",FR-1,UC Santa Barbara,5114,2016 Big West Multi-Championship,2016-05-06,Hep,M
63,"Morrison, Allison",SR-4,Harvard,5104,Ivy League Outdoor Track & Field Championships,2016-05-07,Hep,M
64,"Franco, Monica",SR-4,Colorado St.,5095,Mountain West Championships,2016-05-11,Hep,M
65,"Neal, Maya",FR-1,Tennessee,5091,SEC Championships,2016-05-12,Hep,M
66,"Lord, Courtney",SO-2,Sam Houston St.,5081,2016 Skechers Carl Kight Invitational,2016-04-08,Hep,M
67,"Hector, Keiko",SR-4,Rhode Island,5080,Atlantic 10 Championships,2016-05-07,Hep,M
68,"Bikanova, Saija",SR-4,Connecticut,5077,Penn Relays - Combined Events,2016-04-26,Hep,M
69,"Usgaard, Tori",JR-3,UC Santa Barbara,5075,2016 Big West Multi-Championship,2016-05-06,Hep,M
70,"Merkley, Erin",SR-4,BYU,5068,2016 BYU Robison Invitational,2016-04-21,Hep,M
70,"Kemp, Tory",JR-3,North Carolina,5068,ACC Championships,2016-05-13,Hep,M
72,"Thompson, Samone",JR-3,Arkansas State,5067,Sun Belt Conference Outdoor Track & Field Championships,2016-05-13,Hep,M
73,"Lewis, Brittany",SR-4,Colorado St.,5065,Jim Click Shootout,2016-04-09,Hep,M
74,"Sullivan, Kelsey",SO-2,Northeastern,5063,NEICAAA Outdoor Track & Field Championships,2016-05-13,Hep,M
75,"Doffeny, Jourdan",JR-3,Northern Illinois,5061,Mid-American Conference Championship,2016-05-12,Hep,M
76,"Dixon, Emily",SO-2,Elon,5059,CAA Outdoor Track and Field Championships,2016-05-06,Hep,M
77,"Burns, Shaina",SO-2,Texas A&M,5056,SEC Championships,2016-05-12,Hep,M
77,"Jackson, Erika",SR-4,Liberty,5056,Mt. SAC Relays/CA Invitational Multi Events,2016-04-13,Hep,M
79,"Deveau, Bridget",SO-2,UMass Amherst,5048,Atlantic 10 Championships,2016-05-07,Hep,M
80,"Zamzow, Avery",SO-2,Sam Houston St.,5045,Southland Conference Outdoor Track & Field Championships,2016-05-06,Hep,M
81,"Cannigan, Shanice",SO-2,South Dakota,5035,2016 Nike Clyde Littlefield Texas Relays,2016-03-30,Hep,M
82,"Beckman, Alex",SR-4,Minnesota,5034,Mt. SAC Relays/CA Invitational Multi Events,2016-04-13,Hep,M
83,"Peth, Rachel",SR-4,Northern Iowa,5029,2016 MVC Outdoor Track and Field Championships,2016-05-13,Hep,M
83,"Frantz, Allison",SO-2,Dartmouth,5029,Ivy League Outdoor Track & Field Championships,2016-05-07,Hep,M
85,"Storm, Kaci",JR-3,Iowa State,5027,Big 12 Outdoor Track & Field Championships,2016-05-13,Hep,M
86,"Abdullah-Muhammad, Qetuwrah",SO-2,Mid. Tenn. State,5026,Conference USA Championship,2016-05-12,Hep,M
87,"Whigham, Emma",FR-1,Iowa State,5019,Jim Click Shootout,2016-04-09,Hep,M
88,"Stephens, Makayla",SO-2,Oklahoma,5017,Big 12 Outdoor Track & Field Championships,2016-05-13,Hep,M
89,"Cuckler, Chanda",SR-4,Ohio,5012,Mid-American Conference Championship,2016-05-12,Hep,M
90,"Sper, Karsen",SR-4,San Diego St.,5011,Mountain West Championships,2016-05-11,Hep,M
91,"Ghaffar, Aminah",JR-3,East Carolina,5006,The American Outdoor Track & Field Championships,2016-05-12,Hep,M
92,"Collins, Amy",JR-3,Wake Forest,5001,ACC Championships,2016-05-13,Hep,M
93,"Kerrison, Stefani",FR-1,Miami,4995,ACC Championships,2016-05-13,Hep,M
94,"Fusilier, Jasmin",SR-4,UL-Lafayette,4986,Sun Belt Conference Outdoor Track & Field Championships,2016-05-13,Hep,M
95,"Goodale, Sarah",JR-3,Vanderbilt,4979,SEC Championships,2016-05-12,Hep,M
96,"Garman, Maria",FR-1,Dartmouth,4978,Ivy League Outdoor Track & Field Championships,2016-05-07,Hep,M
97,"Folsom, Halley",FR-1,BYU,4966,2016 BYU Cougar Invitational,2016-05-12,Hep,M
98,"Rojo, Claudia",FR-1,Wichita State,4965,Shirley Crowe Combined Events,2016-03-15,Hep,M
99,"Smith, C.J.",SR-4,Washington,4961,Pac-12 Combined Events Championships,2016-05-07,Hep,M
100,"Fray, Bejai",SO-2,FIU,4941,Conference USA Championship,2016-05-12,Hep,M
1,"Williams, Kendell",SR-4,Georgia,6354,Spec Towns Invitational,2017-04-07,Hep,M
2,"Brooks, Taliyah",JR-3,Arkansas,6099,SEC Outdoor Track & Field Championships,2017-05-11,Hep,M
3,"Stumbaugh, Payton",JR-3,Arkansas,6023,SEC Outdoor Track & Field Championships,2017-05-11,Hep,M
4,"Schultz, Nina",FR-1,Kansas State,6021,Jim Click Shootout,2017-04-08,Hep,M
5,"Hinton, Kaylee",SO-2,Texas Tech,5869,Big 12 Outdoor Track & Field Championships,2017-05-12,Hep,M
6,"Brown, Leigha",SR-4,Arkansas,5852,SEC Outdoor Track & Field Championships,2017-05-11,Hep,M
7,"Dadzie, Elizabeth",SR-4,Mid. Tenn. State,5832,2017 Conference USA Outdoor Track & Field Championship,2017-05-11,Hep,M
8,"Herman, Kelsey",SO-2,Arkansas,5820,SEC Outdoor Track & Field Championships,2017-05-11,Hep,M
9,"Siefring, Jaclyn",JR-3,Akron,5750,Mt. SAC Relays/CA Invitational Multi Events,2017-04-12,Hep,M
10,"Wadden, Nicole",SR-4,Nevada,5697,2017 90th Clyde Littlefield Texas Relays,2017-03-29,Hep,M
11,"Farrington, Melissa-Maree",SR-4,Florida State,5692,ACC Outdoor Track & Field Championships,2017-05-12,Hep,M
12,"Cooks, Riley",SR-4,Long Beach St.,5671,2017 Big West Multi Championships,2017-05-05,Hep,M
12,"Mokrasova, Lucia",JR-3,UTEP,5671,2017 90th Clyde Littlefield Texas Relays,2017-03-29,Hep,M
14,"Gray, Jordan",SO-2,Kennesaw State,5641,ASUN Outdoor Track & Field Championships,2017-05-12,Hep,M
15,"Borman, Breanne",SR-4,Wichita State,5640,2017 MVC Outdoor Track and Field Championships,2017-05-12,Hep,M
16,"Brooks-Johnson, Alissa",JR-3,Washington St.,5638,2017 Pac-12 Combined Events Championships,2017-05-06,Hep,M
17,"Holmberg, Madeline",SO-2,Penn State,5636,Virginia Challenge,2017-04-21,Hep,M
18,"Grauvogel, Louisa",FR-1,Georgia,5616,Spec Towns Invitational,2017-04-07,Hep,M
19,"Pfeiffer, Jenna",SR-4,Baylor,5584,Big 12 Outdoor Track & Field Championships,2017-05-12,Hep,M
20,"Hankenson, Holly",SO-2,Louisville,5556,2017 90th Clyde Littlefield Texas Relays,2017-03-29,Hep,M
21,"Yetter, Gavyn",SR-4,Wichita State,5553,2017 MVC Outdoor Track and Field Championships,2017-05-12,Hep,M
22,"Hallock, Kara",SR-4,Oregon State,5551,2017 Pac-12 Combined Events Championships,2017-05-06,Hep,M
22,"Larch-Miller, Nikki",SR-4,Wichita State,5551,Wichita State KT Woodman Heptathlon/Decathlon,2017-04-11,Hep,M
22,"Usgaard, Tori",SR-4,UC Santa Barbara,5551,Mt. SAC Relays/CA Invitational Multi Events,2017-04-12,Hep,M
25,"Jackson, Rose",SR-4,North Dakota State,5540,UC Riverside Spring Track Classic,2017-03-23,Hep,M
26,"Clemens, Stella",SO-2,UNLV,5451,Mountain West Outdoor Track & Field Championships,2017-05-10,Hep,M
27,"Hughes, Zoe",FR-1,Harvard,5444,Mt. SAC Relays/CA Invitational Multi Events,2017-04-12,Hep,M
28,"Neal, Maya",SO-2,Tennessee,5443,SEC Outdoor Track & Field Championships,2017-05-11,Hep,M
29,"Chenault, Christina",SO-2,UCLA,5438,Mt. SAC Relays/CA Invitational Multi Events,2017-04-12,Hep,M
29,"Kelly, Brittany",SO-2,LSU,5438,SEC Outdoor Track & Field Championships,2017-05-11,Hep,M
31,"Thorss, Frida",JR-3,Florida Atlantic,5425,Miami Hurricane Alumni Invitational,2017-04-07,Hep,M
32,"Harper, Liz",SR-4,Washington St.,5420,Mt. SAC Relays/CA Invitational Multi Events,2017-04-12,Hep,M
33,"Conley, Janel",SR-4,Rhode Island,5407,Holy Cross Multi-Event Meet 2017,2017-04-19,Hep,M
34,"Lemmons, Jaida",SO-2,Duke,5397,ACC Outdoor Track & Field Championships,2017-05-12,Hep,M
35,"Collins, Amy",SR-4,Wake Forest,5387,ACC Outdoor Track & Field Championships,2017-05-12,Hep,M
36,"Berge, Emile",FR-1,South Alabama,5382,Sun Belt Outdoor Track and Field Championships,2017-05-12,Hep,M
37,"Lopes, Lyndsey",SO-2,USC,5371,2017 Pac-12 Combined Events Championships,2017-05-06,Hep,M
38,"Howell, Aaron",JR-3,Michigan,5359,Big Ten Outdoor Championships,2017-05-12,Hep,M
39,"Burns, Shaina",JR-3,Texas A&M,5356,SEC Outdoor Track & Field Championships,2017-05-11,Hep,M
40,"Ortega, Patricia",SR-4,Akron,5352,Mid-American Outdoor Track & Field Championships,2017-05-11,Hep,M
41,"Goodale, Sarah",SR-4,Vanderbilt,5337,SEC Outdoor Track & Field Championships,2017-05-11,Hep,M
42,"Mattson, Jestena",SO-2,Fresno State,5333,Mountain West Outdoor Track & Field Championships,2017-05-10,Hep,M
43,"Wade, Peyton",JR-3,Maryland,5323,Big Ten Outdoor Championships,2017-05-12,Hep,M
44,"Venzon, Elizabeth",SR-4,Sacramento St.,5322,2017 Big Sky Outdoor Track & Field Championships,2017-05-10,Hep,M
45,"Levin, Amanda",JR-3,North Dakota State,5321,The Summit League Outdoor Track & Field Championships,2017-05-11,Hep,M
46,"Sullivan, Holly",JR-3,Virginia,5317,ACC Outdoor Track & Field Championships,2017-05-12,Hep,M
47,"Reynolds, Asya",SO-2,Michigan State,5314,Big Ten Outdoor Championships,2017-05-12,Hep,M
48,"Huggins, Dallyssa",FR-1,Maryland,5307,Big Ten Outdoor Championships,2017-05-12,Hep,M
49,"Lane, Vanessa",JR-3,South Dakota St.,5300,The Summit League Outdoor Track & Field Championships,2017-05-11,Hep,M
50,"Paul, Carly",SO-2,Brown,5296,Ivy League Outdoor Track & Field Championships,2017-05-06,Hep,M
51,"Caines, Martiesha",SR-4,Wichita State,5295,2017 MVC Outdoor Track and Field Championships,2017-05-12,Hep,M
52,"Moore, Ashlee",SO-2,Arkansas,5293,SEC Outdoor Track & Field Championships,2017-05-11,Hep,M
53,"Felix, Monique",SO-2,Marquette,5287,Mt. SAC Relays/CA Invitational Multi Events,2017-04-12,Hep,M
54,"Mohns, Kyra",JR-3,New Mexico,5280,Mountain West Outdoor Track & Field Championships,2017-05-10,Hep,M
55,"Fitzgerald, Emma",FR-1,Wisconsin,5255,Big Ten Outdoor Championships,2017-05-12,Hep,M
56,"Okorie, Ariel",FR-1,Kansas State,5251,Big 12 Outdoor Track & Field Championships,2017-05-12,Hep,M
57,"Doffeny, Jourdan",SR-4,Northern Illinois,5240,2017 90th Clyde Littlefield Texas Relays,2017-03-29,Hep,M
58,"Whigham, Emma",SO-2,Iowa State,5239,Big 12 Outdoor Track & Field Championships,2017-05-12,Hep,M
59,"Childs, Jade",SR-4,San Jose St.,5236,Mountain West Outdoor Track & Field Championships,2017-05-10,Hep,M
60,"Stephens, Makayla",JR-3,Oklahoma,5231,Big 12 Outdoor Track & Field Championships,2017-05-12,Hep,M
61,"Bartosch, Nicole",SR-4,Sacred Heart,5226,Mt. SAC Relays/CA Invitational Multi Events,2017-04-12,Hep,M
62,"Gustafson, Kendall",JR-3,UCLA,5217,2017 Pac-12 Combined Events Championships,2017-05-06,Hep,M
62,"Fray, BeJai",JR-3,Bowling Green,5217,Mid-American Outdoor Track & Field Championships,2017-05-11,Hep,M
64,"Dunderdale, Hannah",JR-3,Arkansas State,5213,Sun Belt Outdoor Track and Field Championships,2017-05-12,Hep,M
65,"Bender, Hope",SO-2,UC Santa Barbara,5212,Mt. SAC Relays/CA Invitational Multi Events,2017-04-12,Hep,M
66,"Seawater-Simmons, Tria",SO-2,Iowa,5205,Big Ten Outdoor Championships,2017-05-12,Hep,M
67,"Mutter, Linda",JR-3,Louisville,5200,ACC Outdoor Track & Field Championships,2017-05-12,Hep,M
68,"Henry, Alexus",SO-2,UT-Arlington,5199,Sun Belt Outdoor Track and Field Championships,2017-05-12,Hep,M
69,"Hani, Abby",SR-4,Texas State,5188,Sun Belt Outdoor Track and Field Championships,2017-05-12,Hep,M
70,"Polsgrove, Kylie",SO-2,Liberty,5184,Virginia Challenge,2017-04-21,Hep,M
71,"Taintor, Amy",JR-3,Miami,5182,Miami Hurricane Alumni Invitational,2017-04-07,Hep,M
72,"Yetter, Lindsay",FR-1,BYU,5179,2017 BYU Cougar Invitational,2017-05-12,Hep,M
73,"Folsom, Halley",SO-2,BYU,5166,2017 BYU Cougar Invitational,2017-05-12,Hep,M
74,"Corrigan, Kassandra",SR-4,Sacramento St.,5163,2017 Big Sky Outdoor Track & Field Championships,2017-05-10,Hep,M
75,"Tillman, Zaria",SO-2,Miss State,5153,SEC Outdoor Track & Field Championships,2017-05-11,Hep,M
76,"Van, Monique",SR-4,UCLA,5144,2017 Pac-12 Combined Events Championships,2017-05-06,Hep,M
76,"Stroot, Nicole",SR-4,Montana,5144,2017 Big Sky Outdoor Track & Field Championships,2017-05-10,Hep,M
78,"Fleming, Tayler",JR-3,UC Riverside,5131,UC Riverside Spring Track Classic,2017-03-23,Hep,M
79,"Popp, Selena",SO-2,Samford,5129,Southern Conference Outdoor Championships 2017,2017-05-11,Hep,M
80,"Slay, Catika",SR-4,Western Kentucky,5123,2017 Conference USA Outdoor Track & Field Championship,2017-05-11,Hep,M
81,"Kimbro, Jenny",FR-1,Iowa,5121,Jim Click Shootout,2017-04-08,Hep,M
82,"Taubert, Lauren",FR-1,Kansas State,5115,Big 12 Outdoor Track & Field Championships,2017-05-12,Hep,M
83,"Wichhart-Donzo, Maja",SO-2,Colorado,5108,Mt. SAC Relays/CA Invitational Multi Events,2017-04-12,Hep,M
84,"Chrisp, Jessica",SR-4,Montana State,5107,2017 Big Sky Outdoor Track & Field Championships,2017-05-10,Hep,M
85,"Von Jackowski, Selina",SO-2,Buffalo,5099,Mid-American Outdoor Track & Field Championships,2017-05-11,Hep,M
86,"Holland, Tessa",SO-2,Illinois State,5098,2017 MVC Outdoor Track and Field Championships,2017-05-12,Hep,M
87,"McNairy, Saskia",SO-2,Oregon State,5092,2017 Pac-12 Combined Events Championships,2017-05-06,Hep,M
87,"Njoku, Rose",FR-1,Texas Tech,5092,Big 12 Outdoor Track & Field Championships,2017-05-12,Hep,M
89,"MacLean, Grace",SR-4,Maine,5087,NEICAAA Outdoor Track & Field Championships,2017-05-12,Hep,M
90,"Laury, Chelsea",SR-4,Kent State,5085,Mid-American Outdoor Track & Field Championships,2017-05-11,Hep,M
91,"Woodbury, Bailey",SR-4,Idaho State,5054,2017 Big Sky Outdoor Track & Field Championships,2017-05-10,Hep,M
92,"Ellis, Kassidy",SR-4,San Diego St.,5048,Mountain West Outdoor Track & Field Championships,2017-05-10,Hep,M
93,"Sims, Kolbi",SO-2,San Jose St.,5045,Mountain West Outdoor Track & Field Championships,2017-05-10,Hep,M
94,"Roberts, Khemani",SO-2,Coppin State,5038,2017 Morgan State Legacy Track & Field Meet,2017-04-21,Hep,M
95,"Grandcolas, Carlyn",SR-4,Baylor,5037,Big 12 Outdoor Track & Field Championships,2017-05-12,Hep,M
96,"Abdullah-Muhammad, Qetuwrah",JR-3,Mid. Tenn. State,5033,2017 Conference USA Outdoor Track & Field Championship,2017-05-11,Hep,M
97,"Cassidy, Sarah",SR-4,Lehigh,5029,Patriot League Outdoor Track & Field Championships,2017-05-05,Hep,M
98,"Torres, Gabby",SO-2,UTSA,5009,2017 Conference USA Outdoor Track & Field Championship,2017-05-11,Hep,M
99,"Urbano, Naomi",SO-2,Cincinnati,5003,The American Outdoor Track & Field Championships,2017-05-12,Hep,M
99,"Smith, Kylah",SO-2,Texas State,5003,Sun Belt Outdoor Track and Field Championships,2017-05-12,Hep,M
1,"Zamzow, Ashtin",SR-4,Texas,6148,2019 92nd Clyde Littlefield Texas Relays,2019-03-27,Hep,M
2,"Atherley, Michelle",JR-3,Miami (Fla.),5966,Miami Hurricane Alumni Invitational,2019-04-12,Hep,M
3,"Bender, Hope",SR-4,UC Santa Barbara,5940,Bryan Clay Invitational,2019-04-17,Hep,M
4,"Marsh, Erin",SO-2,Duke,5806,ACC Championships,2019-05-09,Hep,M
5,"Froeynes, Amanda",SO-2,Florida,5801,SEC Outdoor Track & Field Championships,2019-05-09,Hep,M
6,"Gittens, Tyra",SO-2,Texas A&M,5793,SEC Outdoor Track & Field Championships,2019-05-09,Hep,M
7,"Taubert, Lauren",JR-3,Kansas State,5770,Big 12 Outdoor Track and Field Championships,2019-05-10,Hep,M
8,"Rusnak, Hannah",SO-2,Washington,5762,2019 Pac-12 Track & Field Championships,2019-05-04,Hep,M
9,"Berge, Emilie",JR-3,South Alabama,5718,2019 92nd Clyde Littlefield Texas Relays,2019-03-27,Hep,M
10,"Levin, Amanda",SR-4,North Dakota State,5695,Bryan Clay Invitational,2019-04-17,Hep,M
11,"Gray, Jordan",SR-4,Kennesaw State,5681,Virginia Challenge,2019-04-19,Hep,M
12,"Kimbro, Jenny",JR-3,Iowa,5679,Bryan Clay Invitational,2019-04-17,Hep,M
13,"Beattie, Erinn",SR-4,UC Davis,5671,Bryan Clay Invitational,2019-04-17,Hep,M
14,"Mattson, Jestena",SR-4,Fresno State,5635,Mountain West Outdoor Track & Field Championship,2019-05-08,Hep,M
15,"Paul, Carly",SR-4,Brown,5632,Tennessee Relays,2019-04-11,Hep,M
16,"McKenzie, Grace",JR-3,McNeese State,5609,2019 92nd Clyde Littlefield Texas Relays,2019-03-27,Hep,M
17,"Wichhart-Donzo, Maja",SR-4,Colorado,5600,2019 Pac-12 Track & Field Championships,2019-05-04,Hep,M
18,"Ader, Nicola",SO-2,Nevada,5590,Bryan Clay Invitational,2019-04-17,Hep,M
19,"Chenault, Christina",JR-3,UCLA,5585,Bryan Clay Invitational,2019-04-17,Hep,M
19,"Wenning, Michaela",SR-4,Colorado,5585,Bryan Clay Invitational,2019-04-17,Hep,M
21,"Simmons, Tria",SR-4,Iowa,5577,Bryan Clay Invitational,2019-04-17,Hep,M
22,"Lester, Sterling",FR-1,Georgia,5562,Spec Towns Invitational,2019-04-05,Hep,M
23,"Reynolds, Asya",JR-3,Michigan State,5520,Big Ten Championships,2019-05-10,Hep,M
24,"Okorie, Ariel",JR-3,Kansas State,5516,Jim Click Shootout,2019-04-06,Hep,M
25,"Juskeviciute, Beatrice",FR-1,Cornell,5504,Tennessee Relays,2019-04-11,Hep,M
26,"Roberts, Khemani",SR-4,Tennessee Tech,5482,Virginia Challenge,2019-04-19,Hep,M
27,"Sims, Kolbi",SR-4,Utah,5477,2019 Pac-12 Track & Field Championships,2019-05-04,Hep,M
28,"McLeod, Erika",SR-4,Montana,5425,Big Sky Outdoor Track & Field Championships,2019-05-08,Hep,M
29,"Chapman, Timara",FR-1,North Carolina St.,5412,ACC Championships,2019-05-09,Hep,M
30,"Jordan, Natosha",JR-3,Auburn,5389,SEC Outdoor Track & Field Championships,2019-05-09,Hep,M
31,"Sieben, Skylar",FR-1,Arizona,5383,2019 Pac-12 Track & Field Championships,2019-05-04,Hep,M
32,"Meyer, Madison",JR-3,Southern Illinois,5380,MVC Championship,2019-05-10,Hep,M
33,"McNairy, Saskia",SR-4,Oregon State,5379,2019 Pac-12 Track & Field Championships,2019-05-04,Hep,M
34,"Hirsbrunner, Jordan",FR-1,Wisconsin,5369,Bryan Clay Invitational,2019-04-17,Hep,M
35,"Nwofor, Emma",JR-3,Arkansas State,5361,Spec Towns Invitational,2019-04-05,Hep,M
36,"McCarrell, Keira",SO-2,Oregon,5336,Bryan Clay Invitational,2019-04-17,Hep,M
37,"Polsgrove, Kylie",SR-4,Liberty,5333,Tennessee Relays,2019-04-11,Hep,M
38,"Deveau, Bridget",SR-4,UMass Amherst,5324,Virginia Challenge,2019-04-19,Hep,M
39,"Hankenson, Holly",SR-4,Louisville,5313,ACC Championships,2019-05-09,Hep,M
40,"Clemens, Stella",SR-4,UNLV,5311,Mountain West Outdoor Track & Field Championship,2019-05-08,Hep,M
41,"Smith, Asia",SO-2,San Diego St.,5309,Mountain West Outdoor Track & Field Championship,2019-05-08,Hep,M
42,"Coffman, Morgan",SR-4,Kansas State,5295,Big 12 Outdoor Track and Field Championships,2019-05-10,Hep,M
43,"Stephens, Makayla",SR-4,Oklahoma,5274,Big 12 Outdoor Track and Field Championships,2019-05-10,Hep,M
44,"Rhodes, Kiara",SO-2,Tennessee,5271,Tennessee Relays,2019-04-11,Hep,M
45,"Vanvleet Sturgis, Ashley",SO-2,Idaho State,5261,Big Sky Outdoor Track & Field Championships,2019-05-08,Hep,M
45,"Jones, Callie",SO-2,Southern Miss.,5261,Conference USA Outdoor Championships,2019-05-09,Hep,M
47,"Abbott , Calli Ann",JR-3,Hawaii,5258,2019 Big West Multi Championships,2019-05-03,Hep,M
48,"John, Safiya",FR-1,Arkansas-Pine Bluff,5257,2019 SWAC Outdoor T&F Championships,2019-05-03,Hep,M
49,"Muraskaite, Migle",SO-2,Lamar,5252,2019 92nd Clyde Littlefield Texas Relays,2019-03-27,Hep,M
50,"Henry, Kendra",SO-2,Wichita State,5249,The American Outdoor Track & Field Championships,2019-05-10,Hep,M
51,"Brooks, Kieshonna",JR-3,Ole Miss,5248,SEC Outdoor Track & Field Championships,2019-05-09,Hep,M
52,"Awuruonye, Amaka",JR-3,Charlotte,5237,Conference USA Outdoor Championships,2019-05-09,Hep,M
53,"Felix, Monique",JR-3,Minnesota,5228,Jim Click Shootout,2019-04-06,Hep,M
54,"Harvey, Amelia",JR-3,Colorado St.,5222,Mountain West Outdoor Track & Field Championship,2019-05-08,Hep,M
55,"Rojo, Claudia",JR-3,Wichita State,5219,The American Outdoor Track & Field Championships,2019-05-10,Hep,M
56,"Tillman, Zaria",SR-4,Miss State,5209,SEC Outdoor Track & Field Championships,2019-05-09,Hep,M
57,"Hanson, Sashane",SR-4,Texas A&M-CC,5201,Southland Conference Outdoor Track and Field Championship,2019-05-03,Hep,M
58,"Njoku, Rose",JR-3,Texas Tech,5195,Jim Click Shootout,2019-04-06,Hep,M
59,"Turner, Jillian",SR-4,Stephen F. Austin,5188,Southland Conference Outdoor Track and Field Championship,2019-05-03,Hep,M
60,"Amarasekara, Dilini",JR-3,UC Riverside,5157,2019 Big West Multi Championships,2019-05-03,Hep,M
61,"Sportoletti, Giulia",JR-3,Rice,5152,Conference USA Outdoor Championships,2019-05-09,Hep,M
62,"Gerads, Allison",FR-1,Minnesota,5150,Big Ten Championships,2019-05-10,Hep,M
63,"Preiss, Virginia",JR-3,Texas,5146,2019 92nd Clyde Littlefield Texas Relays,2019-03-27,Hep,M
64,"Bonds, Talie",SO-2,Utah State,5145,Bryan Clay Invitational,2019-04-17,Hep,M
65,"Floyd, Brittany",SO-2,UAB,5142,Conference USA Outdoor Championships,2019-05-09,Hep,M
66,"Eelma, Parl",FR-1,Lamar,5138,2019 92nd Clyde Littlefield Texas Relays,2019-03-27,Hep,M
67,"Lanovaz, Caice",JR-3,Cal Poly,5123,2019 Big West Multi Championships,2019-05-03,Hep,M
68,"VanVleet, Brianna",SO-2,Idaho State,5121,2019 BYU Robison Invitational,2019-04-25,Hep,M
69,"Kutzer, Kate",SO-2,Duke,5106,ACC Championships,2019-05-09,Hep,M
69,"Wilson, Sydney",SO-2,Wichita State,5106,The American Outdoor Track & Field Championships,2019-05-10,Hep,M
71,"Poe, Asia",FR-1,Miss State,5104,SEC Outdoor Track & Field Championships,2019-05-09,Hep,M
72,"Vaikla, Hanna-Mai",SO-2,South Alabama,5100,Sun Belt Outdoor Track and Field Championships,2019-05-10,Hep,M
73,"Busch, Michaela",JR-3,Western Illinois,5085,Summit League T&F Outdoor Championships,2019-05-08,Hep,M
74,"Smith, Juliette",JR-3,UL-Lafayette,5072,Sun Belt Outdoor Track and Field Championships,2019-05-10,Hep,M
75,"Coquillaud-Salomon, Mathilde",FR-1,South Carolina,5066,SEC Outdoor Track & Field Championships,2019-05-09,Hep,M
76,"Kirby, Megan",SO-2,Abilene Christian,5063,Southland Conference Outdoor Track and Field Championship,2019-05-03,Hep,M
77,"Del Hoyo, Emilia",SR-4,Sacramento St.,5062,Big Sky Outdoor Track & Field Championships,2019-05-08,Hep,M
77,"Tate, Aria",SO-2,Colorado St.,5062,Mountain West Outdoor Track & Field Championship,2019-05-08,Hep,M
79,"Denzer, Macy",JR-3,North Dakota State,5059,Summit League T&F Outdoor Championships,2019-05-08,Hep,M
80,"Xydona, Niki",JR-3,Grand Canyon,5054,WAC Outdoor Track and Field Championships,2019-05-09,Hep,M
81,"Russell, Zinedine",JR-3,Rice,5051,Conference USA Outdoor Championships,2019-05-09,Hep,M
82,"Videler, Isa",SO-2,UCLA,5043,2019 Pac-12 Track & Field Championships,2019-05-04,Hep,M
83,"Jones, Allie",FR-1,Stanford,5041,Bryan Clay Invitational,2019-04-17,Hep,M
83,"Creedon, Jessica",SO-2,Boston College,5041,ACC Championships,2019-05-09,Hep,M
85,"Smith, Kaitlin",SO-2,Houston Baptist,5040,Southland Conference Outdoor Track and Field Championship,2019-05-03,Hep,M
86,"Lennon, Caitlin",JR-3,Stephen F. Austin,5039,Southland Conference Outdoor Track and Field Championship,2019-05-03,Hep,M
87,"Torres, Gabby",SR-4,UTSA,5036,Conference USA Outdoor Championships,2019-05-09,Hep,M
88,"Hirschi, Alyssa",SR-4,Utah State,5033,Mountain West Outdoor Track & Field Championship,2019-05-08,Hep,M
89,"O'Handley, Kristen",SO-2,Portland State,5029,Big Sky Outdoor Track & Field Championships,2019-05-08,Hep,M
90,"Schauble, Lindsey",SR-4,Washington St.,5028,2019 Pac-12 Track & Field Championships,2019-05-04,Hep,M
90,"Newton-Smith, Camryn",FR-1,Arkansas State,5028,Sun Belt Outdoor Track and Field Championships,2019-05-10,Hep,M
92,"Ziola, Jansen",FR-1,Montana,5027,Big Sky Outdoor Track & Field Championships,2019-05-08,Hep,M
93,"Main, Aubrey",SR-4,Murray State,5012,OVC Championship,2019-05-09,Hep,M
94,"Lust , Amber",SR-4,Wofford,5005,2019 Southern Conference Outdoor Track & Field Championships,2019-04-27,Hep,M
95,"Straus, Katie",JR-3,Cincinnati,4996,Tennessee Relays,2019-04-11,Hep,M
96,"Covington, Mikieja",FR-1,North Carolina St.,4983,ACC Championships,2019-05-09,Hep,M
97,"Purcell, Hope",FR-1,Indiana,4969,Big Ten Championships,2019-05-10,Hep,M
98,"Wakefield, Isabel",FR-1,Duke,4967,2019 92nd Clyde Littlefield Texas Relays,2019-03-27,Hep,M
99,"Sullivan, Kelsey",SR-4,Wisconsin,4966,Big Ten Championships,2019-05-10,Hep,M
100,"Stith, Bria",JR-3,East Carolina,4956,The American Outdoor Track & Field Championships,2019-05-10,Hep,M
1,"Williams, Kendell",FR-1,Georgia,6018,Georgia Bulldog Decathlon/Heptathlon,2014-04-10,Hep,M
2,"Spenner, Sami",SR-4,Nebraska-Omaha,6003,Mt. SAC Relays/CA Invitational Multi Events,2014-04-16,Hep,M
3,"Vollmer, Lindsay",JR-3,Kansas,5786,Big 12 Outdoor Track and Field Championships,2014-05-16,Hep,M
4,"Oudenaarden, Nicole",SO-2,San Diego St.,5721,Mt. SAC Relays/CA Invitational Multi Events,2014-04-16,Hep,M
5,"Sadeiko, Grete",FR-1,Florida State,5706,ACC Outdoor Track & Field Championships,2014-04-17,Hep,M
6,"Stewart, Shanice",JR-3,Texas Tech,5674,Big 12 Outdoor Track and Field Championships,2014-05-16,Hep,M
7,"Chapman, Quintunya",JR-3,Georgia,5659,Georgia Bulldog Decathlon/Heptathlon,2014-04-10,Hep,M
8,"Reaser, Allison",SR-4,San Diego St.,5637,Mt. SAC Relays/CA Invitational Multi Events,2014-04-16,Hep,M
9,"Barwise, Allison",SR-4,Boston U.,5628,Patriot League Outdoor Track & Field Championships,2014-05-02,Hep,M
10,"Howell, Brittney",SR-4,Penn State,5625,2014 Clyde Littlefield Texas Relays,2014-03-26,Hep,M
11,"Harrell, Brittany",JR-3,Florida,5620,2014 Clyde Littlefield Texas Relays,2014-03-26,Hep,M
12,"Pearson, Jallycia",JR-3,UTEP,5576,Conference USA Outdoor Track & Field Championships,2014-05-15,Hep,M
13,"Chauchard, Sarah",SR-4,Eastern Michigan,5574,Mid-American Outdoor Track & Field Championships,2014-05-15,Hep,M
14,"Knodle , Paige",JR-3,Northern Iowa,5564,2014 MVC Outdoor Track & Field Championships,2014-05-16,Hep,M
15,"Hall, Lindsey",SR-4,Montana,5550,Mt. SAC Relays/CA Invitational Multi Events,2014-04-16,Hep,M
15,"Hawkins, Chari",JR-3,Utah State,5550,Mt. SAC Relays/CA Invitational Multi Events,2014-04-16,Hep,M
17,"Cvitanovic, Lucija",SO-2,SMU,5534,The American Outdoor Track & Field Championships,2014-05-02,Hep,M
18,"Rahn, Xenia",JR-3,North Carolina,5523,2014 Clyde Littlefield Texas Relays,2014-03-26,Hep,M
19,"Gochenour, Alex",SO-2,Arkansas,5522,2014 Clyde Littlefield Texas Relays,2014-03-26,Hep,M
20,"Martin, Anne",SR-4,Nebraska,5521,Mt. SAC Relays/CA Invitational Multi Events,2014-04-16,Hep,M
21,"Herauf, Jess",SO-2,Minnesota,5490,Big Ten Outdoor Track & Field Championships,2014-05-16,Hep,M
22,"Hemann, Jena",JR-3,Texas A&M,5471,SEC Outdoor Championship,2014-05-15,Hep,M
23,"Springall, Shaye",SR-4,Southern Utah,5454,UCR Spring Break Invitational,2014-03-27,Hep,M
24,"Howell, Aaron",FR-1,Michigan,5416,Mt. SAC Relays/CA Invitational Multi Events,2014-04-16,Hep,M
25,"Walker, Alexis",JR-3,UCLA,5409,Mt. SAC Relays/CA Invitational Multi Events,2014-04-16,Hep,M
26,"Ellenwood, Georgia",FR-1,Wisconsin,5400,Georgia Bulldog Decathlon/Heptathlon,2014-04-10,Hep,M
27,"Dameus, Clairwin",SO-2,Tennessee St.,5399,2014 OVC Outdoor T&F Championships,2014-05-02,Hep,M
28,"McCutchen, Carley",SR-4,Montana State,5391,Big Sky Conference Outdoor Track & Field Championships,2014-05-14,Hep,M
29,"Nall, Mary",SR-4,Mississippi,5390,SEC Outdoor Championship,2014-05-15,Hep,M
30,"Jones, Noelle",SR-4,South Alabama,5381,Sun Belt Conference Outdoor Track and Field Championships,2014-05-09,Hep,M
31,"Mbeng, Merryl",SR-4,Kansas State,5379,Big 12 Outdoor Track and Field Championships,2014-05-16,Hep,M
32,"Iuel, Amalie",FR-1,USC,5378,PAC-12 Outdoor Track and Field Championships,2014-05-10,Hep,M
33,"Kemp, Tory",SO-2,North Carolina,5366,Virginia Challenge,2014-05-09,Hep,M
34,"Bikanova, Saija",SO-2,Connecticut,5352,2014 ECAC-IC4A Outdoor Championships,2014-05-16,Hep,M
35,"Siuciak, Emma",JR-3,Buffalo,5347,Mid-American Outdoor Track & Field Championships,2014-05-15,Hep,M
36,"Thompson, Alyssa",FR-1,Wake Forest,5343,ACC Outdoor Track & Field Championships,2014-04-17,Hep,M
37,"Johonnot, Karli",SO-2,Duke,5342,2014 Clyde Littlefield Texas Relays,2014-03-26,Hep,M
38,"Twiss, Erica",SR-4,Kansas State,5340,Sam Adams Multi Events,2014-04-05,Hep,M
39,"Maslowski, Teddi",SO-2,Duke,5335,Virginia Challenge,2014-05-09,Hep,M
40,"Brooks-Johnson, Alissa",FR-1,Washington St.,5325,PAC-12 Outdoor Track and Field Championships,2014-05-10,Hep,M
40,"Briscoe, Shanay",SR-4,Texas,5325,Big 12 Outdoor Track and Field Championships,2014-05-16,Hep,M
42,"Astor, Brooke",SR-4,Lehigh,5324,Mt. SAC Relays/CA Invitational Multi Events,2014-04-16,Hep,M
43,"Passalaqua, Amber",SR-4,Arizona,5313,PAC-12 Outdoor Track and Field Championships,2014-05-10,Hep,M
44,"Hixon, Leah",SR-4,South Alabama,5295,Sun Belt Conference Outdoor Track and Field Championships,2014-05-09,Hep,M
45,"Kolmer, Sarah",JR-3,Kansas State,5289,Big 12 Outdoor Track and Field Championships,2014-05-16,Hep,M
46,"Larch-Miller, Nikki",SO-2,Wichita State,5281,KT Woodman Classic,2014-04-09,Hep,M
47,"Whitson, Morgan",JR-3,Missouri,5273,Mt. SAC Relays/CA Invitational Multi Events,2014-04-16,Hep,M
48,"St. Clair, Brittany",SR-4,Vermont,5272,2014 ECAC-IC4A Outdoor Championships,2014-05-16,Hep,M
49,"Borman, Breanne",FR-1,Wichita State,5269,Oregon Relays,2014-04-17,Hep,M
50,"Mann, Jenna",SR-4,Wyoming,5255,Mountain West Outdoor Track & Field Championships,2014-05-14,Hep,M
51,"Graham, Sarah",SO-2,South Carolina,5254,SEC Outdoor Championship,2014-05-15,Hep,M
52,"Chambers, Daphne",SO-2,Oregon,5251,Oregon Relays,2014-04-17,Hep,M
53,"Torres, Abrianna",SO-2,Colorado,5241,Mt. SAC Relays/CA Invitational Multi Events,2014-04-16,Hep,M
54,"Brown, Leigha",FR-1,Arkansas,5239,SEC Outdoor Championship,2014-05-15,Hep,M
55,"Barnes, Joslyn",JR-3,Kansas State,5232,Big 12 Outdoor Track and Field Championships,2014-05-16,Hep,M
56,"Dunchack, Janae",SR-4,Dartmouth,5228,Ivy League Outdoor Track & Field Championships,2014-05-10,Hep,M
57,"Wiley, Cassie",SR-4,Houston,5216,The American Outdoor Track & Field Championships,2014-05-02,Hep,M
58,"Farrington, Melissa-Maree",FR-1,Nebraska,5215,Mt. SAC Relays/CA Invitational Multi Events,2014-04-16,Hep,M
59,"Morrison, Kaleigh",SR-4,Hawaii,5210,2014 Big West Combined,2014-05-09,Hep,M
60,"Yetter, Gavyn",SO-2,Wichita State,5198,Shirley Crowe Combined Events Classic,2014-03-19,Hep,M
61,"Godwin, Emily",FR-1,North Carolina,5190,ACC Outdoor Track & Field Championships,2014-04-17,Hep,M
62,"Steffen, Kelly",SR-4,Indiana State,5168,2014 MVC Outdoor Track & Field Championships,2014-05-16,Hep,M
63,"Powell, Jaci",SR-4,California,5160,PAC-12 Outdoor Track and Field Championships,2014-05-10,Hep,M
64,"Hansen, Madison",SO-2,Harvard,5152,LSU Alumni Gold,2014-04-19,Hep,M
65,"Valenzuela, Tina",SR-4,Texas State,5142,Sun Belt Conference Outdoor Track and Field Championships,2014-05-09,Hep,M
66,"Pfeiffer, Jenna",SO-2,Baylor,5131,Big 12 Outdoor Track and Field Championships,2014-05-16,Hep,M
67,"Pickett, Kathryn",JR-3,Western Michigan,5109,Mid-American Outdoor Track & Field Championships,2014-05-15,Hep,M
68,"Woods, Shambrail",SR-4,Stephen F. Austin,5100,UIW Cardinal Invitational,2014-04-11,Hep,M
69,"Shadley, Jessica",SR-4,Baylor,5094,Big 12 Outdoor Track and Field Championships,2014-05-16,Hep,M
70,"McKenna, Elizabeth",SR-4,Princeton,5083,Ivy League Outdoor Track & Field Championships,2014-05-10,Hep,M
71,"Moreau, Kaitlyn",JR-3,UL-Lafayette,5079,Sun Belt Conference Outdoor Track and Field Championships,2014-05-09,Hep,M
72,"Woelber, Bree",SO-2,Iowa State,5058,Big 12 Outdoor Track and Field Championships,2014-05-16,Hep,M
73,"Beckman, Alex",SO-2,Minnesota,5057,Big Ten Outdoor Track & Field Championships,2014-05-16,Hep,M
74,"Day, Claudette",FR-1,Northern Illinois,5050,Mid-American Outdoor Track & Field Championships,2014-05-15,Hep,M
75,"Littleton, Danielle",JR-3,UC Riverside,5045,2014 Big West Combined,2014-05-09,Hep,M
76,"Johnsson, Sofia",FR-1,New Orleans,5041,LSU Alumni Gold,2014-04-19,Hep,M
77,"Cuckler, Chanda",JR-3,Ohio U.,5038,Mid-American Outdoor Track & Field Championships,2014-05-15,Hep,M
78,"Jancewicz, Noel",FR-1,Penn,5035,Penn Relays (Combined Events),2014-04-22,Hep,M
79,"Prevoteau, Louise",JR-3,Duquesne,5034,Atlantic 10 Championships,2014-05-03,Hep,M
80,"Thompson, Natalie",SO-2,Texas Tech,5032,Big 12 Outdoor Track and Field Championships,2014-05-16,Hep,M
81,"Klinger, Rachel",JR-3,South Florida,5027,2014 Clyde Littlefield Texas Relays,2014-03-26,Hep,M
82,"Brandon, Riley",JR-3,Liberty,5018,2014 ECAC-IC4A Outdoor Championships,2014-05-16,Hep,M
83,"Pinkston, Jenny",FR-1,Wichita State,5012,2014 MVC Outdoor Track & Field Championships,2014-05-16,Hep,M
84,"Roderick, Sara",JR-3,Vermont,5005,2014 ECAC-IC4A Outdoor Championships,2014-05-16,Hep,M
85,"McSwain, Akira",SR-4,UAB,4988,Conference USA Outdoor Track & Field Championships,2014-05-15,Hep,M
85,"Bowe, Samantha",JR-3,New Mexico,4988,Mountain West Outdoor Track & Field Championships,2014-05-14,Hep,M
87,"Abrahamian, Jaclyn",JR-3,Wichita State,4981,Oregon Relays,2014-04-17,Hep,M
88,"Derricott, Elaine",SR-4,Marshall,4977,Conference USA Outdoor Track & Field Championships,2014-05-15,Hep,M
89,"Wilson, Elizabeth",SR-4,BYU,4976,2014 BYU Robison Invitational,2014-04-23,Hep,M
90,"Childs, Jade",SO-2,Northern Arizona,4974,Big Sky Conference Outdoor Track & Field Championships,2014-05-14,Hep,M
91,"Martin, Erika",SR-4,Wake Forest,4973,ACC Outdoor Track & Field Championships,2014-04-17,Hep,M
92,"Usgaard, Tori",SO-2,UC Santa Barbara,4968,Mt. SAC Relays/CA Invitational Multi Events,2014-04-16,Hep,M
93,"Dent, Lacey",SO-2,Alabama,4967,SEC Outdoor Championship,2014-05-15,Hep,M
94,"Bigby, Latesha",JR-3,Northern Illinois,4954,Mid-American Outdoor Track & Field Championships,2014-05-15,Hep,M
95,"Muri, Danielle",SO-2,Montana State,4953,Big Sky Conference Outdoor Track & Field Championships,2014-05-14,Hep,M
96,"Wolanin, Kate",JR-3,Eastern Michigan,4951,Mid-American Outdoor Track & Field Championships,2014-05-15,Hep,M
97,"Jackson, Rose",FR-1,North Dakota St.,4950,Summit League Outdoor Track & Field Championships,2014-05-15,Hep,M
98,"Krause, Kerry",SO-2,Princeton,4937,Ivy League Outdoor Track & Field Championships,2014-05-10,Hep,M
99,"Crockett, Lauren",JR-3,Oregon,4930,Oregon Relays,2014-04-17,Hep,M
100,"Laws, Nicole",FR-1,BYU,4924,2014 Cal Multi,2014-03-20,Hep,M
1,"Ellenwood, Georgia",SR-4,Wisconsin,6173,Big Ten Championships,2018-05-11,Hep,M
2,"Gittens, Tyra",FR-1,Texas A&M,6074,SEC Outdoor Track and Field Championships,2018-05-11,Hep,M
3,"Schultz, Nina",SO-2,Kansas State,6018,Roadrunner Invitational,2018-03-22,Hep,M
4,"Brooks-Johnson, Alissa",SR-4,Washington St.,5977,Pac-12 Combined Events Championships,2018-05-05,Hep,M
5,"Holmberg, Madeline",JR-3,Penn State,5976,Big Ten Championships,2018-05-11,Hep,M
6,"Brooks, Taliyah",SR-4,Arkansas,5946,Home Depot Clyde Littlefield Texas Relays,2018-03-28,Hep,M
7,"Grauvogel, Louisa",SO-2,Georgia,5887,Spec Towns Invitational,2018-04-06,Hep,M
8,"Gustafson, Kendall",SR-4,UCLA,5886,Pac-12 Combined Events Championships,2018-05-05,Hep,M
9,"Siefring, Jaclyn",SR-4,Akron,5872,Bryan Clay Invitational,2018-04-19,Hep,M
10,"Champagnie, Ayesha",JR-3,Minnesota,5821,Big Ten Championships,2018-05-11,Hep,M
11,"Atherley, Michelle",SO-2,Miami,5816,Bryan Clay Invitational,2018-04-19,Hep,M
12,"Hinton, Kaylee",JR-3,Texas Tech,5793,Big 12 Conference Outdoor Track and Field Championships,2018-05-11,Hep,M
13,"Ortega, Patricia",SR-4,Akron,5782,Bryan Clay Invitational,2018-04-19,Hep,M
14,"Thompson, Alyssa",SR-4,Arizona,5761,Pac-12 Combined Events Championships,2018-05-05,Hep,M
15,"Burns, Shaina",SR-4,Texas A&M,5743,SEC Outdoor Track and Field Championships,2018-05-11,Hep,M
16,"Bender, Hope",JR-3,UC Santa Barbara,5725,Bryan Clay Invitational,2018-04-19,Hep,M
17,"Lopes, Lyndsey",JR-3,USC,5719,Pac-12 Combined Events Championships,2018-05-05,Hep,M
18,"Froeynes, Amanda",FR-1,Florida,5663,SEC Outdoor Track and Field Championships,2018-05-11,Hep,M
19,"Zamzow, Ashtin",SR-4,Texas,5662,Big 12 Conference Outdoor Track and Field Championships,2018-05-11,Hep,M
20,"Neal, Maya",JR-3,Tennessee,5650,SEC Outdoor Track and Field Championships,2018-05-11,Hep,M
21,"Berge, Emile",SO-2,South Alabama,5632,Sun Belt Outdoor Track and Field Championships,2018-05-11,Hep,M
21,"Okorie, Ariel",SO-2,Kansas State,5632,Big 12 Conference Outdoor Track and Field Championships,2018-05-11,Hep,M
23,"McKenzie, Grace",SO-2,McNeese State,5619,Southland Conference Outdoor Track & Field Championships,2018-05-04,Hep,M
24,"Whisby, Aliyah",FR-1,Kennesaw State,5590,Bryan Clay Invitational,2018-04-19,Hep,M
25,"Howell, Aaron",SR-4,Michigan,5541,Bryan Clay Invitational,2018-04-19,Hep,M
26,"Hankenson, Holly",JR-3,Louisville,5526,ACC Outdoor Championships,2018-05-10,Hep,M
27,"Kimbro, Jenny",SO-2,Iowa,5523,Bryan Clay Invitational,2018-04-19,Hep,M
27,"Mokrasova, Lucia",SR-4,UTEP,5523,2018 Conference USA Outdoor Track & Field Championships,2018-05-10,Hep,M
29,"Wade, Peyton",SR-4,Maryland,5522,Big Ten Championships,2018-05-11,Hep,M
30,"Mattson, Jestena",JR-3,Fresno State,5511,Mountain West Outdoor Track & Field Championships,2018-05-09,Hep,M
31,"Paul, Carly",JR-3,Brown,5509,Tiger Track Classic 2018,2018-04-13,Hep,M
32,"Taubert, Lauren",SO-2,Kansas State,5491,Big 12 Conference Outdoor Track and Field Championships,2018-05-11,Hep,M
33,"Lemmons, Jaida",JR-3,Duke,5462,ACC Outdoor Championships,2018-05-10,Hep,M
34,"Beattie, Erinn",JR-3,UC Davis,5458,Big West Multi Championships,2018-05-04,Hep,M
35,"Henry, Alexus",JR-3,UT-Arlington,5454,Bryan Clay Invitational,2018-04-19,Hep,M
36,"Muraskaite, Migle",FR-1,Lamar,5437,Southland Conference Outdoor Track & Field Championships,2018-05-04,Hep,M
37,"Wichhart-Donzo, Maja",JR-3,Colorado,5433,Bryan Clay Invitational,2018-04-19,Hep,M
38,"Sims, Kolbi",JR-3,San Jose St.,5402,Mountain West Outdoor Track & Field Championships,2018-05-09,Hep,M
39,"Seawater-Simmons, Tria",JR-3,Iowa,5398,Bryan Clay Invitational,2018-04-19,Hep,M
40,"Mohns, Kyra",SR-4,New Mexico,5391,Mountain West Outdoor Track & Field Championships,2018-05-09,Hep,M
41,"White, Lauren",SR-4,SIU Edwardsville,5383,Ohio Valley Conference Championship,2018-05-10,Hep,M
42,"Thorss, Frida",SR-4,Florida Atlantic,5377,2018 Conference USA Outdoor Track & Field Championships,2018-05-10,Hep,M
43,"Roberts, Khemani",JR-3,Tennessee Tech,5353,Virginia Challenge,2018-04-20,Hep,M
44,"Schwietz, Riley",SR-4,Troy,5352,Sun Belt Outdoor Track and Field Championships,2018-05-11,Hep,M
45,"Brooks, Kieshonna",SO-2,Ole Miss,5338,SEC Outdoor Track and Field Championships,2018-05-11,Hep,M
46,"Clemens, Stella",JR-3,UNLV,5289,Mountain West Outdoor Track & Field Championships,2018-05-09,Hep,M
47,"Popp, Selena",JR-3,Samford,5283,Tiger Track Classic 2018,2018-04-13,Hep,M
48,"O'Connor, Kylee",SR-4,Oregon,5271,Pac-12 Combined Events Championships,2018-05-05,Hep,M
49,"Gray, Jordan",JR-3,Kennesaw State,5266,Bryan Clay Invitational,2018-04-19,Hep,M
50,"Wenning, Michaela",JR-3,Colorado,5247,Bryan Clay Invitational,2018-04-19,Hep,M
51,"Ramacher, Ashley",FR-1,Minnesota,5231,Bryan Clay Invitational,2018-04-19,Hep,M
52,"Sullivan, Holly",SR-4,Virginia,5218,ACC Outdoor Championships,2018-05-10,Hep,M
53,"Lara, Baylee",SO-2,Sam Houston St.,5213,Southland Conference Outdoor Track & Field Championships,2018-05-04,Hep,M
54,"Meyer, Madison",SO-2,Southern Illinois,5203,2018 MVC Outdoor Track & Field Championships,2018-05-11,Hep,M
55,"Abdullah-Muhammad, Qetuwrah",SR-4,Mid. Tenn. State,5198,2018 Conference USA Outdoor Track & Field Championships,2018-05-10,Hep,M
56,"Dunderdale, Hannah",SR-4,Arkansas State,5189,Sun Belt Outdoor Track and Field Championships,2018-05-11,Hep,M
57,"Lord, Courtney",SR-4,Sam Houston St.,5184,Home Depot Clyde Littlefield Texas Relays,2018-03-28,Hep,M
57,"Marsh, Erin",FR-1,Duke,5184,ACC Outdoor Championships,2018-05-10,Hep,M
59,"Huggins, Dallyssa",SO-2,Maryland,5180,Virginia Challenge,2018-04-20,Hep,M
60,"Kirby, Kaitlyn",FR-1,South Florida,5163,Home Depot Clyde Littlefield Texas Relays,2018-03-28,Hep,M
61,"McCarrell, Keira",FR-1,Oregon,5161,Bryan Clay Invitational,2018-04-19,Hep,M
62,"McNairy, Saskia",JR-3,Oregon State,5150,Pac-12 Combined Events Championships,2018-05-05,Hep,M
62,"Ader, Nicola",FR-1,Nevada,5150,Bryan Clay Invitational,2018-04-19,Hep,M
64,"Banks, Jordan",SR-4,Wake Forest,5149,ACC Outdoor Championships,2018-05-10,Hep,M
65,"Pyles, Alexus",SO-2,Ohio State,5148,Big Ten Championships,2018-05-11,Hep,M
66,"Lane, Vanessa",SR-4,South Dakota St.,5146,2018 Summit League Championships,2018-05-10,Hep,M
67,"Albrechtsen, Sofie",JR-3,Minnesota,5143,Bryan Clay Invitational,2018-04-19,Hep,M
68,"Torres, Gabby",JR-3,UTSA,5117,2018 Conference USA Outdoor Track & Field Championships,2018-05-10,Hep,M
69,"Garman, Maria",JR-3,Dartmouth,5112,NEICAAA Outdoor Track & Field Championships,2018-05-11,Hep,M
70,"Smith, Asia",FR-1,San Diego St.,5110,Mountain West Outdoor Track & Field Championships,2018-05-09,Hep,M
71,"Vanvleet, Ashley",FR-1,Idaho State,5105,Big Sky Outdoor Track & Field Championships,2018-05-08,Hep,M
72,"Preiss, Virginia",SO-2,Texas,5092,Home Depot Clyde Littlefield Texas Relays,2018-03-28,Hep,M
73,"Smith, Gabby",JR-3,Colorado St.,5082,Mountain West Outdoor Track & Field Championships,2018-05-09,Hep,M
74,"Stephens, Nikki",FR-1,Florida,5080,Home Depot Clyde Littlefield Texas Relays,2018-03-28,Hep,M
75,"Chenault, Christina",JR-3,UCLA,5072,Pac-12 Combined Events Championships,2018-05-05,Hep,M
76,"Broughton, Shayla",SO-2,Miss State,5059,Tennessee Relays,2018-04-12,Hep,M
77,"Bonds, Talie",FR-1,Utah State,5049,Mountain West Outdoor Track & Field Championships,2018-05-09,Hep,M
78,"Deveau, Bridget",JR-3,UMass Amherst,5044,A-10 Championships,2018-05-05,Hep,M
79,"Tillman, Zaria",JR-3,Miss State,5043,SEC Outdoor Track and Field Championships,2018-05-11,Hep,M
80,"Stieler, Ashlee",FR-1,Illinois State,5028,2018 MVC Outdoor Track & Field Championships,2018-05-11,Hep,M
80,"Alvin, Ed'Quisha",SO-2,Florida A&M,5028,MEAC Outdoor Track & Field Championships,2018-05-03,Hep,M
82,"Smith, Kylah",JR-3,Texas State,5022,Sun Belt Outdoor Track and Field Championships,2018-05-11,Hep,M
83,"Wahl, Georgia",JR-3,Texas,5019,Home Depot Clyde Littlefield Texas Relays,2018-03-28,Hep,M
84,"Henry, Kendra",FR-1,Wichita State,5018,The American Outdoor Track & Field Championships,2018-05-11,Hep,M
85,"Lanovaz, Caice",SO-2,Cal Poly,5011,SAM ADAMS COMBINED EVENTS INVITATIONAL,2018-04-06,Hep,M
86,"Beachy, Jaelin",SR-4,North Dakota State,5007,2018 Summit League Championships,2018-05-10,Hep,M
87,"Rhodes, Rachel",JR-3,Notre Dame,5000,ACC Outdoor Championships,2018-05-10,Hep,M
88,"Ott, Olivia",JR-3,Missouri State,4998,2018 MVC Outdoor Track & Field Championships,2018-05-11,Hep,M
89,"Sand, Kennedi",SO-2,North Dakota State,4989,2018 Summit League Championships,2018-05-10,Hep,M
90,"Russell, Zinedine",SO-2,Rice,4987,2018 Conference USA Outdoor Track & Field Championships,2018-05-10,Hep,M
90,"Mutter, Linda",SR-4,Louisville,4987,ACC Outdoor Championships,2018-05-10,Hep,M
92,"Lennon, Caitlin",SO-2,Stephen F. Austin,4981,Southland Conference Outdoor Track & Field Championships,2018-05-04,Hep,M
93,"Jordan , Natosha",SO-2,UCF,4980,The American Outdoor Track & Field Championships,2018-05-11,Hep,M
94,"Lust , Amber",JR-3,Wofford,4966,Southern Conference Outdoor Track & Field Championships,2018-05-10,Hep,M
95,"Inoussa, Farydah",SR-4,New Orleans,4965,Southland Conference Outdoor Track & Field Championships,2018-05-04,Hep,M
96,"Lorenz, Brooke",SO-2,Northern Iowa,4964,2018 MVC Outdoor Track & Field Championships,2018-05-11,Hep,M
97,"Marquez, Talia",SR-4,Colorado St.,4963,Bryan Clay Invitational,2018-04-19,Hep,M
97,"Morrison, Gillian",SO-2,Boston U.,4963,Tiger Track Classic 2018,2018-04-13,Hep,M
99,"Xydona, Niki",SO-2,Utah State,4962,Mountain West Outdoor Track & Field Championships,2018-05-09,Hep,M
100,"Schauble, Lindsey",JR-3,Washington St.,4952,Pac-12 Combined Events Championships,2018-05-05,Hep,M
1,"Bougard, Erica",JR-3,Miss State,6250,SEC Championships,2015-05-14,Hep,M
2,"Chapman, Quintunya",SR-4,Georgia,6146,Georgia Bulldog Decathlon/Heptathlon,2015-04-08,Hep,M
3,"Rahn, Xenia",SR-4,North Carolina,6057,ACC Outdoor Track & Field Championships,2015-05-14,Hep,M
4,"Jones, Akela",JR-3,Kansas State,6049,2015 Jim Click Combined Events,2015-04-09,Hep,M
5,"Gochenour, Alex",JR-3,Arkansas,6027,2015 Clyde Littlefield Texas Relays,2015-03-25,Hep,M
6,"Herauf, Jess",JR-3,Minnesota,6014,Big Ten Outdoor Track & Field Championships,2015-05-15,Hep,M
7,"Williams, Kendell",SO-2,Georgia,6003,SEC Championships,2015-05-14,Hep,M
8,"Hemann, Jena",SR-4,Texas A&M,6002,2015 Clyde Littlefield Texas Relays,2015-03-25,Hep,M
9,"Latham, Deanna",SR-4,Wisconsin,5914,Big Ten Outdoor Track & Field Championships,2015-05-15,Hep,M
10,"Larch-Miller, Nikki",JR-3,Wichita State,5812,Mt. SAC Relays/CA Invitational Multi Events,2015-04-15,Hep,M
11,"Brooks-Johnson, Alissa",SO-2,Washington St.,5803,Pac-12 Combined Events Championships,2015-05-09,Hep,M
12,"Souza, Tatum",SR-4,UCLA,5771,Mt. SAC Relays/CA Invitational Multi Events,2015-04-15,Hep,M
13,"Vollmer, Lindsay",SR-4,Kansas,5767,Kansas Relays,2015-04-15,Hep,M
14,"McDonald, Fabia",SR-4,Mississippi,5736,Virginia Challenge,2015-04-17,Hep,M
15,"Hawkins, Chari",SR-4,Utah State,5732,Mt. SAC Relays/CA Invitational Multi Events,2015-04-15,Hep,M
16,"Ellenwood, Georgia",SO-2,Wisconsin,5714,Big Ten Outdoor Track & Field Championships,2015-05-15,Hep,M
17,"Maslowski, Teddi",JR-3,Duke,5706,Mt. SAC Relays/CA Invitational Multi Events,2015-04-15,Hep,M
18,"Sadeiko, Grete",SO-2,Florida State,5682,Georgia Bulldog Decathlon/Heptathlon,2015-04-08,Hep,M
19,"Brooks, Taliyah",FR-1,Arkansas,5681,SEC Championships,2015-05-14,Hep,M
20,"Chauchard, Sarah",SR-4,Eastern Michigan,5667,Mid-American Outdoor Track & Field Championships,2015-05-14,Hep,M
21,"Iuel, Amalie",SO-2,USC,5610,Pac-12 Combined Events Championships,2015-05-09,Hep,M
22,"Torres, Abrianna",JR-3,Colorado,5545,Mt. SAC Relays/CA Invitational Multi Events,2015-04-15,Hep,M
23,"Kelly, Brittany",FR-1,Mississippi,5531,SEC Championships,2015-05-14,Hep,M
24,"Pearson, Jallycia",SR-4,UTEP,5527,2015 Clyde Littlefield Texas Relays,2015-03-25,Hep,M
25,"Moore, Ashlee",FR-1,Oregon,5512,Pac-12 Combined Events Championships,2015-05-09,Hep,M
26,"Hansen, Madison",JR-3,Harvard,5506,Ivy League Outdoor Track & Field Championships,2015-05-09,Hep,M
27,"Loeffel, Carly",JR-3,Notre Dame,5501,ACC Outdoor Track & Field Championships,2015-05-14,Hep,M
28,"Zamzow, Ashtin",FR-1,Texas A&M,5482,SEC Championships,2015-05-14,Hep,M
29,"Johonnot, Karli",JR-3,Duke,5474,ACC Outdoor Track & Field Championships,2015-05-14,Hep,M
30,"Brown, Leigha",SO-2,Arkansas,5473,2015 Clyde Littlefield Texas Relays,2015-03-25,Hep,M
31,"McCutchen, Carley",SR-4,Montana State,5461,Mt. SAC Relays/CA Invitational Multi Events,2015-04-15,Hep,M
32,"Thompson, Natalie",JR-3,Texas Tech,5440,Big 12 Outdoor Track & Field Championships,2015-05-15,Hep,M
33,"Cvitanovic, Lucija",JR-3,SMU,5427,The American Outdoor Track & Field Championships,2015-05-14,Hep,M
34,"Peth, Rachel",JR-3,Northern Iowa,5425,2015 MVC Outdoor Track and Field Championships,2015-05-15,Hep,M
35,"Stumbaugh, Payton",FR-1,Oklahoma,5422,2015 Clyde Littlefield Texas Relays,2015-03-25,Hep,M
36,"Borman, Breanne",SO-2,Wichita State,5406,2015 MVC Outdoor Track and Field Championships,2015-05-15,Hep,M
37,"Good, Kaitlyn",SR-4,Cincinnati,5403,The American Outdoor Track & Field Championships,2015-05-14,Hep,M
38,"Thorss, Frida",FR-1,Florida Atlantic,5396,Conference USA Outdoor Track & Field Championships,2015-05-14,Hep,M
38,"Dameus, Clairwin",JR-3,Tennessee St.,5396,Ohio Valley Conference Championships,2015-05-15,Hep,M
40,"Siefring, Jaclyn",FR-1,Akron,5377,Mid-American Outdoor Track & Field Championships,2015-05-14,Hep,M
41,"Godwin, Emily",SO-2,North Carolina,5367,ACC Outdoor Track & Field Championships,2015-05-14,Hep,M
42,"Green, Jessica",JR-3,Colorado St.,5350,Mountain West Outdoor Track & Field Championships,2015-05-13,Hep,M
43,"Thompson, Alyssa",SO-2,Arizona,5343,Pac-12 Combined Events Championships,2015-05-09,Hep,M
44,"Stephens, Makayla",FR-1,Oklahoma,5336,Big 12 Outdoor Track & Field Championships,2015-05-15,Hep,M
45,"Wadden, Nicole",SO-2,Nevada,5317,Mountain West Outdoor Track & Field Championships,2015-05-13,Hep,M
46,"Siuciak, Emma",SR-4,Buffalo,5271,Mid-American Outdoor Track & Field Championships,2015-05-14,Hep,M
47,"Pfeiffer, Jenna",JR-3,Baylor,5256,2015 Clyde Littlefield Texas Relays,2015-03-25,Hep,M
48,"Inoussa, Farydah",SO-2,New Orleans,5248,2015 Clyde Littlefield Texas Relays,2015-03-25,Hep,M
49,"Bonds, Tiana",FR-1,Arizona,5242,2015 Jim Click Combined Events,2015-04-09,Hep,M
50,"Jancewicz, Noel",SO-2,Penn,5208,Ivy League Outdoor Track & Field Championships,2015-05-09,Hep,M
51,"Walker, Alexis",SR-4,UCLA,5201,Pac-12 Combined Events Championships,2015-05-09,Hep,M
52,"Morgan, Taylor",JR-3,Princeton,5181,Ivy League Outdoor Track & Field Championships,2015-05-09,Hep,M
53,"Denger, Amanda",SR-4,George Mason,5170,Atlantic 10 Championships,2015-05-02,Hep,M
54,"Bigby, Latesha",SR-4,Northern Illinois,5146,Penn Relays Combined Events,2015-04-21,Hep,M
55,"Fusilier, Jasmin",JR-3,UL-Lafayette,5137,Sun Belt Outdoor Track and Field Championships,2015-05-08,Hep,M
56,"Klinger, Rachel",SR-4,South Florida,5122,2015 Clyde Littlefield Texas Relays,2015-03-25,Hep,M
56,"Bye, Martine",FR-1,Memphis,5122,The American Outdoor Track & Field Championships,2015-05-14,Hep,M
58,"Bowe, Samantha",JR-3,New Mexico,5115,Mountain West Outdoor Track & Field Championships,2015-05-13,Hep,M
59,"Slay, Catika",SO-2,Marshall,5098,Conference USA Outdoor Track & Field Championships,2015-05-14,Hep,M
60,"Pattie-Belleli, Holly",JR-3,Missouri State,5094,2015 MVC Outdoor Track and Field Championships,2015-05-15,Hep,M
61,"Norton, Kami",FR-1,Texas Tech,5093,David Noble ASU Multi Meet,2015-04-09,Hep,M
62,"Beckman, Alex",JR-3,Minnesota,5088,Big Ten Outdoor Track & Field Championships,2015-05-15,Hep,M
63,"Hallock, Kara",JR-3,Oregon State,5087,Oregon Relays,2015-04-16,Hep,M
64,"Littleton, Danielle",SR-4,UC Riverside,5074,UCR Spring Classic Invitational,2015-03-26,Hep,M
65,"Goodale, Sarah",SO-2,Vanderbilt,5065,SEC Championships,2015-05-14,Hep,M
66,"Laws, Nicole",SO-2,BYU,5059,UNLV Spring Invitational,2015-03-21,Hep,M
67,"Bartosch, Nicole",SO-2,Sacred Heart,5054,Sam Adams Combined Events Invitational,2015-04-03,Hep,M
68,"Muri, Danielle",JR-3,Montana State,5052,Big Sky Conference Outdoor Track & Field Championships,2015-05-13,Hep,M
69,"Day, Claudette",SO-2,Northern Illinois,5050,Penn Relays Combined Events,2015-04-21,Hep,M
70,"Mutter, Linda",FR-1,Louisville,5038,ACC Outdoor Track & Field Championships,2015-05-14,Hep,M
70,"Phillips, Stormm",SO-2,Jacksonville,5038,Atlantic Sun Outdoor Track & Field Championships,2015-05-15,Hep,M
72,"Arnold, Lindsay",JR-3,South Florida,5037,The American Outdoor Track & Field Championships,2015-05-14,Hep,M
73,"Rath, Chaley",SO-2,Northern Iowa,5031,2015 MVC Outdoor Track and Field Championships,2015-05-15,Hep,M
74,"Roderick, Sara",SR-4,Vermont,5029,2015 America East Outdoor Championships,2015-05-02,Hep,M
75,"Barker, Shelby",SR-4,UAB,5020,Conference USA Outdoor Track & Field Championships,2015-05-14,Hep,M
76,"Jenrette, Nicole",JR-3,Sam Houston St.,5017,Southland Conference Championship,2015-05-08,Hep,M
77,"Corrigan, Kassandra",JR-3,Sacramento St.,5006,37th SDSU Aztec Invitational,2015-03-26,Hep,M
78,"Kolmer, Sarah",SR-4,Kansas State,5004,Kansas Relays,2015-04-15,Hep,M
79,"Murphy, Erin",JR-3,BYU,5003,2015 BYU Robison Invitational,2015-04-22,Hep,M
80,"Taintor, Amy",FR-1,Miami,4997,ACC Outdoor Track & Field Championships,2015-05-14,Hep,M
81,"Childs, Jade",JR-3,San Jose St.,4991,Mt. SAC Relays/CA Invitational Multi Events,2015-04-15,Hep,M
82,"Jewett, Olympia",SR-4,Cal St. Northridge,4981,2015 Big West Championships,2015-05-15,Hep,M
83,"Barnes, Shawnta",SR-4,Cal St. Northridge,4980,2015 Big West Championships,2015-05-15,Hep,M
84,"Smith, C.J.",JR-3,Washington,4978,Mt. SAC Relays/CA Invitational Multi Events,2015-04-15,Hep,M
85,"Morrison, Allison",JR-3,Harvard,4972,Virginia Challenge,2015-04-17,Hep,M
86,"Zamzow, Avery",FR-1,Sam Houston St.,4956,Southland Conference Championship,2015-05-08,Hep,M
87,"Jackson, Rose",SO-2,North Dakota State,4945,UCR Spring Classic Invitational,2015-03-26,Hep,M
88,"Ben-Artzi, Tal",SO-2,Penn State,4937,Big Ten Outdoor Track & Field Championships,2015-05-15,Hep,M
89,"Wade, Peyton",FR-1,Maryland,4932,Big Ten Outdoor Track & Field Championships,2015-05-15,Hep,M
90,"Wolanin, Kate",SR-4,Eastern Michigan,4931,Mid-American Outdoor Track & Field Championships,2015-05-14,Hep,M
91,"Vandenberg, Kylee",SO-2,UNLV,4921,Mountain West Outdoor Track & Field Championships,2015-05-13,Hep,M
91,"Dixon, Emily",FR-1,Elon,4921,CAA Outdoor Track and Field Championships,2015-05-01,Hep,M
93,"Mohns, Kyra",FR-1,New Mexico,4913,Mountain West Outdoor Track & Field Championships,2015-05-13,Hep,M
94,"Petruzzelis, Katherine",SR-4,Villanova,4907,Penn Relays Combined Events,2015-04-21,Hep,M
95,"Thompson, Angelica",JR-3,Houston,4887,The American Outdoor Track & Field Championships,2015-05-14,Hep,M
96,"Logsdon, Bailee",FR-1,Houston,4886,The American Outdoor Track & Field Championships,2015-05-14,Hep,M
97,"Beckman, Amanda",JR-3,Minnesota,4879,Virginia Challenge,2015-04-17,Hep,M
98,"Kenney, Tiffany",JR-3,Tulane,4871,The American Outdoor Track & Field Championships,2015-05-14,Hep,M
99,"Jackson, Erika",JR-3,Liberty,4869,Big South Championships,2015-05-14,Hep,M
100,"Grandcolas, Carlyn",SO-2,Baylor,4866,Big 12 Outdoor Track & Field Championships,2015-05-15,Hep,M
