,ATHLETE,YEAR,TEAM,MARK,CONV,MEET,MEET DATE,WIND,EVENT,GENDER
1,"Brown, Charles",SO-2,Texas Tech,8.25m,"27' 1""",2017 Horned Frog Invitational,2017-04-15,3.9,LJ,M
2,"Bates, KeAndre",JR-3,Florida,8.13m,"26' 8.25""",2017 Horned Frog Invitational,2017-04-15,3.2,LJ,M
2,"Ward, Ja'Mari",FR-1,Missouri,8.13m,"26' 8.25""",SEC Outdoor Track & Field Championships,2017-05-11,0.0,LJ,M
4,"Holloway, Grant",FR-1,Florida,8.04m,"26' 4.5""",2017 Horned Frog Invitational,2017-04-15,1.5,LJ,M
5,"Fincham-Dukes, Jacob",SO-2,Oklahoma State,8.02m,"26' 3.75""",2017 Horned Frog Invitational,2017-04-15,3.4,LJ,M
6,"Hall, Justin",FR-1,Texas Tech,8.01m,"26' 3.5""",2017 Horned Frog Invitational,2017-04-15,3.9,LJ,M
7,"Moffett, Malik",JR-3,Penn State,8.00m,"26' 3""",Big Ten Outdoor Championships,2017-05-12,0.9,LJ,M
8,"Williams, Will",JR-3,Texas A&M,7.99m,"26' 2.75""",SEC Relays,2017-04-28,3.6,LJ,M
8,"Briggs, Kemonie",SO-2,Long Beach St.,7.99m,"26' 2.75""",Beach vs UCLA,2017-03-04,2.5,LJ,M
10,"Abubakar, Mohammed",JR-3,Kentucky,7.98m,"26' 2.25""",Texas Invitational,2017-04-14,2.1,LJ,M
11,"Bazile, Zack",JR-3,Ohio State,7.97m,"26' 1.75""",Big Ten Outdoor Championships,2017-05-12,0.8,LJ,M
12,"Simpson, Damarcus",JR-3,Oregon,7.95m,"26' 1""",Pac-12 Championships,2017-05-13,2.5,LJ,M
13,"Schrage, Harrison",FR-1,Arkansas,7.93m,"26' 0.25""",SEC Relays,2017-04-28,4.0,LJ,M
14,"Holmes, Isaiah",FR-1,UCLA,7.90m,"25' 11""",Pac-12 Championships,2017-05-13,1.5,LJ,M
14,"McBride, Chris",SO-2,Clemson,7.90m,"25' 11""",LSU Alumni Gold,2017-04-22,-0.8,LJ,M
16,"Jefferson, Trumaine",SO-2,Houston,7.87m,"25' 10""",The American Outdoor Track & Field Championships,2017-05-12,2.5,LJ,M
16,"Duckworth, Tim",JR-3,Kentucky,7.87m,"25' 10""",Spec Towns Invitational,2017-04-07,0.0,LJ,M
18,"Dickerson, Antwan",JR-3,Houston,7.86m,"25' 9.5""",The American Outdoor Track & Field Championships,2017-05-12,2.9,LJ,M
19,"Sloan, Eric",JR-3,USC,7.85m,"25' 9.25""",USC vs. UCLA,2017-04-29,1.0,LJ,M
19,"Uudmae, Jaak",JR-3,Stanford,7.85m,"25' 9.25""",Longhorn Invitational,2017-04-28,2.4,LJ,M
19,"Uwaifo, Efe",SR-4,Harvard,7.85m,"25' 9.25""",Ivy League Outdoor Track & Field Championships,2017-05-06,3.8,LJ,M
22,"Turner, Michael",SR-4,Sacramento St.,7.82m,"25' 8""",2017 Big Sky Outdoor Track & Field Championships,2017-05-10,1.2,LJ,M
22,"White, Travonn",JR-3,Arkansas,7.82m,"25' 8""",Arkansas Twilight,2017-05-05,0.7,LJ,M
24,"Eze, Emeka",SR-4,Rutgers,7.81m,"25' 7.5""",Mets Outdoor Track & Field Championships,2017-04-14,1.7,LJ,M
25,"Akindele, Dayo",SO-2,Kennesaw State,7.80m,"25' 7.25""",ASUN Outdoor Track & Field Championships,2017-05-12,3.5,LJ,M
26,"Pittman, Isaiah",SO-2,Stephen F. Austin,7.79m,"25' 6.75""",Southland Conference Outdoor Championship,2017-05-12,1.2,LJ,M
27,"McClain, Terrell",JR-3,Akron,7.78m,"25' 6.25""",Roadrunner Invitational,2017-03-23,1.7,LJ,M
27,"Wieland, Luca",SR-4,Minnesota,7.78m,"25' 6.25""",Big Ten Outdoor Championships,2017-05-12,0.0,LJ,M
27,"Price, Hunter",JR-3,Colorado St.,7.78m,"25' 6.25""",Mountain West Outdoor Track & Field Championships,2017-05-10,4.0,LJ,M
30,"Wasome, O'Brien",FR-1,Texas,7.77m,"25' 6""",Big 12 Outdoor Track & Field Championships,2017-05-12,3.5,LJ,M
31,"Randrianasolo, Yann",JR-3,South Carolina,7.76m,"25' 5.5""",Penn Relays,2017-04-27,0.1,LJ,M
31,"Reed, Willie",JR-3,Miss State,7.76m,"25' 5.5""",LSU Alumni Gold,2017-04-22,0.5,LJ,M
31,"Harris, Treyton",SO-2,Indiana,7.76m,"25' 5.5""",Pac-12 vs Big-10 Invitational,2017-03-24,1.2,LJ,M
34,"Williams, Devon",SR-4,Georgia,7.75m,"25' 5.25""",Spec Towns Invitational,2017-04-07,0.0,LJ,M
34,"Grant, Keniel",JR-3,Florida State,7.75m,"25' 5.25""",Stanford Cardinal Classic,2017-04-21,1.0,LJ,M
34,"McClain, Hayden",SR-4,Oklahoma,7.75m,"25' 5.25""",John Jacobs Invitational,2017-04-21,3.4,LJ,M
37,"Beachem, JaQuaveon",FR-1,Bethune-Cookman,7.74m,"25' 4.75""",North Florida Invitational,2017-04-08,2.9,LJ,M
38,"Sears, Ventavius",SR-4,Western Kentucky,7.73m,"25' 4.5""",Georgia Tech Invitational,2017-04-21,-1.3,LJ,M
38,"Grey, Rayvon",FR-1,LSU,7.73m,"25' 4.5""",SEC Outdoor Track & Field Championships,2017-05-11,1.3,LJ,M
40,"Souza, Joey",SO-2,North Carolina,7.71m,"25' 3.5""",Virginia Grand Prix,2017-04-29,2.0,LJ,M
41,"Smallwood, Dominic",JR-3,USC,7.69m,"25' 2.75""",Trojan Invitational,2017-03-17,0.0,LJ,M
42,"Latimer, Jordan",SO-2,Akron,7.68m,"25' 2.5""",Mid-American Outdoor Track & Field Championships,2017-05-11,2.1,LJ,M
43,"Newport, Oliver",JR-3,Louisville,7.67m,"25' 2""",2017 Louisville Invitational,2017-04-14,3.9,LJ,M
43,"Burns, Eric",FR-1,Loyola (Ill.),7.67m,"25' 2""",Musco Twilight,2017-04-22,3.4,LJ,M
43,"Jenkins, Lorne",SR-4,Campbell,7.67m,"25' 2""",Big South Outdoor Track & Field Championships,2017-05-10,0.6,LJ,M
46,"Newton, Scotty",JR-3,TCU,7.66m,"25' 1.75""",Jim Click Shootout,2017-04-08,0.0,LJ,M
46,"Nicholas, Kareem",SR-4,Tennessee St.,7.66m,"25' 1.75""",Weems Baskin Invitational,2017-03-24,1.3,LJ,M
46,"Filip, Scott",JR-3,Rice,7.66m,"25' 1.75""",J Fred Duckett Twilight Meet,2017-04-22,3.2,LJ,M
46,"Griffith, Isaiah",FR-1,Nebraska,7.66m,"25' 1.75""",Texas Tech Red Raider Shoot-Out,2017-04-28,2.1,LJ,M
50,"Trajkovski, Andreas",SR-4,Arkansas,7.65m,"25' 1.25""",SEC Relays,2017-04-28,1.1,LJ,M
50,"McGee, Gerald",JR-3,Purdue,7.65m,"25' 1.25""",2017 Louisville Invitational,2017-04-14,3.7,LJ,M
50,"Brave, Quemell",JR-3,Winthrop,7.65m,"25' 1.25""",Big South Outdoor Track & Field Championships,2017-05-10,1.9,LJ,M
50,"Oduho, Joseph",SR-4,Akron,7.65m,"25' 1.25""",Roadrunner Invitational,2017-03-23,1.2,LJ,M
54,"Landon, Kyle",SR-4,Southern Illinois,7.63m,"25' 0.5""",Kansas Relays,2017-04-19,3.1,LJ,M
54,"Fraga, Samory",SO-2,Kent State,7.63m,"25' 0.5""",Mid-American Outdoor Track & Field Championships,2017-05-11,0.7,LJ,M
54,"Paschall, Zay",SO-2,North Carolina,7.63m,"25' 0.5""",Virginia Grand Prix,2017-04-29,1.2,LJ,M
57,"Patrick, George",FR-1,Texas,7.62m,"25' 0""",Big 12 Outdoor Track & Field Championships,2017-05-12,2.4,LJ,M
57,"Veith, Hunter",JR-3,Wichita State,7.62m,"25' 0""",2017 MVC Outdoor Track and Field Championships,2017-05-12,3.1,LJ,M
57,"Adams, Barden",JR-3,Kansas,7.62m,"25' 0""",Big 12 Outdoor Track & Field Championships,2017-05-12,1.6,LJ,M
57,"Smith, Jason",FR-1,Long Beach St.,7.62m,"25' 0""",adidas/Steve Scott Invitational,2017-04-28,1.0,LJ,M
57,"Brown, Clayton",FR-1,Florida,7.62m,"25' 0""",Florida Relays,2017-03-30,2.8,LJ,M
62,"Lucy, Elijah",SO-2,Nebraska,7.60m,"24' 11.25""",Pac-12 vs Big-10 Invitational,2017-03-24,0.0,LJ,M
62,"Owens, Rubin",JR-3,Arkansas,7.60m,"24' 11.25""",Arkansas Twilight,2017-05-05,1.6,LJ,M
64,"Edwards, Austin",FR-1,Cincinnati,7.59m,"24' 11""",The American Outdoor Track & Field Championships,2017-05-12,2.7,LJ,M
64,"Wells, Jonathan",JR-3,Illinois,7.59m,"24' 11""",Big Ten Outdoor Championships,2017-05-12,1.3,LJ,M
64,"James, Antwon",SR-4,Iowa,7.59m,"24' 11""",Musco Twilight,2017-04-22,-0.1,LJ,M
67,"Harper, Denzel",FR-1,Kansas,7.58m,"24' 10.5""",Kansas Relays,2017-04-19,1.9,LJ,M
67,"Riley, Adrian",JR-3,UTSA,7.58m,"24' 10.5""",2017 Conference USA Outdoor Track & Field Championship,2017-05-11,4.0,LJ,M
67,"Workman, Brandon",JR-3,Arkansas,7.58m,"24' 10.5""",Baylor Invitational,2017-04-08,2.8,LJ,M
70,"Wallace, Armani",SO-2,Florida State,7.57m,"24' 10""",Stanford Cardinal Classic,2017-04-21,0.7,LJ,M
70,"Belardo, Jared",SO-2,Wichita State,7.57m,"24' 10""",2017 MVC Outdoor Track and Field Championships,2017-05-12,3.8,LJ,M
70,"Muggler, Corey",SR-4,Dartmouth,7.57m,"24' 10""",Ivy League Outdoor Track & Field Championships,2017-05-06,3.1,LJ,M
70,"Charley, Myles",SR-4,Troy,7.57m,"24' 10""",War Eagle Invititaional,2017-04-21,2.4,LJ,M
70,"Barnes, Marquis",JR-3,Samford,7.57m,"24' 10""",Southern Conference Outdoor Championships 2017,2017-05-11,1.1,LJ,M
70,"Hicks, Dennis",FR-1,Cal St. Northridge,7.57m,"24' 10""",Texas Invitational,2017-04-14,0.9,LJ,M
76,"Schulz, Cody",SR-4,Texas State,7.56m,"24' 9.75""",Texas State Bobcat Classic,2017-04-28,1.6,LJ,M
76,"Rubalcaba, Mark",SO-2,Auburn,7.56m,"24' 9.75""",War Eagle Invititaional,2017-04-21,1.0,LJ,M
76,"Bryan, Christopher",SO-2,UMKC,7.56m,"24' 9.75""",2017 Husker Spring Invitational,2017-04-08,2.5,LJ,M
76,"Battikha, Tanner",FR-1,New Mexico,7.56m,"24' 9.75""",Longhorn Invitational,2017-04-28,3.7,LJ,M
80,"Solomon, William",JR-3,Georgia Tech,7.55m,"24' 9.25""",UF Tom Jones Memorial,2017-04-28,2.0,LJ,M
80,"Becker, Carlos",FR-1,Florida State,7.55m,"24' 9.25""",UF Tom Jones Memorial,2017-04-28,2.1,LJ,M
82,"Scott, Jordan",FR-1,Virginia,7.54m,"24' 9""",Virginia Grand Prix,2017-04-29,2.0,LJ,M
83,"Brown, Jamie",SO-2,Alabama State,7.53m,"24' 8.5""",Weems Baskin Invitational,2017-03-24,1.7,LJ,M
83,"James, Laron",SO-2,Savannah State,7.53m,"24' 8.5""",MEAC Outdoor Championships,2017-05-04,3.0,LJ,M
83,"Carter, Scott",SR-4,Wyoming,7.53m,"24' 8.5""",Mountain West Outdoor Track & Field Championships,2017-05-10,3.9,LJ,M
86,"Barger, Cory",JR-3,Sacramento St.,7.52m,"24' 8.25""",Brutus Hamilton Challenge,2017-04-28,1.3,LJ,M
86,"Gaines, Deante",SR-4,Idaho State,7.52m,"24' 8.25""",Utah/Weber State Spring Classic,2017-04-07,1.8,LJ,M
88,"Hawkins, Myles",JR-3,Arizona,7.51m,"24' 7.75""",Stanford Invitational,2017-03-31,1.7,LJ,M
88,"Wilson, O'Shea",JR-3,Iowa,7.51m,"24' 7.75""",Musco Twilight,2017-04-22,3.7,LJ,M
88,"Tella, Tobi",FR-1,Rutgers,7.51m,"24' 7.75""",Mets Outdoor Track & Field Championships,2017-04-14,1.7,LJ,M
88,"Bastien, Steven",SR-4,Michigan,7.51m,"24' 7.75""",Spec Towns Invitational,2017-04-07,2.5,LJ,M
92,"Gabel, Noah",JR-3,Nebraska,7.50m,"24' 7.25""",Texas Tech Red Raider Shoot-Out,2017-04-28,3.3,LJ,M
92,"Courter, Bryant",FR-1,South Dakota St.,7.50m,"24' 7.25""",The Summit League Outdoor Track & Field Championships,2017-05-11,1.9,LJ,M
92,"Osborn, Trenton",SR-4,Eastern Washington,7.50m,"24' 7.25""",Pacific Beach Intercollegiate,2017-04-13,2.9,LJ,M
95,"Cheval, Thomas",JR-3,Oklahoma,7.49m,"24' 7""",Penn Relays,2017-04-27,3.6,LJ,M
95,"Steeves, Blake",SR-4,BYU,7.49m,"24' 7""",2017 BYU Cougar Invitational,2017-05-12,0.8,LJ,M
95,"Lopez, Erin",SO-2,Texas Tech,7.49m,"24' 7""",Texas Tech Red Raider Shoot-Out,2017-04-28,3.2,LJ,M
98,"Burley, Casey",JR-3,Rhode Island,7.48m,"24' 6.5""",UCONN Northeast Challenge,2017-04-15,3.8,LJ,M
98,"Lombardo, Nicholas",JR-3,Bucknell,7.48m,"24' 6.5""",IC4A/ECAC Outdoor Track & Field Championships,2017-05-12,0.0,LJ,M
98,"Landis, John",SR-4,Connecticut,7.48m,"24' 6.5""",UCONN Northeast Challenge,2017-04-15,2.3,LJ,M
1,"Brits, Stefan",SR-4,Florida State,8.22m,"26' 11.75""",ACC Championships,2016-05-13,1.3,LJ,M
2,"Drummond, Braxton",SR-4,Charleston Southern,8.10m,"26' 7""",Miami Hurricane Alumni Invitational,2016-04-08,1.1,LJ,M
3,"George, Aaron",JR-3,Texas State,7.99m,"26' 2.75""",Texas State Bobcat Classic,2016-04-29,2.7,LJ,M
4,"Lawson, Jarrion",SR-4,Arkansas,7.98m,"26' 2.25""",John McDonnell Invitational,2016-04-22,2.0,LJ,M
4,"Briggs, Kemonie",FR-1,Long Beach St.,7.98m,"26' 2.25""",Big West Outdoor Track & Field Championships,2016-05-13,2.4,LJ,M
6,"Bates, KeAndre",SO-2,Florida,7.95m,"26' 1""",LSU Invitational,2016-04-30,2.1,LJ,M
6,"McClain, Terrell",SO-2,Akron,7.95m,"26' 1""",Akron NE Ohio Quad,2016-04-15,1.9,LJ,M
8,"Crawford, Corey",SR-4,Rutgers,7.93m,"26' 0.25""",Big Ten Conference Outdoor Track & Field Championships,2016-05-13,3.4,LJ,M
9,"Harvey, Julian",JR-3,SIU-Edwardsville,7.91m,"25' 11.5""",Arkansas Spring Invitational,2016-03-25,2.1,LJ,M
9,"Wieland, Luca",JR-3,Minnesota,7.91m,"25' 11.5""",Virginia Challenge,2016-04-22,0.8,LJ,M
11,"Addison, Jonathan",SR-4,North Carolina St.,7.90m,"25' 11""",Florida Relays,2016-03-31,1.8,LJ,M
12,"Alexander, Willie",SR-4,Long Beach St.,7.88m,"25' 10.25""",Big West Outdoor Track & Field Championships,2016-05-13,1.9,LJ,M
12,"McRae, Trey",SR-4,Charlotte,7.88m,"25' 10.25""",2016 Nike Clyde Littlefield Texas Relays,2016-03-30,2.3,LJ,M
12,"Hamilton, Allan",SR-4,New Mexico,7.88m,"25' 10.25""",Bryan Clay Invitational,2016-04-14,1.8,LJ,M
15,"Pienaar, Roelf",JR-3,Arkansas State,7.87m,"25' 10""",Sun Belt Conference Outdoor Track & Field Championships,2016-05-13,1.1,LJ,M
15,"Dorsey, Andre",SR-4,Kennesaw State,7.87m,"25' 10""",Leon Johnson Invitational,2016-04-08,2.5,LJ,M
17,"Williams, Will",SO-2,Texas A&M,7.85m,"25' 9.25""",Baldy Castillo Invitational,2016-03-18,2.6,LJ,M
17,"Fares, Basil",SR-4,Texas,7.85m,"25' 9.25""",Longhorn Invitational,2016-05-07,3.9,LJ,M
19,"Brown, Charles",FR-1,Texas Tech,7.83m,"25' 8.25""",Texas Tech Open,2016-03-24,1.6,LJ,M
19,"Williams, Emmanuel",SR-4,Northwestern St.,7.83m,"25' 8.25""",Southland Conference Outdoor Track & Field Championships,2016-05-06,1.3,LJ,M
21,"Jackson, Adoree",SO-2,USC,7.82m,"25' 8""",Power Conference Cardinal & Gold,2016-03-25,1.9,LJ,M
21,"Parharm, Jemal",SO-2,UL-Monroe,7.82m,"25' 8""",Sun Belt Conference Outdoor Track & Field Championships,2016-05-13,0.0,LJ,M
21,"Oduho, Joseph",JR-3,Akron,7.82m,"25' 8""",Mid-American Conference Championship,2016-05-12,0.8,LJ,M
24,"Quarles, Frank",JR-3,N. Carolina A&T,7.80m,"25' 7.25""",MEAC Outdoor Track & Field Championships,2016-05-05,1.5,LJ,M
24,"Sloan, Eric",JR-3,USC,7.80m,"25' 7.25""",Pepsi Invitational,2016-04-09,1.3,LJ,M
24,"Burrell, Cameron",SO-2,Houston,7.80m,"25' 7.25""",The American Outdoor Track & Field Championships,2016-05-12,1.2,LJ,M
27,"Darrow, Kyle",JR-3,Northeastern,7.78m,"25' 6.25""",34th Annual Victor Lopez Classic,2016-03-24,1.3,LJ,M
27,"Newport, Oliver",SO-2,Louisville,7.78m,"25' 6.25""",ACC Championships,2016-05-13,1.2,LJ,M
29,"Otuonye, Ifeanyichukwu",SR-4,Kansas State,7.76m,"25' 5.5""",John McDonnell Invitational,2016-04-22,3.3,LJ,M
30,"Sears, Ventavius",JR-3,Western Kentucky,7.75m,"25' 5.25""",Conference USA Championship,2016-05-12,1.4,LJ,M
30,"Newton, Scotty",SO-2,TCU,7.75m,"25' 5.25""",Jim Click Shootout,2016-04-09,1.6,LJ,M
32,"Owens, Rubin",SO-2,Arkansas,7.74m,"25' 4.75""",John McDonnell Invitational,2016-04-22,0.4,LJ,M
33,"Belardo, Jared",FR-1,Wichita State,7.73m,"25' 4.5""",Wichita State KT Woodman Classic,2016-04-13,2.4,LJ,M
34,"Ghent, Marcus",SR-4,FIU,7.71m,"25' 3.5""",Conference USA Championship,2016-05-12,3.4,LJ,M
34,"McClam, Joshua",JR-3,N.C. Central,7.71m,"25' 3.5""",Aggie Last Chance,2016-05-15,2.8,LJ,M
36,"Fisher, Kenneth",JR-3,Bethune-Cookman,7.70m,"25' 3.25""",Aggie Last Chance,2016-05-15,2.8,LJ,M
37,"Bazile, Zack",SO-2,Ohio State,7.69m,"25' 2.75""",Power Conference Cardinal & Gold,2016-03-25,2.6,LJ,M
37,"Grant, Keniel",JR-3,Florida State,7.69m,"25' 2.75""",ACC Championships,2016-05-13,-0.3,LJ,M
37,"Veith, Hunter",SO-2,Wichita State,7.69m,"25' 2.75""",Wichita State KT Woodman Classic,2016-04-13,3.0,LJ,M
40,"Landon, Kyle",JR-3,Southern Illinois,7.68m,"25' 2.5""",Tom Botts Invitational,2016-04-15,3.5,LJ,M
41,"Williams, Aaron",SR-4,Northwestern St.,7.65m,"25' 1.25""",UT Arlington Bobby Lane Invitational,2016-03-26,-0.7,LJ,M
41,"McCarter, Steffin",FR-1,Texas,7.65m,"25' 1.25""",Big 12 Outdoor Track & Field Championships,2016-05-13,2.6,LJ,M
41,"Dorsey, Fred",SO-2,Kentucky,7.65m,"25' 1.25""",Baldy Castillo Invitational,2016-03-18,1.8,LJ,M
41,"Warren, John",SO-2,Missouri,7.65m,"25' 1.25""",Tom Botts Invitational,2016-04-15,2.1,LJ,M
45,"White, Tim",JR-3,Arizona State,7.64m,"25' 0.75""",2016 Duel in the Desert,2016-04-30,1.6,LJ,M
45,"Trajkovski, Andreas",JR-3,Arkansas,7.64m,"25' 0.75""",John McDonnell Invitational,2016-04-22,1.6,LJ,M
45,"Duckworth, Tim",SO-2,Kentucky,7.64m,"25' 0.75""",Bulldog Decathlon-Heptathlon,2016-04-06,1.9,LJ,M
45,"Glenn, Kenny",SO-2,Miami (Ohio),7.64m,"25' 0.75""",Mid-American Conference Championship,2016-05-12,2.0,LJ,M
49,"Jenner, Kurt",JR-3,Arkansas,7.63m,"25' 0.5""",John McDonnell Invitational,2016-04-22,1.9,LJ,M
50,"Hazel, Austin",JR-3,UCLA,7.62m,"25' 0""",Jim Bush Collegiate Invitational,2016-03-22,1.7,LJ,M
50,"Williams, Nicholas",SR-4,Bethune-Cookman,7.62m,"25' 0""",MEAC Outdoor Track & Field Championships,2016-05-05,1.2,LJ,M
50,"Kamara, Ishmael",JR-3,Clemson,7.62m,"25' 0""",ACC Championships,2016-05-13,0.0,LJ,M
53,"Souza, Joey",FR-1,North Carolina,7.61m,"24' 11.75""",ACC Championships,2016-05-13,0.9,LJ,M
54,"Moffett, Malik",SO-2,Penn State,7.60m,"24' 11.25""",Big Ten Conference Outdoor Track & Field Championships,2016-05-13,1.4,LJ,M
54,"Vann, Greg",FR-1,Oklahoma,7.60m,"24' 11.25""",Big 12 Outdoor Track & Field Championships,2016-05-13,2.0,LJ,M
54,"Abdullah, Bilal",SR-4,Kennesaw State,7.60m,"24' 11.25""",Florida Relays,2016-03-31,2.9,LJ,M
54,"Jones, Trey",SR-4,UNC-Wilmington,7.60m,"24' 11.25""",UNCW Seahawk Invitational,2016-03-12,1.2,LJ,M
54,"Garrison, Matthew",SO-2,Purdue,7.60m,"24' 11.25""",Rankin/Poehlein Invitational,2016-05-06,2.5,LJ,M
59,"Clarke, Hayden",JR-3,Manhattan,7.59m,"24' 11""",Metro Atlantic Outdoor Track & Field Championships,2016-05-07,0.0,LJ,M
60,"Wesley, Corey",SR-4,UL-Monroe,7.58m,"24' 10.5""",Sun Belt Conference Outdoor Track & Field Championships,2016-05-13,0.2,LJ,M
61,"Mcdavid, Myles",SR-4,Georgia Tech,7.57m,"24' 10""",Georgia Tech Invitational,2016-04-22,0.0,LJ,M
61,"Williams, Mustaqeem",FR-1,Tennessee,7.57m,"24' 10""",Seminole Invitational,2016-04-15,0.5,LJ,M
61,"Oneal, Matthew",SR-4,South Florida,7.57m,"24' 10""",The American Outdoor Track & Field Championships,2016-05-12,-0.8,LJ,M
61,"Rodriguez, Alex",SO-2,Cornell,7.57m,"24' 10""",IC4A/ECAC Outdoor Track and Field Championships,2016-05-13,-0.7,LJ,M
65,"Smallwood, Dominic",SO-2,USC,7.56m,"24' 9.75""",Power Conference Cardinal & Gold,2016-03-25,2.9,LJ,M
66,"Williams, Devon",JR-3,Georgia,7.55m,"24' 9.25""",Bulldog Decathlon-Heptathlon,2016-04-06,-1.1,LJ,M
66,"Jefferson, Trumaine",FR-1,Houston,7.55m,"24' 9.25""",The American Outdoor Track & Field Championships,2016-05-12,1.2,LJ,M
68,"Narramore, Will",SR-4,High Point,7.54m,"24' 9""",Big South Outdoor Track & Field Championships,2016-05-10,3.6,LJ,M
68,"Jones, Darryl",JR-3,Alcorn State,7.54m,"24' 9""",Mississippi College Twilight Invitational,2016-04-01,1.1,LJ,M
70,"Rolle, Drayton",SR-4,Texas Southern,7.53m,"24' 8.5""",Carolyn & Ron Yokubaitis Invitational,2016-04-23,2.8,LJ,M
70,"Benton, Naje",JR-3,Maryland-Eastern Shore,7.53m,"24' 8.5""",High Point VertKlasse Meeting,2016-04-01,2.4,LJ,M
70,"Rooks, Demetrius",JR-3,Bethune-Cookman,7.53m,"24' 8.5""",MEAC Outdoor Track & Field Championships,2016-05-05,0.9,LJ,M
70,"Barnes, Marquis",SO-2,Samford,7.53m,"24' 8.5""",War Eagle Invitational,2016-04-22,2.6,LJ,M
74,"Kemp, Demek",SO-2,South Carolina St.,7.52m,"24' 8.25""",MEAC Outdoor Track & Field Championships,2016-05-05,1.1,LJ,M
74,"Acera, Sergio",JR-3,Cincinnati,7.52m,"24' 8.25""",Lenny Lyles-Clark Wood Invitational,2016-04-21,1.5,LJ,M
74,"Weider, Ian",JR-3,Vermont,7.52m,"24' 8.25""",2016 America East Outdoor Track & Field Championships,2016-05-07,1.9,LJ,M
77,"White, Travonn",SO-2,Oregon,7.51m,"24' 7.75""",Oregon Relays,2016-04-15,2.6,LJ,M
77,"Reed, Willie",SO-2,Miss State,7.51m,"24' 7.75""",LSU Battle on the Bayou,2016-04-09,1.6,LJ,M
77,"Nyamadi, Atsu",SR-4,Mid. Tenn. State,7.51m,"24' 7.75""",Bulldog Decathlon-Heptathlon,2016-04-06,-0.5,LJ,M
77,"Pittman, Isiah",FR-1,Stephen F. Austin,7.51m,"24' 7.75""",2016 Skechers Carl Kight Invitational,2016-04-08,0.0,LJ,M
77,"Hamilton, Kartavius",SR-4,McNeese State,7.51m,"24' 7.75""",Southland Conference Outdoor Track & Field Championships,2016-05-06,0.0,LJ,M
77,"Bastien, Steven",JR-3,Michigan,7.51m,"24' 7.75""",Texas State Bobcat Classic,2016-04-29,0.1,LJ,M
77,"Reynolds, John",SO-2,Air Force,7.51m,"24' 7.75""",Mountain West Championships,2016-05-11,2.7,LJ,M
84,"Mikell, Devyn",JR-3,Indiana State,7.50m,"24' 7.25""",Tom Botts Invitational,2016-04-15,2.9,LJ,M
84,"Brown, Jamie",FR-1,Western Carolina,7.50m,"24' 7.25""",Terrier Relays 2016,2016-04-02,0.6,LJ,M
84,"Brown, Tyler",JR-3,Eastern Michigan,7.50m,"24' 7.25""",Mid-American Conference Championship,2016-05-12,1.2,LJ,M
84,"Samuels, Jarrett",SR-4,Louisiana Tech,7.50m,"24' 7.25""",Jim Mize Invitational,2016-03-18,3.9,LJ,M
88,"Lucy, Elijah",FR-1,Nebraska,7.49m,"24' 7""",2016 Nebraska Invitational,2016-05-07,1.2,LJ,M
89,"Rubalcaba, Mark",FR-1,Auburn,7.47m,"24' 6.25""",War Eagle Invitational,2016-04-22,1.7,LJ,M
89,"Ziemek, Zach",SR-4,Wisconsin,7.47m,"24' 6.25""",Bulldog Decathlon-Heptathlon,2016-04-06,1.9,LJ,M
91,"Tonnesen, Pau",SR-4,Arizona,7.46m,"24' 5.75""",Jim Click Shootout,2016-04-09,0.0,LJ,M
91,"Fincham-Dukes, Jacob",FR-1,Oklahoma State,7.46m,"24' 5.75""",University of Tulsa Duels,2016-03-18,1.8,LJ,M
91,"Nicholas, Kareem",SR-4,Tennessee St.,7.46m,"24' 5.75""",Ohio Valley Conference Championship,2016-05-13,1.0,LJ,M
91,"Brave, Quemell",SO-2,Winthrop,7.46m,"24' 5.75""",Charlotte Invitational,2016-04-15,1.1,LJ,M
91,"Coleman, Jamir",SO-2,Akron,7.46m,"24' 5.75""",Mid-American Conference Championship,2016-05-12,-1.0,LJ,M
91,"Charley, Myles",SR-4,Troy,7.46m,"24' 5.75""",Sun Belt Conference Outdoor Track & Field Championships,2016-05-13,2.4,LJ,M
91,"Bellard, Da'Quan",FR-1,LSU,7.46m,"24' 5.75""",Miami Hurricane Twilight Invitational,2016-03-25,0.5,LJ,M
98,"Jacob, Innocent",JR-3,Miami,7.45m,"24' 5.5""",Miami Hurricane Twilight Invitational,2016-03-25,0.0,LJ,M
98,"Darty, Trey",SR-4,Stephen F. Austin,7.45m,"24' 5.5""",2016 Skechers Carl Kight Invitational,2016-04-08,0.0,LJ,M
100,"Friday, John-Patrick",SR-4,Miami,7.44m,"24' 5""",Miami Hurricane Alumni Invitational,2016-04-08,1.4,LJ,M
1,"Harrison, JuVaughn",SO-2,LSU,8.17m,"26' 9.75""",Miami Hurricane Alumni Invitational,2019-04-12,1.3,LJ,M
2,"Lewis, Odaine",SR-4,Texas Tech,8.10m,"26' 7""",Corky/Crofoot Shootout,2019-04-26,2.4,LJ,M
2,"Ward, Ja'Mari",SO-2,Missouri,8.10m,"26' 7""",SEC Outdoor Track & Field Championships,2019-05-09,0.1,LJ,M
4,"Brown, Charles",SR-4,Texas Tech,8.07m,"26' 5.75""",2019 92nd Clyde Littlefield Texas Relays,2019-03-27,2.4,LJ,M
4,"Randrianasolo, Yann",SR-4,South Carolina,8.07m,"26' 5.75""",Gamecock Invitational Outdoor,2019-04-13,1.0,LJ,M
6,"Grey, Rayvon",JR-3,LSU,8.05m,"26' 5""",2019 92nd Clyde Littlefield Texas Relays,2019-03-27,2.7,LJ,M
7,"Latimer, Jordan",SR-4,Akron,8.02m,"26' 3.75""",Beach Invitational,2019-04-19,2.0,LJ,M
8,"Edoki, Fabian",JR-3,Mid. Tenn. State,8.00m,"26' 3""",2019 92nd Clyde Littlefield Texas Relays,2019-03-27,1.4,LJ,M
8,"Holloway, Grant",JR-3,Florida,8.00m,"26' 3""",LSU Alumni Gold,2019-04-20,1.3,LJ,M
10,"Briggs, Kemonie",SR-4,Long Beach St.,7.96m,"26' 1.5""",Big West Outdoor Track & Field Championships,2019-05-10,1.2,LJ,M
10,"Fincham-Dukes, Jacob",SR-4,Oklahoma State,7.96m,"26' 1.5""",National Relay Championships,2019-04-26,1.2,LJ,M
12,"McCarter, Steffin",JR-3,Texas,7.93m,"26' 0.25""",Big 12 Outdoor Track and Field Championships,2019-05-10,0.4,LJ,M
13,"Slocum, Khalid",SO-2,Monmouth,7.91m,"25' 11.5""",Virginia Challenge,2019-04-19,2.6,LJ,M
14,"Gordon, Allen",SO-2,Ole Miss,7.89m,"25' 10.75""",SEC Outdoor Track & Field Championships,2019-05-09,0.4,LJ,M
14,"Brumfield, R'Lazon",SO-2,Tennessee St.,7.89m,"25' 10.75""",Memphis Tiger invitational,2019-04-26,3.4,LJ,M
16,"Hall, Justin",JR-3,Texas Tech,7.88m,"25' 10.25""",Big 12 Outdoor Track and Field Championships,2019-05-10,-0.1,LJ,M
16,"Price, Bobby",JR-3,Norfolk State,7.88m,"25' 10.25""",MEAC Outdoor Track & Field Championships,2019-05-02,1.9,LJ,M
18,"Thibodeau, Jesse",JR-3,Princeton,7.87m,"25' 10""",Miami Hurricane Alumni Invitational,2019-04-12,1.4,LJ,M
19,"Lucy, Elijah",SR-4,Nebraska,7.84m,"25' 8.75""",2019 Husker Spring Invitational,2019-04-05,3.3,LJ,M
20,"Scott, Jordan",JR-3,Virginia,7.83m,"25' 8.25""",ACC Championships,2019-05-09,1.3,LJ,M
21,"McQuirter, Lagarious",FR-1,Houston,7.82m,"25' 8""",Houston Alumni Invitational,2019-04-06,4.0,LJ,M
22,"Glenn, Kenny",SR-4,Miami (Ohio),7.80m,"25' 7.25""",2019 Billy Hayes Invitational,2019-05-03,0.8,LJ,M
23,"Hicklin , Brandon",FR-1,N. Carolina A&T,7.79m,"25' 6.75""",MEAC Outdoor Track & Field Championships,2019-05-02,2.7,LJ,M
24,"Harper, Denzel",JR-3,Louisiana Tech,7.76m,"25' 5.5""",2019 92nd Clyde Littlefield Texas Relays,2019-03-27,2.3,LJ,M
25,"Allen, Rayvon",SO-2,Wichita State,7.75m,"25' 5.25""",The American Outdoor Track & Field Championships,2019-05-10,1.7,LJ,M
25,"Brown, Jamie",SR-4,Alabama State,7.75m,"25' 5.25""",2019 SWAC Outdoor T&F Championships,2019-05-03,2.0,LJ,M
25,"Cade, Marcus",FR-1,Alabama State,7.75m,"25' 5.25""",2019 SWAC Outdoor T&F Championships,2019-05-03,1.7,LJ,M
28,"Austin, PJ",FR-1,Arizona,7.74m,"25' 4.75""",Jim Click Shootout,2019-04-06,0.0,LJ,M
28,"Ware, Obdarius",FR-1,UL-Lafayette,7.74m,"25' 4.75""",Sun Belt Outdoor Track and Field Championships,2019-05-10,0.0,LJ,M
30,"Malone, Treyshon",JR-3,Idaho State,7.73m,"25' 4.5""",Beach Invitational,2019-04-19,1.9,LJ,M
30,"Fraga, Samory",SR-4,Kent State,7.73m,"25' 4.5""",Tennessee Relays,2019-04-11,2.5,LJ,M
30,"McGee, Keshun",JR-3,Eastern Washington,7.73m,"25' 4.5""",Big Sky Outdoor Track & Field Championships,2019-05-08,0.0,LJ,M
30,"Jeter, Jacorious",SR-4,Northwestern St.,7.73m,"25' 4.5""",SFA Carl Kight Invitational,2019-04-03,1.1,LJ,M
30,"Schrage, Harrison",JR-3,UCLA,7.73m,"25' 4.5""",USC vs UCLA,2019-04-27,1.3,LJ,M
35,"Enochs, Seth",SO-2,UC Irvine,7.72m,"25' 4""",Big West Outdoor Track & Field Championships,2019-05-10,2.2,LJ,M
35,"King, Adrian",SR-4,Grand Canyon,7.72m,"25' 4""",WAC Outdoor Track and Field Championships,2019-05-09,-0.9,LJ,M
35,"Bridgett, A'Nan",FR-1,Rutgers,7.72m,"25' 4""",Virginia Challenge,2019-04-19,0.1,LJ,M
38,"Tate, Jalen",SO-2,Tennessee,7.70m,"25' 3.25""",Stanford Invitational,2019-03-29,0.8,LJ,M
39,"MacArthur, Albert",JR-3,Utah Valley,7.69m,"25' 2.75""",UNLV Invitational and Sheila Tarr Multis,2019-03-14,2.8,LJ,M
40,"Jegede, Marcus",SR-4,Louisville,7.68m,"25' 2.5""",37th Annual Victor Lopez Classic,2019-03-21,0.0,LJ,M
41,"Lewis, Alexander",SR-4,Montana State,7.67m,"25' 2""",Bryan Clay Invitational,2019-04-17,1.8,LJ,M
41,"Eckleben, Erik",JR-3,Coastal Carolina,7.67m,"25' 2""",Coastal Carolina Invitational,2019-03-08,0.8,LJ,M
41,"Erm, Johannes",SO-2,Georgia,7.67m,"25' 2""",Torrin Lawrence Memorial,2019-04-26,3.2,LJ,M
44,"Jefferson, Trumaine",SR-4,Houston,7.66m,"25' 1.75""",Texas A&M Invitational I,2019-04-12,2.1,LJ,M
45,"Henderson, William",SO-2,Penn State,7.65m,"25' 1.25""",Virginia Challenge,2019-04-19,0.3,LJ,M
46,"Pittman, Isaiah",SR-4,Stephen F. Austin,7.64m,"25' 0.75""",ACU Last Chance 2019,2019-05-12,0.3,LJ,M
47,"Nairn, Laquan",JR-3,Arkansas,7.63m,"25' 0.5""",SEC Outdoor Track & Field Championships,2019-05-09,0.5,LJ,M
48,"Healy, Sam",JR-3,UL-Monroe,7.62m,"25' 0""",Sun Belt Outdoor Track and Field Championships,2019-05-10,0.0,LJ,M
49,"Shell, Carter",SO-2,Arkansas State,7.61m,"24' 11.75""",Sun Belt Outdoor Track and Field Championships,2019-05-10,0.0,LJ,M
49,"Davis, Jamar",FR-1,North Carolina St.,7.61m,"24' 11.75""",Tennessee Relays,2019-04-11,2.7,LJ,M
49,"Jones, Kenan",FR-1,LSU,7.61m,"24' 11.75""",LSU Invitational,2019-04-27,3.8,LJ,M
52,"Briscoe, Jr., Ronnie",SO-2,Texas State,7.60m,"24' 11.25""",Sun Belt Outdoor Track and Field Championships,2019-05-10,0.0,LJ,M
52,"Washington, Eric",JR-3,Southern Miss.,7.60m,"24' 11.25""",Southern Miss Open,2019-04-27,0.5,LJ,M
54,"James, Tristan",SR-4,Oregon,7.59m,"24' 11""",2019 Pac-12 Track & Field Championships,2019-05-04,0.1,LJ,M
55,"Chase, Ryan",JR-3,New Mexico,7.58m,"24' 10.5""",Bryan Clay Invitational,2019-04-17,3.0,LJ,M
55,"Bourke, Colm",SR-4,UL-Monroe,7.58m,"24' 10.5""",Sun Belt Outdoor Track and Field Championships,2019-05-10,1.2,LJ,M
55,"Igbinoghene, Noah",SO-2,Auburn,7.58m,"24' 10.5""",SEC Outdoor Track & Field Championships,2019-05-09,-0.2,LJ,M
58,"Vann, Greg",SR-4,Oklahoma,7.57m,"24' 10""",National Relay Championships,2019-04-26,0.7,LJ,M
58,"Roomes, Mason",SO-2,Minnesota,7.57m,"24' 10""",Tomcat Twilight,2019-04-18,0.4,LJ,M
60,"Irving, Jacore",SO-2,Florida State,7.56m,"24' 9.75""",ACC Championships,2019-05-09,0.2,LJ,M
60,"Hobbs, Nathan",FR-1,New Hampshire,7.56m,"24' 9.75""",2019 America East Outdoor Championships,2019-05-04,3.0,LJ,M
60,"Monroe, Derrick",SR-4,Arizona State,7.56m,"24' 9.75""",2019 Desert Heat Classic,2019-04-27,0.3,LJ,M
60,"Battikha, Tanner",JR-3,New Mexico,7.56m,"24' 9.75""",Bryan Clay Invitational,2019-04-17,1.4,LJ,M
60,"Bellard, Da'Quan",SR-4,LSU,7.56m,"24' 9.75""",LSU Battle on the Bayou,2019-04-06,1.7,LJ,M
60,"Holmes, Isaiah",JR-3,UCLA,7.56m,"24' 9.75""",2019 Willie Williams Classic College,2019-03-15,0.0,LJ,M
60,"Rayford, Cameron",JR-3,Northern Arizona,7.56m,"24' 9.75""",Bryan Clay Invitational,2019-04-17,2.2,LJ,M
60,"Watson, Ayende",FR-1,Virginia,7.56m,"24' 9.75""",ACC Championships,2019-05-09,2.8,LJ,M
60,"Fisher, Davion",JR-3,Ohio State,7.56m,"24' 9.75""",Virginia Challenge,2019-04-19,2.6,LJ,M
69,"McBride, Chris",SR-4,Clemson,7.55m,"24' 9.25""",ACC Championships,2019-05-09,1.0,LJ,M
69,"Warren, John",SR-4,Southern Miss.,7.55m,"24' 9.25""",Conference USA Outdoor Championships,2019-05-09,1.2,LJ,M
69,"Olojo, Olushola",SR-4,Memphis,7.55m,"24' 9.25""",Memphis Tiger invitational,2019-04-26,2.6,LJ,M
69,"Schmidt, Spenser",SR-4,Oregon,7.55m,"24' 9.25""",2019 Pac-12 Track & Field Championships,2019-05-04,0.0,LJ,M
73,"Steverson, Markeit",SO-2,Northwestern St.,7.54m,"24' 9""",Southland Conference Outdoor Track and Field Championship,2019-05-03,2.0,LJ,M
73,"Tinch, Cordell",FR-1,Kansas,7.54m,"24' 9""",Big 12 Outdoor Track and Field Championships,2019-05-10,0.4,LJ,M
73,"Lawson, TJ",JR-3,Kent State,7.54m,"24' 9""",Jesse Owens Classic - The Ohio State University,2019-04-26,0.7,LJ,M
73,"Delince, Karon",SO-2,East Tenn. St.,7.54m,"24' 9""",2019 Southern Conference Outdoor Track & Field Championships,2019-04-27,1.6,LJ,M
77,"Thomas, Courtney",FR-1,Arkansas State,7.53m,"24' 8.5""",Memphis Tiger invitational,2019-04-26,2.8,LJ,M
77,"Cotto, Victor",SO-2,Albany,7.53m,"24' 8.5""",2019 America East Outdoor Championships,2019-05-04,0.7,LJ,M
77,"Service, Reed",SO-2,FIU,7.53m,"24' 8.5""",Miami Hurricane Alumni Invitational,2019-04-12,2.4,LJ,M
77,"Owens, Ayden",FR-1,USC,7.53m,"24' 8.5""",Bryan Clay Invitational,2019-04-17,1.0,LJ,M
81,"Burns, Eric",JR-3,Loyola (Ill.),7.52m,"24' 8.25""",Bryan Clay Invitational,2019-04-17,2.2,LJ,M
81,"Purnell, Jaden",SR-4,Oral Roberts,7.52m,"24' 8.25""",Summit League T&F Outdoor Championships,2019-05-08,3.0,LJ,M
81,"Geredes, Jared",SO-2,California,7.52m,"24' 8.25""",2019 Pac-12 Track & Field Championships,2019-05-04,0.0,LJ,M
81,"Bynum, Isa",SO-2,Colorado St.,7.52m,"24' 8.25""",Bryan Clay Invitational,2019-04-17,2.5,LJ,M
85,"Lewis, Brandon",FR-1,North Dakota State,7.51m,"24' 7.75""",Texas State Bobcat Invitational,2019-03-28,1.6,LJ,M
85,"Seawright, Daniel",SO-2,South Carolina St.,7.51m,"24' 7.75""",MEAC Outdoor Track & Field Championships,2019-05-02,0.8,LJ,M
87,"Douglas, Ja'Von",SO-2,North Carolina St.,7.50m,"24' 7.25""",ACC Championships,2019-05-09,1.1,LJ,M
87,"Spears, Tyson",JR-3,Georgia Tech,7.50m,"24' 7.25""",ACC Championships,2019-05-09,1.8,LJ,M
87,"Feggett, Trini",FR-1,Western Carolina,7.50m,"24' 7.25""",2019 Catamount Classic,2019-04-12,0.4,LJ,M
87,"Seward, DaJuan",SR-4,Ohio State,7.50m,"24' 7.25""",Virginia Challenge,2019-04-19,3.4,LJ,M
87,"Walker, Jullane",JR-3,Kansas State,7.50m,"24' 7.25""",National Relay Championships,2019-04-26,0.2,LJ,M
92,"Creary, Dameon",SO-2,Campbell,7.49m,"24' 7""",Gamecock Invitational Outdoor,2019-04-13,1.3,LJ,M
92,"Thomas, Ryan",SR-4,Georgia Tech,7.49m,"24' 7""",ACC Championships,2019-05-09,0.6,LJ,M
94,"Thorn, Colby",JR-3,Winthrop,7.48m,"24' 6.5""",2019 Adidas Winthrop University Invitational,2019-03-21,2.9,LJ,M
94,"Horton, Hakeem",SR-4,East Carolina,7.48m,"24' 6.5""",The American Outdoor Track & Field Championships,2019-05-10,0.7,LJ,M
94,"Sylla, Patrick",FR-1,TCU,7.48m,"24' 6.5""",2019 92nd Clyde Littlefield Texas Relays,2019-03-27,3.9,LJ,M
97,"Seals, Jalen",SO-2,Baylor,7.47m,"24' 6.25""",Big 12 Outdoor Track and Field Championships,2019-05-10,1.1,LJ,M
97,"Davis, Terrel",JR-3,Hartford,7.47m,"24' 6.25""",2019 America East Outdoor Championships,2019-05-04,0.3,LJ,M
99,"Pyle, Tom",SR-4,Kansas State,7.46m,"24' 5.75""",Texas State Bobcat Invitational,2019-03-28,3.2,LJ,M
99,"James, LaRon",SR-4,Northwestern St.,7.46m,"24' 5.75""",McNeese State Cowboy Relays,2019-03-09,2.7,LJ,M
1,"Simpson, Damarcus",SR-4,Oregon,8.33m,"27' 4""",2018 Pac-12 Track & Field Championships,2018-05-12,3.0,LJ,M
2,"Holloway, Grant",SO-2,Florida,8.32m,"27' 3.75""",SEC Outdoor Track and Field Championships,2018-05-11,2.9,LJ,M
3,"Williams, Will",SR-4,Texas A&M,8.25m,"27' 1""",SEC Outdoor Track and Field Championships,2018-05-11,3.8,LJ,M
4,"Duckworth, Tim",SR-4,Kentucky,8.19m,"26' 10.5""",SEC Outdoor Track and Field Championships,2018-05-11,2.5,LJ,M
5,"McClain, Terrell",SR-4,Akron,8.18m,"26' 10""",Beach Invitational,2018-04-20,1.6,LJ,M
6,"Brown, Charles",JR-3,Texas Tech,8.16m,"26' 9.25""",Home Depot Clyde Littlefield Texas Relays,2018-03-28,2.6,LJ,M
7,"Kerr, Jared",SO-2,Houston,8.14m,"26' 8.5""",The American Outdoor Track & Field Championships,2018-05-11,1.1,LJ,M
8,"Ruffin, Rodney",JR-3,SE Louisiana,8.10m,"26' 7""",SELU Lions SU Jaguars Dual,2018-03-23,3.0,LJ,M
9,"Lewis, Odaine",JR-3,Texas Tech,8.08m,"26' 6.25""",ACU Wes Kittley Invitational,2018-03-23,2.1,LJ,M
10,"Knight, Corion",SR-4,Florida State,8.06m,"26' 5.5""",ACC Outdoor Championships,2018-05-10,3.3,LJ,M
11,"Bazile, Zack",SR-4,Ohio State,8.03m,"26' 4.25""",Big Ten Championships,2018-05-11,1.3,LJ,M
12,"Bates, KeAndre",SR-4,Florida,8.00m,"26' 3""",SEC Outdoor Track and Field Championships,2018-05-11,3.5,LJ,M
13,"Mobley , Desmond",SR-4,Western Kentucky,7.99m,"26' 2.75""",2018 Conference USA Outdoor Track & Field Championships,2018-05-10,0.9,LJ,M
13,"Randrianasolo, Yann",JR-3,South Carolina,7.99m,"26' 2.75""",Tennessee Relays,2018-04-12,2.8,LJ,M
15,"Darrow, Kyle",SR-4,Northeastern,7.97m,"26' 1.75""",UCONN Northeast Challenge,2018-04-14,2.6,LJ,M
16,"Triki, Tahar",SO-2,Texas A&M,7.96m,"26' 1.5""",SEC Outdoor Track and Field Championships,2018-05-11,1.3,LJ,M
17,"Latimer, Jordan",JR-3,Akron,7.94m,"26' 0.75""",2018 Mid-American Conf. Outdoor Track & Field Championships,2018-05-10,0.4,LJ,M
18,"Briggs, Kemonie",JR-3,Long Beach St.,7.92m,"26' 0""",2018 Big West Championships,2018-05-11,1.3,LJ,M
19,"Adams, Barden",SR-4,Kansas,7.90m,"25' 11""",Big 12 Conference Outdoor Track and Field Championships,2018-05-11,2.3,LJ,M
20,"Harper, Denzel",SO-2,Louisiana Tech,7.89m,"25' 10.75""",2018 Conference USA Outdoor Track & Field Championships,2018-05-10,0.9,LJ,M
20,"Fincham-Dukes, Jacob",JR-3,Oklahoma State,7.89m,"25' 10.75""",Home Depot Clyde Littlefield Texas Relays,2018-03-28,1.0,LJ,M
22,"Newton, Scotty",SR-4,TCU,7.88m,"25' 10.25""",Big 12 Conference Outdoor Track and Field Championships,2018-05-11,3.0,LJ,M
22,"Wells, Jonathan",JR-3,Illinois,7.88m,"25' 10.25""",Mt. SAC Relays,2018-04-19,-3.0,LJ,M
24,"Jegede, Marcus",JR-3,Louisville,7.86m,"25' 9.5""",2018 Louisville Invitational,2018-04-13,1.4,LJ,M
25,"Belardo, Jared",JR-3,Wichita State,7.85m,"25' 9.25""",The American Outdoor Track & Field Championships,2018-05-11,3.3,LJ,M
26,"Harvey, Julian",SR-4,SIU Edwardsville,7.84m,"25' 8.75""",Ohio Valley Conference Championship,2018-05-10,-1.8,LJ,M
26,"Abubakar, Mohammed",SR-4,Kentucky,7.84m,"25' 8.75""",National Relay Championships,2018-04-27,2.7,LJ,M
28,"MacArthur, Albert",SO-2,Utah Valley,7.83m,"25' 8.25""",Western Athletic Conference Outdoor Track and Field Champion,2018-05-09,2.6,LJ,M
29,"Fraga, Samory",JR-3,Kent State,7.82m,"25' 8""",Tennessee Relays,2018-04-12,1.8,LJ,M
30,"James, Tristan",JR-3,Oregon,7.80m,"25' 7.25""",2018 Pac-12 Track & Field Championships,2018-05-12,2.4,LJ,M
30,"Warren, John",JR-3,Southern Miss.,7.80m,"25' 7.25""",2018 Conference USA Outdoor Track & Field Championships,2018-05-10,0.6,LJ,M
30,"Gordon, Allen",FR-1,Ole Miss,7.80m,"25' 7.25""",SEC Outdoor Track and Field Championships,2018-05-11,2.5,LJ,M
33,"Hall, Justin",SO-2,Texas Tech,7.79m,"25' 6.75""",Texas Tech Corky/Crofoot Shootout,2018-04-27,2.3,LJ,M
33,"Jefferson, Trumaine",JR-3,Houston,7.79m,"25' 6.75""",The American Outdoor Track & Field Championships,2018-05-11,1.0,LJ,M
35,"Veith, Hunter",SR-4,Wichita State,7.78m,"25' 6.25""",Home Depot Clyde Littlefield Texas Relays,2018-03-28,0.9,LJ,M
35,"Bryan, Christopher",JR-3,UMKC,7.78m,"25' 6.25""",Western Athletic Conference Outdoor Track and Field Champion,2018-05-09,3.1,LJ,M
35,"Erm, Johannes",FR-1,Georgia,7.78m,"25' 6.25""",Spec Towns Invitational,2018-04-06,-1.5,LJ,M
38,"Riley, Adrian",SR-4,UTSA,7.77m,"25' 6""",Roadrunner Invitational,2018-03-22,0.2,LJ,M
39,"Grey, Rayvon",SO-2,LSU,7.76m,"25' 5.5""",SEC Outdoor Track and Field Championships,2018-05-11,3.6,LJ,M
40,"Fisher, Kenneth",SR-4,Florida State,7.75m,"25' 5.25""",National Relay Championships,2018-04-27,1.2,LJ,M
40,"Dickerson, Antwan",SR-4,Houston,7.75m,"25' 5.25""",Home Depot Clyde Littlefield Texas Relays,2018-03-28,2.4,LJ,M
40,"Childs, Steven",JR-3,UC Davis,7.75m,"25' 5.25""",Titan Team Challenge,2018-03-31,0.8,LJ,M
43,"Allen, Rayvon",FR-1,Wichita State,7.71m,"25' 3.5""",The American Outdoor Track & Field Championships,2018-05-11,1.3,LJ,M
43,"Blake, JuVaughn",FR-1,LSU,7.71m,"25' 3.5""",SEC Outdoor Track and Field Championships,2018-05-11,1.9,LJ,M
43,"Green, Denzel",FR-1,Stephen F. Austin,7.71m,"25' 3.5""",Texas Invitational,2018-04-13,1.4,LJ,M
46,"Scott, Jordan",SO-2,Virginia,7.70m,"25' 3.25""","Virginia v. Maryland, Bucknell, Georgetown",2018-04-06,2.4,LJ,M
46,"Newport, Oliver",SR-4,Louisville,7.70m,"25' 3.25""",2018 Louisville Invitational,2018-04-13,2.4,LJ,M
46,"Hodebar, Enzo",FR-1,Florida,7.70m,"25' 3.25""",SEC Outdoor Track and Field Championships,2018-05-11,0.0,LJ,M
49,"Schrage, Harrison",SO-2,Arkansas,7.69m,"25' 2.75""",Arkansas Spring Invitational,2018-03-23,2.8,LJ,M
49,"Flannigan, Marcus",SR-4,Grand Canyon,7.69m,"25' 2.75""",Western Athletic Conference Outdoor Track and Field Champion,2018-05-09,2.3,LJ,M
49,"Reagan, Joe",JR-3,South Dakota,7.69m,"25' 2.75""",2018 Summit League Championships,2018-05-10,2.1,LJ,M
49,"Shell, Carter",FR-1,Arkansas State,7.69m,"25' 2.75""",Spec Towns Invitational,2018-04-06,0.1,LJ,M
53,"Johnson, Zachary",FR-1,Sam Houston St.,7.67m,"25' 2""",Southland Conference Outdoor Track & Field Championships,2018-05-04,0.8,LJ,M
53,"Jones, Tyler",FR-1,Kennesaw State,7.67m,"25' 2""",ASUN Outdoor Track & Field Championships,2018-05-11,0.9,LJ,M
55,"Akindele, Dayo",JR-3,Kennesaw State,7.66m,"25' 1.75""",Winthrop Adidas University Invitational,2018-03-22,2.5,LJ,M
55,"Saluri, Karl",SR-4,Georgia,7.66m,"25' 1.75""",Spec Towns Invitational,2018-04-06,-1.1,LJ,M
55,"Wallace, Armani",JR-3,Florida State,7.66m,"25' 1.75""",ACC Outdoor Championships,2018-05-10,2.1,LJ,M
58,"Hylton, Lloyd",SR-4,Morgan State,7.65m,"25' 1.25""",Florida Relays,2018-03-29,0.2,LJ,M
59,"Smith, Jason",SO-2,Long Beach St.,7.64m,"25' 0.75""",2018 Big West Championships,2018-05-11,2.1,LJ,M
59,"Seawright, Daniel",FR-1,South Carolina St.,7.64m,"25' 0.75""",MEAC Outdoor Track & Field Championships,2018-05-03,1.0,LJ,M
59,"Mechler, Nathaniel",SO-2,Houston,7.64m,"25' 0.75""",Bryan Clay Invitational,2018-04-19,2.1,LJ,M
62,"Riley, Travis",JR-3,Kentucky,7.63m,"25' 0.5""",Florida Relays,2018-03-29,0.3,LJ,M
62,"Wilson, O'Shea",SR-4,Iowa,7.63m,"25' 0.5""",Mt. SAC Relays,2018-04-19,-1.5,LJ,M
64,"Edwards, Austin",FR-1,Cincinnati,7.62m,"25' 0""",Oliver Nikoloff Invitational,2018-03-30,2.0,LJ,M
64,"Courter, Bryant",SO-2,South Dakota St.,7.62m,"25' 0""",2018 Summit League Championships,2018-05-10,4.0,LJ,M
66,"Kiplesund, Ingar",FR-1,Tennessee,7.61m,"24' 11.75""",National Relay Championships,2018-04-27,2.5,LJ,M
66,"Strange, Jah",SO-2,Sacramento St.,7.61m,"24' 11.75""",Causeway Classic Dual Meet,2018-04-27,3.2,LJ,M
66,"Davis, Terrel",SO-2,Hartford,7.61m,"24' 11.75""",Weems Baskin Relays,2018-03-23,3.8,LJ,M
69,"Parharm, Jemal",SR-4,UL-Monroe,7.60m,"24' 11.25""",Texas State Bobcat Invitational,2018-03-29,0.5,LJ,M
70,"Roomes, Mason",FR-1,Minnesota,7.59m,"24' 11""",National Relay Championships,2018-04-27,2.8,LJ,M
70,"Briscoe, Jr., Ronnie",FR-1,Texas State,7.59m,"24' 11""",Sun Belt Outdoor Track and Field Championships,2018-05-11,2.1,LJ,M
70,"Adams, Tyler",JR-3,Sam Houston St.,7.59m,"24' 11""",Southland Conference Outdoor Track & Field Championships,2018-05-04,-2.4,LJ,M
73,"Nasser, Saladin",SR-4,Long Beach St.,7.58m,"24' 10.5""",Beach Invitational,2018-04-20,1.8,LJ,M
73,"McGee, Keshun",SO-2,Eastern Washington,7.58m,"24' 10.5""",Big Sky Outdoor Track & Field Championships,2018-05-08,0.0,LJ,M
73,"Rayford, Cameron",SO-2,Northern Arizona,7.58m,"24' 10.5""",Bryan Clay Invitational,2018-04-19,3.8,LJ,M
73,"Tanksley, Alec",FR-1,Western Kentucky,7.58m,"24' 10.5""",2018 Conference USA Outdoor Track & Field Championships,2018-05-10,1.9,LJ,M
77,"Owens, Rubin",SR-4,Arkansas,7.57m,"24' 10""",National Relay Championships,2018-04-27,1.3,LJ,M
77,"Walker, Jullane",SO-2,Kansas State,7.57m,"24' 10""",Big 12 Conference Outdoor Track and Field Championships,2018-05-11,1.8,LJ,M
77,"Dorsey, Fred",SR-4,Kentucky,7.57m,"24' 10""",SEC Outdoor Track and Field Championships,2018-05-11,1.5,LJ,M
77,"Workcuff, Darryl",SR-4,Mount St. Mary's,7.57m,"24' 10""",Northeast Conference Championship,2018-05-05,1.1,LJ,M
81,"Harris, Treyton",JR-3,Indiana,7.56m,"24' 9.75""",Penn Relays,2018-04-26,1.3,LJ,M
82,"Purnell, Jaden",JR-3,Oral Roberts,7.55m,"24' 9.25""",2018 Summit League Championships,2018-05-10,3.4,LJ,M
82,"Jeter, Jacorious",JR-3,Northwestern St.,7.55m,"24' 9.25""",McNeese State Last Chance,2018-05-12,2.2,LJ,M
82,"Nairn, Laquan",SO-2,Arkansas,7.55m,"24' 9.25""",National Relay Championships,2018-04-27,0.3,LJ,M
85,"Rubalcaba, Mark",JR-3,Auburn,7.54m,"24' 9""",Tiger Track Classic 2018,2018-04-13,0.6,LJ,M
85,"Brown, Jamie",JR-3,Alabama State,7.54m,"24' 9""",Tiger Track Classic 2018,2018-04-13,1.9,LJ,M
85,"Ortega, Donivan",SO-2,UTEP,7.54m,"24' 9""",2018 UTEP Springtime,2018-03-24,1.7,LJ,M
88,"Seals, Jalen",FR-1,Baylor,7.53m,"24' 8.5""",National Relay Championships,2018-04-27,1.8,LJ,M
88,"McBride, Isaiah",JR-3,UT-Arlington,7.53m,"24' 8.5""",Sun Belt Outdoor Track and Field Championships,2018-05-11,1.4,LJ,M
88,"Brown, Tyler",SR-4,Eastern Michigan,7.53m,"24' 8.5""",Tennessee Relays,2018-04-12,3.1,LJ,M
88,"Battikha, Tanner",SO-2,New Mexico,7.53m,"24' 8.5""",Mountain West Outdoor Track & Field Championships,2018-05-09,2.8,LJ,M
92,"Foster, Emanuel",SO-2,Ole Miss,7.52m,"24' 8.25""",Spec Towns Invitational,2018-04-06,0.0,LJ,M
92,"Barger, Cory",SR-4,Sacramento St.,7.52m,"24' 8.25""",Big Sky Outdoor Track & Field Championships,2018-05-08,3.2,LJ,M
92,"King, Adrian",JR-3,Grand Canyon,7.52m,"24' 8.25""",Western Athletic Conference Outdoor Track and Field Champion,2018-05-09,3.0,LJ,M
92,"Cheval, Thomas",SR-4,Oklahoma,7.52m,"24' 8.25""",40th Annual Aztec Invitational,2018-03-24,2.1,LJ,M
92,"Lewis, Alexander",JR-3,Montana State,7.52m,"24' 8.25""",Tom Gage Classic,2018-05-04,3.6,LJ,M
97,"Brave, Quemell",SR-4,Winthrop,7.51m,"24' 7.75""",49er Classic,2018-03-15,1.9,LJ,M
97,"Moffett, Malik",SR-4,Penn State,7.51m,"24' 7.75""",Virginia Challenge,2018-04-20,-0.3,LJ,M
97,"Washington, Kameron",FR-1,Texas Tech,7.51m,"24' 7.75""",ACU Wes Kittley Invitational,2018-03-23,4.0,LJ,M
97,"Paschall, Zay",SR-4,North Carolina,7.51m,"24' 7.75""",Virginia Grand Prix,2018-04-28,-0.6,LJ,M
1,"Ward, Laderrick",JR-3,SIU-Edwardsville,8.00m,"26' 3""",2014 SIUE Gateway Invite,2014-04-19,1.9,LJ,M
2,"Pienaar, Roelf",FR-1,Arkansas State,7.97m,"26' 1.75""",Sun Belt Conference Outdoor Track and Field Championships,2014-05-09,3.4,LJ,M
3,"Spencer, Kendall",SR-4,New Mexico,7.95m,"26' 1""",Tailwind Open,2014-05-02,2.1,LJ,M
4,"Higgs, Raymond",SR-4,Arkansas,7.94m,"26' 0.75""",SEC Outdoor Championship,2014-05-15,2.5,LJ,M
5,"Gotch, Jarvis",JR-3,Louisiana Tech,7.93m,"26' 0.25""",UTEP Invitational,2014-04-12,3.4,LJ,M
5,"Dendy, Marquis",JR-3,Florida,7.93m,"26' 0.25""",2014 Clyde Littlefield Texas Relays,2014-03-26,2.0,LJ,M
7,"Lawson, Jarrion",SO-2,Arkansas,7.92m,"26' 0""",SEC Outdoor Championship,2014-05-15,1.3,LJ,M
8,"Crawford, Corey",JR-3,Rutgers,7.91m,"25' 11.5""",2014 ECAC-IC4A Outdoor Championships,2014-05-16,2.7,LJ,M
9,"Hooper, Ted",SR-4,UC Riverside,7.88m,"25' 10.25""",adidas/Steve Scott Invit. (college),2014-05-02,0.4,LJ,M
9,"Wesley, Corey",SO-2,UL-Monroe,7.88m,"25' 10.25""",Sun Belt Conference Outdoor Track and Field Championships,2014-05-09,3.2,LJ,M
11,"Madzivire, Paul",JR-3,Florida State,7.87m,"25' 10""",FSU Twilight,2014-05-09,0.0,LJ,M
12,"Benson, Shujaa",JR-3,Texas Tech,7.84m,"25' 8.75""",Big 12 Outdoor Track and Field Championships,2014-05-16,1.7,LJ,M
13,"May, Anthony",SR-4,Arkansas,7.83m,"25' 8.25""",SEC Outdoor Championship,2014-05-15,2.7,LJ,M
14,"Hudson, Cameron",SO-2,East Carolina,7.82m,"25' 8""",Conference USA Outdoor Track & Field Championships,2014-05-15,-1.3,LJ,M
14,"Wilson, Jerome",JR-3,Texas Tech,7.82m,"25' 8""",Big 12 Outdoor Track and Field Championships,2014-05-16,1.1,LJ,M
16,"Field, Devin",SO-2,Kansas State,7.81m,"25' 7.5""",Big 12 Outdoor Track and Field Championships,2014-05-16,0.3,LJ,M
16,"Peden, Jamal",SR-4,Stephen F. Austin,7.81m,"25' 7.5""",2014 Clyde Littlefield Texas Relays,2014-03-26,3.5,LJ,M
18,"Smith, Aubrey",SR-4,Florida Int'l,7.80m,"25' 7.25""",Conference USA Outdoor Track & Field Championships,2014-05-15,0.0,LJ,M
18,"Asekun, Olabanji",JR-3,Texas A&M,7.80m,"25' 7.25""",Stanford Invitational,2014-04-04,2.2,LJ,M
20,"Fisher, Kenneth",FR-1,Bethune-Cookman,7.78m,"25' 6.25""",MEAC Outdoor Track & Field Championships,2014-05-01,0.9,LJ,M
21,"Moss, Brandon",SO-2,UTEP,7.77m,"25' 6""",Conference USA Outdoor Track & Field Championships,2014-05-15,-2.5,LJ,M
22,"Jackson, Mark",SR-4,UTEP,7.76m,"25' 5.5""",Conference USA Outdoor Track & Field Championships,2014-05-15,-0.7,LJ,M
22,"Raedler, Patrick",SR-4,Nebraska,7.76m,"25' 5.5""",2014 Drake Relays presented by Hy-Vee,2014-04-23,1.4,LJ,M
24,"Alexander, Willie",SO-2,Long Beach St.,7.75m,"25' 5.25""",Mt. SAC Relays,2014-04-17,1.7,LJ,M
25,"Safo, Elliot",FR-1,Harvard,7.73m,"25' 4.5""",Ivy League Outdoor Track & Field Championships,2014-05-10,1.0,LJ,M
25,"Harrison, Devin",JR-3,Fresno State,7.73m,"25' 4.5""",Mountain West Outdoor Track & Field Championships,2014-05-14,-0.6,LJ,M
25,"Burrell, Cameron",FR-1,Houston,7.73m,"25' 4.5""",Mt. SAC Relays,2014-04-17,1.5,LJ,M
28,"Davis, Devin",JR-3,UL-Lafayette,7.71m,"25' 3.5""",Sun Belt Conference Outdoor Track and Field Championships,2014-05-09,3.8,LJ,M
28,"Robertson, Ricky",SR-4,Mississippi,7.71m,"25' 3.5""",SEC Outdoor Championship,2014-05-15,1.9,LJ,M
28,"Hopkins, Tom",SR-4,Princeton,7.71m,"25' 3.5""",Ivy League Outdoor Track & Field Championships,2014-05-10,1.3,LJ,M
31,"Smith, Blake",JR-3,SE Missouri,7.69m,"25' 2.75""",Tennessee Relays,2014-04-10,2.4,LJ,M
32,"Addison, Jonathan",SO-2,North Carolina St.,7.68m,"25' 2.5""",Tiger Classic 2014,2014-04-04,-1.1,LJ,M
32,"Dorsey, Andre",JR-3,Kennesaw State,7.68m,"25' 2.5""",USF Collegiate,2014-04-03,1.9,LJ,M
32,"George, Aaron",FR-1,Texas State,7.68m,"25' 2.5""",Sun Belt Conference Outdoor Track and Field Championships,2014-05-09,2.5,LJ,M
35,"Daniels, Brandon",SR-4,SE Louisiana,7.67m,"25' 2""",Southland Conference Track & Field Championship,2014-05-09,2.3,LJ,M
36,"Waller, Brandon",SR-4,Texas-Arlington,7.66m,"25' 1.75""",Sun Belt Conference Outdoor Track and Field Championships,2014-05-09,2.1,LJ,M
37,"Drummond, Braxton",JR-3,Charleston Southern,7.65m,"25' 1.25""",2014 Big South Outdoor Track and Field Championships,2014-04-17,3.0,LJ,M
37,"Eze, Emeka",SO-2,Rutgers,7.65m,"25' 1.25""",2014 ECAC-IC4A Outdoor Championships,2014-05-16,1.3,LJ,M
39,"Stepp, Tyler",SR-4,East Tenn. St.,7.64m,"25' 0.75""",Atlantic Sun Outdoor Track and Field Championships,2014-05-16,1.9,LJ,M
40,"Suleman, Hammed",SR-4,California,7.63m,"25' 0.5""",The Big Meet,2014-04-12,0.1,LJ,M
40,"Sears, Ventavius",FR-1,Western Kentucky,7.63m,"25' 0.5""",Sun Belt Conference Outdoor Track and Field Championships,2014-05-09,3.4,LJ,M
42,"Ramsey, Jalen",FR-1,Florida State,7.62m,"25' 0""",ACC Outdoor Track & Field Championships,2014-04-17,0.0,LJ,M
42,"James, Antwon",SO-2,Loyola (Ill.),7.62m,"25' 0""",Embry-Riddle Spike's Classic,2014-04-04,1.0,LJ,M
44,"Fuller, Kamal",SR-4,Alabama,7.61m,"24' 11.75""",Crimson Tide Invitational,2014-04-05,1.7,LJ,M
44,"McLean, Damon",SR-4,Princeton,7.61m,"24' 11.75""",Ivy League Outdoor Track & Field Championships,2014-05-10,1.2,LJ,M
44,"Clarke, Clinton",SR-4,North Texas,7.61m,"24' 11.75""",UTEP Invitational,2014-04-12,3.5,LJ,M
47,"Mickens, Avery",FR-1,Arizona,7.60m,"24' 11.25""",Pepsi Dual,2014-04-05,3.4,LJ,M
48,"Hay, Nolan",FR-1,Oklahoma,7.59m,"24' 11""",2014 Baldy Castillo Invitational,2014-03-21,2.0,LJ,M
48,"Young, Phillip",JR-3,Mississippi,7.59m,"24' 11""",SEC Outdoor Championship,2014-05-15,1.0,LJ,M
50,"Carter, Blake",JR-3,SE Missouri,7.58m,"24' 10.5""",2014 Sam Williams Twilight Qualifier,2014-05-10,2.0,LJ,M
50,"Harvey, Julian",FR-1,SIU-Edwardsville,7.58m,"24' 10.5""",Missouri Relays,2014-04-11,2.8,LJ,M
52,"Yedoni, Trevor",FR-1,Minnesota,7.57m,"24' 10""",Big Ten Outdoor Track & Field Championships,2014-05-16,-3.2,LJ,M
52,"Scott, Donald",JR-3,Eastern Michigan,7.57m,"24' 10""",Mid-American Outdoor Track & Field Championships,2014-05-15,0.0,LJ,M
54,"Ferguson, Trevor",JR-3,Oregon,7.56m,"24' 9.75""",Pac-12 Outdoor Track and Field Championships,2014-05-17,2.3,LJ,M
54,"McCullan, Josh",SO-2,Alabama,7.56m,"24' 9.75""",SEC Outdoor Championship,2014-05-15,1.5,LJ,M
54,"Bowry, Jharyl",SR-4,Kansas State,7.56m,"24' 9.75""",Stanford Invitational,2014-04-04,1.8,LJ,M
57,"Williams, Aaron",JR-3,Northwestern St.,7.55m,"24' 9.25""",Jim Mize Invitational,2014-03-22,2.5,LJ,M
57,"Abdul-Mateen, Jameel",JR-3,Clemson,7.55m,"24' 9.25""",Georgia Tech Invitational,2014-05-16,1.1,LJ,M
59,"Cochran, Patrick",JR-3,Michigan,7.54m,"24' 9""",UNF Spring Break Invitational,2014-03-28,3.6,LJ,M
59,"Billian, Ryan",SO-2,Buffalo,7.54m,"24' 9""",Penn Relays,2014-04-24,2.3,LJ,M
59,"Tate, De'Vion",SO-2,Akron,7.54m,"24' 9""",Longhorn Invitational,2014-05-03,3.3,LJ,M
62,"Davis, Malcolm",JR-3,Mississippi,7.53m,"24' 8.5""",SEC Outdoor Championship,2014-05-15,1.0,LJ,M
62,"Wilson, O'Shea",FR-1,Iowa,7.53m,"24' 8.5""",2014 Drake Relays presented by Hy-Vee,2014-04-23,1.9,LJ,M
62,"Rooks, Demetrius",FR-1,Bethune-Cookman,7.53m,"24' 8.5""",MEAC Outdoor Track & Field Championships,2014-05-01,2.3,LJ,M
65,"Fajoyomi, Viktor",SR-4,USC,7.52m,"24' 8.25""",PAC-12 Outdoor Track and Field Championships,2014-05-10,1.4,LJ,M
65,"Pitt, Thomas",SO-2,Penn,7.52m,"24' 8.25""",Ivy League Outdoor Track & Field Championships,2014-05-10,2.7,LJ,M
67,"Kearney, Blue",JR-3,Air Force,7.51m,"24' 7.75""",2014 Jim Click Shootout,2014-04-12,1.7,LJ,M
67,"Maxwell, Elbert",JR-3,Villanova,7.51m,"24' 7.75""",Miami Hurricane Alumni Invitational,2014-04-12,0.7,LJ,M
69,"Bailey, Ramone",JR-3,TCU,7.50m,"24' 7.25""",Rafer / JJK Collegiate Invitational,2014-04-12,0.8,LJ,M
70,"Roggatz, Yannick",SO-2,New Mexico,7.49m,"24' 7""",2014 Jim Click Shootout,2014-04-12,0.0,LJ,M
71,"Calhoun, Jamario",SO-2,Georgia,7.48m,"24' 6.5""",Alabama Relays,2014-03-20,-0.5,LJ,M
71,"Dickerson, Antwan",FR-1,Houston,7.48m,"24' 6.5""",J Fred Duckett-Rice Twilight,2014-04-26,1.9,LJ,M
71,"Johnson, Mark",SR-4,Iowa State,7.48m,"24' 6.5""",Big 12 Outdoor Track and Field Championships,2014-05-16,1.5,LJ,M
74,"Dick, Devin",SR-4,Kansas State,7.47m,"24' 6.25""",2014 Jim Click Shootout,2014-04-12,1.0,LJ,M
75,"O'Connell, Jeff",JR-3,South Dakota,7.46m,"24' 5.75""",Sioux City Relays 2014,2014-04-11,0.8,LJ,M
75,"Bahner, Austin",SR-4,Wichita State,7.46m,"24' 5.75""",2014 MVC Outdoor Track & Field Championships,2014-05-16,3.0,LJ,M
75,"Ziemek, Zach",JR-3,Wisconsin,7.46m,"24' 5.75""",Georgia Bulldog Decathlon/Heptathlon,2014-04-10,0.5,LJ,M
78,"Breaux, Devon",SO-2,Tulane,7.45m,"24' 5.5""",Conference USA Outdoor Track & Field Championships,2014-05-15,-2.2,LJ,M
78,"Keys, Dakotah",JR-3,Oregon,7.45m,"24' 5.5""",Oregon Relays,2014-04-17,1.7,LJ,M
78,"McPherson, Michael",JR-3,Utah Valley,7.45m,"24' 5.5""",Western Athletic Conference Outdoor Championships,2014-05-14,-0.4,LJ,M
81,"Kerr , Jared",FR-1,Maryland-Eastern Shore,7.44m,"24' 5""",Coppin State Don Webster Invitational,2014-04-11,-1.6,LJ,M
81,"Ross, Nick",SR-4,Arizona,7.44m,"24' 5""",2014 Double Dual Meet UA/ASU/NAU,2014-05-03,1.1,LJ,M
83,"Wiedel, Seth",JR-3,Nebraska,7.43m,"24' 4.5""",Kansas Relays,2014-04-16,3.7,LJ,M
83,"Otuonye, Ifeanyichukwu",SO-2,Kansas State,7.43m,"24' 4.5""",2014 Jim Click Shootout,2014-04-12,0.0,LJ,M
83,"Perry, Michael",SR-4,UCLA,7.43m,"24' 4.5""",Pac-12 Outdoor Track and Field Championships,2014-05-17,2.4,LJ,M
83,"Gross, Justin",JR-3,Rice,7.43m,"24' 4.5""",Conference USA Outdoor Track & Field Championships,2014-05-15,-0.1,LJ,M
83,"White, Jaleen",SR-4,Memphis,7.43m,"24' 4.5""",Georgia Tech Invitational,2014-05-16,1.8,LJ,M
88,"Miranda, Kaylin",SR-4,Northeastern,7.42m,"24' 4.25""",Raleigh Relays (College/University),2014-03-28,-0.1,LJ,M
88,"White, Charles",SR-4,Sam Houston St.,7.42m,"24' 4.25""",Longhorn Invitational,2014-05-03,1.6,LJ,M
88,"Darty, Trey",SO-2,Stephen F. Austin,7.42m,"24' 4.25""",SFA Skecher's Carl Kight Invitational,2014-04-04,0.2,LJ,M
88,"Jones, Edward",SR-4,Citadel,7.42m,"24' 4.25""",Tennessee Relays,2014-04-10,2.4,LJ,M
92,"Fellows, Alec",SO-2,Oregon,7.41m,"24' 3.75""",Pac-12 Outdoor Track and Field Championships,2014-05-17,3.0,LJ,M
92,"Spallinger, Sam",SR-4,Miami (Ohio),7.41m,"24' 3.75""",Redhawk Invitational,2014-04-26,0.9,LJ,M
92,"McClain, Hayden",FR-1,Oklahoma,7.41m,"24' 3.75""",2014 Baldy Castillo Invitational,2014-03-21,0.5,LJ,M
95,"Bastien, Steven",SO-2,Samford,7.40m,"24' 3.5""",Georgia Invitational,2014-05-10,1.8,LJ,M
95,"Gulley, Desmond",FR-1,Arkansas-Little Rock,7.40m,"24' 3.5""",Sun Belt Conference Outdoor Track and Field Championships,2014-05-09,2.6,LJ,M
95,"Green, Shane",SO-2,Coppin State,7.40m,"24' 3.5""",Coppin State Don Webster Invitational,2014-04-11,0.4,LJ,M
95,"Baptiste, Daryl",SR-4,Akron,7.40m,"24' 3.5""",All-Ohio Track & Field Champs,2014-04-12,0.0,LJ,M
95,"Colvin, Matthew",SO-2,Howard,7.40m,"24' 3.5""",MSU Legacy Track & Field Meet,2014-04-18,1.8,LJ,M
95,"Cowling, Caleb",FR-1,Kansas,7.40m,"24' 3.5""",2014 ESU Spring Open,2014-03-29,1.3,LJ,M
1,"Dendy, Marquis",SR-4,Florida,8.19m,"26' 10.5""",SEC Championships,2015-05-14,-2.4,LJ,M
2,"Pienaar, Roelf",SO-2,Arkansas State,8.13m,"26' 8.25""",ASU Red Wolf Open,2015-04-24,3.1,LJ,M
3,"Asekun, Olabanji",SR-4,Texas A&M,8.04m,"26' 4.5""",2015 Clyde Littlefield Texas Relays,2015-03-25,4.0,LJ,M
4,"Lawson, Jarrion",JR-3,Arkansas,8.00m,"26' 3""",SEC Championships,2015-05-14,-1.8,LJ,M
5,"Otuonye, Ifeanyichukwu",JR-3,Kansas State,7.98m,"26' 2.25""",Rock Chalk Classic,2015-05-02,2.7,LJ,M
6,"Bates, KeAndre",FR-1,Florida,7.97m,"26' 1.75""",SEC Championships,2015-05-14,-3.0,LJ,M
7,"Ramsey, Jalen",SO-2,Florida State,7.96m,"26' 1.5""",ACC Outdoor Track & Field Championships,2015-05-14,0.0,LJ,M
8,"Ward, Laderrick",SR-4,SIU-Edwardsville,7.91m,"25' 11.5""",Ohio Valley Conference Championships,2015-05-15,3.2,LJ,M
9,"Ziegler, Manuel",SR-4,Virginia Tech,7.88m,"25' 10.25""",Virginia Challenge,2015-04-17,2.5,LJ,M
10,"Collie, Latario",JR-3,Texas A&M,7.86m,"25' 9.5""",Stanford Invitational,2015-04-03,2.2,LJ,M
11,"Smith, Blake",SR-4,SE Missouri,7.82m,"25' 8""",Ohio Valley Conference Championships,2015-05-15,1.5,LJ,M
12,"Bailey, Ramone",SR-4,TCU,7.80m,"25' 7.25""",TCU Horned Frog Invite,2015-05-02,2.0,LJ,M
13,"Williams, Emmanuel",JR-3,Northwestern St.,7.79m,"25' 6.75""",LSU Alumni Gold,2015-04-18,1.5,LJ,M
14,"Hamilton, Allan",JR-3,New Mexico,7.78m,"25' 6.25""",Bryan Clay Invitational,2015-04-17,0.0,LJ,M
14,"Calhoun, Jamario",JR-3,Georgia,7.78m,"25' 6.25""",Georgia Invitational,2015-05-09,2.0,LJ,M
16,"McLachlan, James",SR-4,Loyola (Ill.),7.77m,"25' 6""",Mt. SAC Relays,2015-04-16,3.0,LJ,M
17,"Addison, Jonathan",JR-3,North Carolina St.,7.76m,"25' 5.5""",ACC Outdoor Track & Field Championships,2015-05-14,0.8,LJ,M
17,"Alexander, Willie",SO-2,Long Beach St.,7.76m,"25' 5.5""",2015 Big West Championships,2015-05-15,0.0,LJ,M
19,"Moss, Brandon",JR-3,UTEP,7.75m,"25' 5.25""",Conference USA Outdoor Track & Field Championships,2015-05-14,2.3,LJ,M
20,"Jones, Walter",FR-1,California,7.73m,"25' 4.5""",2015 Clyde Littlefield Texas Relays,2015-03-25,3.8,LJ,M
20,"Ferguson, Trevor",SR-4,Oregon,7.73m,"25' 4.5""",Oregon Relays,2015-04-16,3.6,LJ,M
20,"Echols- Luper, Cameron",SO-2,TCU,7.73m,"25' 4.5""",TCU Horned Frog Invite,2015-05-02,1.6,LJ,M
23,"Darrow, Kyle",SO-2,Northeastern,7.72m,"25' 4""",University of Massachusetts Invitational,2015-04-11,3.6,LJ,M
24,"Moore, Nate",FR-1,Oregon,7.71m,"25' 3.5""",Pac-12 Track & Field Championships,2015-05-15,0.3,LJ,M
24,"Jackson, Adoree",FR-1,USC,7.71m,"25' 3.5""",Pac-12 Track & Field Championships,2015-05-15,-0.6,LJ,M
26,"Latimer, Jordan",FR-1,Akron,7.69m,"25' 2.75""",Mid-American Outdoor Track & Field Championships,2015-05-14,0.7,LJ,M
27,"Samuels, Jarrett",JR-3,Louisiana Tech,7.68m,"25' 2.5""",Conference USA Outdoor Track & Field Championships,2015-05-14,3.8,LJ,M
27,"Hernandez, Carlos",SR-4,UTEP,7.68m,"25' 2.5""",Conference USA Outdoor Track & Field Championships,2015-05-14,3.2,LJ,M
29,"Maxwell, Elbert",SR-4,Villanova,7.67m,"25' 2""",BIG EAST Outdoor Track & Field Championships,2015-05-08,0.8,LJ,M
29,"Friday, John-Patrick",JR-3,Miami,7.67m,"25' 2""",Miami Hurricane Invitational,2015-03-20,2.8,LJ,M
31,"Fisher, Kenneth",SO-2,Bethune-Cookman,7.66m,"25' 1.75""",UNF East Region Preview,2015-05-08,1.0,LJ,M
32,"Welch, Ian",SR-4,Duquesne,7.65m,"25' 1.25""",Atlantic 10 Championships,2015-05-02,2.9,LJ,M
32,"Wesley, Corey",JR-3,UL-Monroe,7.65m,"25' 1.25""",Northwestern State Invitational,2015-04-25,2.7,LJ,M
34,"McBride, Bryan",SR-4,Arizona State,7.64m,"25' 0.75""",Pac-12 Track & Field Championships,2015-05-15,0.1,LJ,M
34,"Young, Phillip",SR-4,Mississippi,7.64m,"25' 0.75""",LSU Invitational,2015-05-02,1.1,LJ,M
34,"Mikell, Devyn",SO-2,Indiana State,7.64m,"25' 0.75""",EIU Twilight 2015,2015-05-08,3.0,LJ,M
37,"McClain, Terrell",FR-1,Akron,7.63m,"25' 0.5""",Mid-American Outdoor Track & Field Championships,2015-05-14,1.7,LJ,M
38,"Grant, Jonte",JR-3,California,7.61m,"24' 11.75""",Pac-12 Track & Field Championships,2015-05-15,3.0,LJ,M
39,"Askew, Tyler",SR-4,Purdue,7.60m,"24' 11.25""",2015 Jim Click Shootout,2015-04-11,1.6,LJ,M
39,"Quarles, Frank",SO-2,N. Carolina A&T,7.60m,"24' 11.25""",Georgia Invitational,2015-05-09,1.5,LJ,M
39,"Schulz, Cody",SO-2,Texas State,7.60m,"24' 11.25""",Bobcat Classic,2015-04-25,2.5,LJ,M
42,"Breaux, Devon",JR-3,Tulane,7.59m,"24' 11""",LSU Alumni Gold,2015-04-18,2.9,LJ,M
43,"Hudson, Cameron",JR-3,Alabama,7.58m,"24' 10.5""",SEC Championships,2015-05-14,-1.9,LJ,M
43,"Scott, Donald",SR-4,Eastern Michigan,7.58m,"24' 10.5""",Tennessee Relays,2015-04-09,0.0,LJ,M
45,"Parharm, Jemal",FR-1,UL-Monroe,7.56m,"24' 9.75""",Sun Belt Outdoor Track and Field Championships,2015-05-08,2.4,LJ,M
45,"Bazile, Zack",FR-1,Ohio State,7.56m,"24' 9.75""",Florida State Relays,2015-03-27,3.0,LJ,M
45,"Ashby, Austin",JR-3,Buffalo,7.56m,"24' 9.75""",Cornell Outdoor Upstate Challenge,2015-04-18,2.5,LJ,M
45,"Hamilton, Kartavius",JR-3,McNeese State,7.56m,"24' 9.75""",McNeese Cowboy Relays,2015-03-14,0.4,LJ,M
49,"Eze, Emeka",JR-3,Rutgers,7.55m,"24' 9.25""",Big Ten Outdoor Track & Field Championships,2015-05-15,1.0,LJ,M
49,"Davis, Devin",SR-4,UL-Lafayette,7.55m,"24' 9.25""",Sun Belt Outdoor Track and Field Championships,2015-05-08,1.4,LJ,M
51,"Turner, Michael",JR-3,Sacramento St.,7.54m,"24' 9""",Big Sky Conference Outdoor Track & Field Championships,2015-05-13,3.7,LJ,M
52,"Peterson, Anaquan",JR-3,Purdue,7.53m,"24' 8.5""",Kansas Relays,2015-04-15,2.6,LJ,M
52,"Farris-King, Anthony",JR-3,Central Arkansas,7.53m,"24' 8.5""",ASU Red Wolf Open,2015-04-24,2.7,LJ,M
54,"Wieland, Luca",SO-2,Minnesota,7.51m,"24' 7.75""",Big Ten Outdoor Track & Field Championships,2015-05-15,4.0,LJ,M
54,"Brits, Stefan",JR-3,Florida State,7.51m,"24' 7.75""",ACC Outdoor Track & Field Championships,2015-05-14,0.4,LJ,M
56,"Walton, Cameron",SR-4,UNC-Wilmington,7.50m,"24' 7.25""",2015 Penn Relays,2015-04-23,3.1,LJ,M
56,"Filip, Scott",SO-2,Rice,7.50m,"24' 7.25""",Conference USA Outdoor Track & Field Championships,2015-05-14,-2.2,LJ,M
56,"Coleman, Jamir",FR-1,Akron,7.50m,"24' 7.25""",Longhorn Invitational,2015-05-02,2.4,LJ,M
59,"Madzivire, Paul",SR-4,Florida State,7.49m,"24' 7""",ACC Outdoor Track & Field Championships,2015-05-14,0.0,LJ,M
59,"Boyd, Terence",SR-4,Kentucky,7.49m,"24' 7""",SEC Championships,2015-05-14,-2.6,LJ,M
61,"Carter, Blake",SR-4,SE Missouri,7.48m,"24' 6.5""",Memphis Invitational,2015-05-02,0.0,LJ,M
62,"Wilson, Jerome",SR-4,Texas Tech,7.47m,"24' 6.25""",2015 Clyde Littlefield Texas Relays,2015-03-25,3.2,LJ,M
62,"Williams, Kendall",SO-2,Eastern Illinois,7.47m,"24' 6.25""",Ohio Valley Conference Championships,2015-05-15,2.6,LJ,M
62,"Riesselman, Weston",JR-3,Northern Iowa,7.47m,"24' 6.25""",2015 MVC Outdoor Track and Field Championships,2015-05-15,3.4,LJ,M
65,"George, Aaron",SO-2,Texas State,7.46m,"24' 5.75""",Baylor Invitational,2015-04-03,3.6,LJ,M
65,"Flannigan, Marcus",SO-2,Grand Canyon,7.46m,"24' 5.75""",2015 WAC Outdoor Track & Field Championships,2015-05-13,1.1,LJ,M
67,"Pankins, Nikita",SO-2,Nebraska,7.45m,"24' 5.5""",Musco Invitational,2015-05-02,1.2,LJ,M
67,"Kearney, Blue",SR-4,Air Force,7.45m,"24' 5.5""",Mountain West Outdoor Track & Field Championships,2015-05-13,2.0,LJ,M
69,"Roggatz, Yannick",JR-3,New Mexico,7.44m,"24' 5""",New Mexico Track & Field Quadrangular,2015-04-10,0.0,LJ,M
69,"Abdullah, Bilal",JR-3,Kennesaw State,7.44m,"24' 5""",Atlantic Sun Outdoor Track & Field Championships,2015-05-15,0.7,LJ,M
69,"James, Jamol",JR-3,Arizona State,7.44m,"24' 5""",Baldy Castillo Invitational,2015-03-20,-0.2,LJ,M
69,"Sears, Ventavius",SO-2,Western Kentucky,7.44m,"24' 5""",Conference USA Outdoor Track & Field Championships,2015-05-14,1.6,LJ,M
69,"Uibo, Maicel",JR-3,Georgia,7.44m,"24' 5""",SEC Championships,2015-05-14,2.1,LJ,M
69,"Glenn, Kenny",FR-1,Miami (Ohio),7.44m,"24' 5""",Ohio Open,2015-05-08,0.6,LJ,M
75,"Adams, Franklin",SO-2,Southern Illinois,7.43m,"24' 4.5""",2015 MVC Outdoor Track and Field Championships,2015-05-15,2.2,LJ,M
75,"Schreiber, Scott",FR-1,Indiana State,7.43m,"24' 4.5""",EIU Twilight 2015,2015-05-08,1.7,LJ,M
75,"Akinlawon, Tumi",SR-4,Princeton,7.43m,"24' 4.5""",Ivy League Outdoor Track & Field Championships,2015-05-09,0.5,LJ,M
78,"Wells, Jonathan",FR-1,Illinois,7.42m,"24' 4.25""",Big Blue Classic 2015,2015-04-02,1.6,LJ,M
78,"Harrison, Devin",SR-4,Fresno State,7.42m,"24' 4.25""",Sacramento State Mondo Mid Major Challenge,2015-04-04,1.7,LJ,M
80,"Butler, Quentin",SR-4,Texas-Arlington,7.41m,"24' 3.75""",Sun Belt Outdoor Track and Field Championships,2015-05-08,2.9,LJ,M
80,"Annis, Tate",FR-1,Wichita State,7.41m,"24' 3.75""",Wichita State Shocker Open,2015-05-08,2.8,LJ,M
80,"McCullan, Josh",JR-3,Alabama,7.41m,"24' 3.75""",Alabama Relays,2015-03-19,0.0,LJ,M
80,"Keys, Dakotah",SR-4,Oregon,7.41m,"24' 3.75""",Oregon Relays,2015-04-16,3.5,LJ,M
80,"Hynes, Ryan",JR-3,Cornell,7.41m,"24' 3.75""",Cornell Outdoor Invitational 2015,2015-05-02,1.1,LJ,M
85,"Cowling, Caleb",SO-2,Nebraska,7.40m,"24' 3.5""",Musco Invitational,2015-05-02,1.8,LJ,M
85,"Koch, Shawn",SO-2,Northern Iowa,7.40m,"24' 3.5""",2015 MVC Outdoor Track and Field Championships,2015-05-15,1.5,LJ,M
85,"Hines, Romero",FR-1,Norfolk State,7.40m,"24' 3.5""",2015 Hampton University Relays,2015-04-10,-0.6,LJ,M
85,"Wiley, Jonah",FR-1,Arkansas State,7.40m,"24' 3.5""",ASU Red Wolf Open,2015-04-24,3.2,LJ,M
85,"Grant, Keniel",FR-1,Texas Tech,7.40m,"24' 3.5""",Wes Kittley Invitational 2015,2015-04-11,2.3,LJ,M
85,"Barnes, Marquis",FR-1,Samford,7.40m,"24' 3.5""",Southern Conference Outdoor Championship 2015,2015-04-25,-1.1,LJ,M
91,"Scinto, Jake",JR-3,Princeton,7.39m,"24' 3""",Larry Ellis (College),2015-04-17,1.3,LJ,M
91,"Osborn, Trenton",SO-2,Eastern Washington,7.39m,"24' 3""",Big Sky Conference Outdoor Track & Field Championships,2015-05-13,3.2,LJ,M
91,"Mcdavid, Myles",SO-2,Georgia Tech,7.39m,"24' 3""",Georgia Tech Yellow Jacket Invitational,2015-03-27,2.5,LJ,M
91,"Ehrhardt, Tim",SO-2,Michigan State,7.39m,"24' 3""",Ohio State - Jesse Owens Classic,2015-05-01,3.7,LJ,M
95,"Hazel, Austin",SO-2,UCLA,7.38m,"24' 2.5""",Pac-12 Track & Field Championships,2015-05-15,1.5,LJ,M
96,"Oduho, Joseph",SO-2,Akron,7.37m,"24' 2.25""",Mid-American Outdoor Track & Field Championships,2015-05-14,1.2,LJ,M
96,"Gulley, Desmond",SO-2,Arkansas-Little Rock,7.37m,"24' 2.25""",Sun Belt Outdoor Track and Field Championships,2015-05-08,3.0,LJ,M
96,"Price, Hunter",SO-2,Colorado St.,7.37m,"24' 2.25""",Cowpoke Open,2015-05-01,0.6,LJ,M
96,"Brown, Tyler",SO-2,Eastern Michigan,7.37m,"24' 2.25""",Mid-American Outdoor Track & Field Championships,2015-05-14,0.6,LJ,M
100,"Dixon, Josh",JR-3,Arizona State,7.36m,"24' 1.75""",Baldy Castillo Invitational,2015-03-20,1.5,LJ,M
