,ATHLETE,YEAR,TEAM,MARK,CONV,MEET,MEET DATE,EVENT,GENDER
1,"Nilsen, Chris",FR-1,South Dakota,5.73m,"18' 9.5""",Sioux City Relays UCO 2017,2017-04-21,PV,M
2,"Wyatt, Audie",JR-3,Texas A&M,5.70m,"18' 8.25""",38th Sun Angel Classic,2017-04-06,PV,M
2,"Ludwig, Matthew",SO-2,Akron,5.70m,"18' 8.25""",Akron - Campbell Wright Open,2017-05-05,PV,M
2,"Laidig, Torben",JR-3,Virginia Tech,5.70m,"18' 8.25""",2017 90th Clyde Littlefield Texas Relays,2017-03-29,PV,M
5,"King, Devin",JR-3,SE Louisiana,5.60m,"18' 4.5""",South Alabama Invitational,2017-04-15,PV,M
5,"Alhizam, Hussain",SO-2,Kansas,5.60m,"18' 4.5""",38th Sun Angel Classic,2017-04-06,PV,M
5,"Albright, Jake",SR-4,Kansas,5.60m,"18' 4.5""",2017 90th Clyde Littlefield Texas Relays,2017-03-29,PV,M
8,"Valles, Adrian",JR-3,Cincinnati,5.55m,"18' 2.5""",Lenny Lyles-Clark Wood Invitational,2017-04-28,PV,M
9,"Ruiz, Antonio",SO-2,Stephen F. Austin,5.52m,"18' 1.25""",Tom Tellez Invitational,2017-05-05,PV,M
10,"McMichael, Drew",SO-2,Texas Tech,5.51m,"18' 1""",Big 12 Outdoor Track & Field Championships,2017-05-12,PV,M
10,"Richartz, Nate",JR-3,Notre Dame,5.51m,"18' 1""",2017 Louisville Invitational,2017-04-14,PV,M
12,"Starkey, Garrett",SR-4,Arizona State,5.50m,"18' 0.5""",38th Sun Angel Classic,2017-04-06,PV,M
12,"Walsh, Cole",JR-3,Oregon,5.50m,"18' 0.5""",Mt. SAC Relays,2017-04-13,PV,M
12,"Pater, Kyle",SR-4,Air Force,5.50m,"18' 0.5""",Beach Invitational,2017-04-14,PV,M
15,"Oates, Tray",JR-3,Samford,5.47m,"17' 11.25""",War Eagle Invititaional,2017-04-21,PV,M
16,"Favor, Everette",SR-4,Oklahoma,5.46m,"17' 11""",Big 12 Outdoor Track & Field Championships,2017-05-12,PV,M
17,"Collins, Sean",SO-2,South Alabama,5.43m,"17' 9.75""",Sun Belt Outdoor Track and Field Championships,2017-05-12,PV,M
18,"Herrscher, Will",SO-2,Alabama,5.42m,"17' 9.25""",SEC Relays,2017-04-28,PV,M
19,"Volz, Deakin",SO-2,Virginia Tech,5.41m,"17' 9""",Duke Invitational,2017-04-21,PV,M
19,"Poth, Barrett",JR-3,Texas,5.41m,"17' 9""",Texas Invitational,2017-04-14,PV,M
21,"Benavides, Paulo",SO-2,Kansas,5.40m,"17' 8.5""",KSU Ward Haylett Invite,2017-05-06,PV,M
22,"Meaders, Nicholas",JR-3,Texas,5.38m,"17' 7.75""",Longhorn Invitational,2017-04-28,PV,M
23,"Rowland, Matthew",SR-4,Akron,5.36m,"17' 7""",2017 90th Clyde Littlefield Texas Relays,2017-03-29,PV,M
24,"Gary, Noah",JR-3,Michigan State,5.35m,"17' 6.5""",Virginia Challenge,2017-04-21,PV,M
25,"Gilfillan, Noah",JR-3,Stephen F. Austin,5.33m,"17' 5.75""",Skechers Performance Carl Kight Invitational,2017-04-06,PV,M
26,"Johansson, Carl",JR-3,Texas A&M,5.32m,"17' 5.5""",SEC Relays,2017-04-28,PV,M
26,"Shirley, Jameson",JR-3,BYU,5.32m,"17' 5.5""",2017 BYU Robison Invitational,2017-04-27,PV,M
28,"Cahoy, Steven",SR-4,Nebraska,5.31m,"17' 5""",Big Ten Outdoor Championships,2017-05-12,PV,M
28,"Bray, Ethan",FR-1,South Dakota,5.31m,"17' 5""",The Summit League Outdoor Track & Field Championships,2017-05-11,PV,M
28,"Kiles, August",JR-3,Princeton,5.31m,"17' 5""",Ivy League Outdoor Track & Field Championships,2017-05-06,PV,M
28,"Ehrhardt, Tim",JR-3,Michigan State,5.31m,"17' 5""",2017 Louisville Invitational,2017-04-14,PV,M
28,"Johnson, Brad",SR-4,Virginia Tech,5.31m,"17' 5""",Duke Invitational,2017-04-21,PV,M
33,"Cooper, Xander",SR-4,Long Beach St.,5.30m,"17' 4.5""",Beach Invitational,2017-04-14,PV,M
33,"Maestretti, Nick",SR-4,Kansas,5.30m,"17' 4.5""",38th Sun Angel Classic,2017-04-06,PV,M
33,"Womack, Ryan",SO-2,Baylor,5.30m,"17' 4.5""",Roadrunner Invitational,2017-03-23,PV,M
36,"Hall, Connor",SR-4,Duke,5.27m,"17' 3.5""",ACC Outdoor Track & Field Championships,2017-05-12,PV,M
36,"Mulder, Joshua",SR-4,Kennesaw State,5.27m,"17' 3.5""",2017 Western Carolina Track and Field Invitational,2017-04-28,PV,M
38,"Gorski, Cole",JR-3,Ohio State,5.26m,"17' 3""",Big Ten Outdoor Championships,2017-05-12,PV,M
38,"Carr, Michael",SO-2,Arkansas State,5.26m,"17' 3""",Memphis Invitational 2017,2017-04-28,PV,M
38,"Wooten, Jacob",SO-2,Texas A&M,5.26m,"17' 3""",Michael Johnson Invitational,2017-04-22,PV,M
38,"Poirier, Dylan",SR-4,Kansas,5.26m,"17' 3""",Big 12 Outdoor Track & Field Championships,2017-05-12,PV,M
42,"Champen, Christian",FR-1,Kent State,5.25m,"17' 2.75""",Akron - Northeast Ohio Quad,2017-04-14,PV,M
43,"Weaver, Chad",SR-4,Southern Illinois,5.23m,"17' 1.75""",Gibson Invitational (OVC vs. MVC Challenge),2017-04-14,PV,M
43,"Schuck, Nathan",SR-4,Southern Illinois,5.23m,"17' 1.75""",Gibson Invitational (OVC vs. MVC Challenge),2017-04-14,PV,M
45,"Owens, Aaron",SR-4,Florida,5.22m,"17' 1.5""",UF Tom Jones Memorial,2017-04-28,PV,M
45,"Loontjer, Tyler",SO-2,Nebraska,5.22m,"17' 1.5""",John Jacobs Invitational,2017-04-21,PV,M
47,"Bares, Lee",JR-3,Army West Point,5.21m,"17' 1""",IC4A/ECAC Outdoor Track & Field Championships,2017-05-12,PV,M
47,"Clarke, Sean",FR-1,Penn,5.21m,"17' 1""",Ivy League Outdoor Track & Field Championships,2017-05-06,PV,M
47,"Bell, David",SO-2,South Florida,5.21m,"17' 1""",USF Invitational,2017-04-21,PV,M
47,"Murphree , Daven",SR-4,Stephen F. Austin,5.21m,"17' 1""",Texas Invitational,2017-04-14,PV,M
47,"Sisserson, Grant",SR-4,Cornell,5.21m,"17' 1""",Ivy League Outdoor Track & Field Championships,2017-05-06,PV,M
52,"Smith, Chase",SO-2,Washington,5.20m,"17' 0.75""",Trojan Invitational,2017-03-17,PV,M
52,"Squibbs, Brett",SR-4,East Tenn. St.,5.20m,"17' 0.75""",Weems Baskin Invitational,2017-03-24,PV,M
52,"Miceli, Joe",SR-4,Binghamton,5.20m,"17' 0.75""",2017 90th Clyde Littlefield Texas Relays,2017-03-29,PV,M
52,"Black, Blaise",SO-2,Washington,5.20m,"17' 0.75""",Pacific Beach Intercollegiate,2017-04-13,PV,M
52,"Marcus, Lev",JR-3,Washington,5.20m,"17' 0.75""",Pacific Beach Intercollegiate,2017-04-13,PV,M
52,"Haddock, Bo",SR-4,Long Beach St.,5.20m,"17' 0.75""",Beach Invitational,2017-04-14,PV,M
52,"Shugart, Zachary",FR-1,Washington,5.20m,"17' 0.75""",Beach Invitational,2017-04-14,PV,M
59,"Arnold, Hunter",SR-4,Kennesaw State,5.17m,"16' 11.5""",2017 Western Carolina Track and Field Invitational,2017-04-28,PV,M
59,"Roberson, Jay",SR-4,Sam Houston St.,5.17m,"16' 11.5""",Southland Conference Outdoor Championship,2017-05-12,PV,M
61,"Cobb, Coty",SR-4,Ohio State,5.16m,"16' 11""",2017 Jesse Owens University Classic,2017-04-21,PV,M
62,"Locke, Christian",SR-4,SE Missouri,5.15m,"16' 10.75""",OVC Outdoor Track & Field Championship,2017-05-11,PV,M
63,"Coulibaly, Rashid",FR-1,Wisconsin,5.14m,"16' 10.25""",Wisconsin Alumni Classic,2017-05-05,PV,M
63,"Waters, Carson",JR-3,Liberty,5.14m,"16' 10.25""",2017 Liberty Twilight,2017-05-03,PV,M
63,"Guthrie, Tim",JR-3,Wisconsin,5.14m,"16' 10.25""",Big Ten Outdoor Championships,2017-05-12,PV,M
66,"Eckles, Matthew",SO-2,Arizona State,5.13m,"16' 10""",Duel In The Desert- ASU vs Arizona,2017-04-28,PV,M
66,"Jernigan, Jefferey",JR-3,Virginia,5.13m,"16' 10""",Virginia Challenge,2017-04-21,PV,M
68,"Thenard, Paul",SR-4,Long Beach St.,5.12m,"16' 9.5""",2017 Big West Track & Field Championships,2017-05-12,PV,M
68,"Van Der Watt , Lukas",FR-1,UMKC,5.12m,"16' 9.5""",Rock Chalk Classic,2017-04-28,PV,M
70,"Howe, Keon",SO-2,Charlotte,5.11m,"16' 9.25""",East Carolina University Bill Carson Invitational,2017-04-07,PV,M
70,"Fay, Matthew",SO-2,Bucknell,5.11m,"16' 9.25""",Bucknell Team Challenge,2017-04-22,PV,M
70,"Simon, Ed",SR-4,Vermont,5.11m,"16' 9.25""",IC4A/ECAC Outdoor Track & Field Championships,2017-05-12,PV,M
70,"Harold, Glen",JR-3,Minnesota,5.11m,"16' 9.25""",Ashton May Invitational,2017-04-08,PV,M
70,"Laut, Austin",SO-2,Yale,5.11m,"16' 9.25""",Ivy League Outdoor Track & Field Championships,2017-05-06,PV,M
70,"Gonzalez, Michael",FR-1,USC,5.11m,"16' 9.25""",USC vs. UCLA,2017-04-29,PV,M
70,"Cole, Elijah",FR-1,Charlotte,5.11m,"16' 9.25""",2017 Conference USA Outdoor Track & Field Championship,2017-05-11,PV,M
70,"Supple, Zack",SR-4,Kansas State,5.11m,"16' 9.25""",Big 12 Outdoor Track & Field Championships,2017-05-12,PV,M
70,"O'Brien, Robert",SO-2,Columbia,5.11m,"16' 9.25""",Ivy League Outdoor Track & Field Championships,2017-05-06,PV,M
70,"Brock, Barrett",SR-4,UTSA,5.11m,"16' 9.25""",2017 Conference USA Outdoor Track & Field Championship,2017-05-11,PV,M
70,"Gonzalez, Greyson",SO-2,Baylor,5.11m,"16' 9.25""",Big 12 Outdoor Track & Field Championships,2017-05-12,PV,M
70,"Tappe, Tyler",JR-3,Minnesota,5.11m,"16' 9.25""",Ashton May Invitational,2017-04-08,PV,M
82,"Slater, Tristan",FR-1,Tennessee,5.10m,"16' 8.75""",Tennessee Relays,2017-04-06,PV,M
82,"Gaylord, Ben",SR-4,Princeton,5.10m,"16' 8.75""",2017 Sam Howell Invitational,2017-04-08,PV,M
82,"Cosculluela, Max",SR-4,Dartmouth,5.10m,"16' 8.75""",2017 Sam Howell Invitational,2017-04-08,PV,M
82,"Fagan, Peter",SR-4,Binghamton,5.10m,"16' 8.75""",2017 Sam Howell Invitational,2017-04-08,PV,M
82,"Giliomee, Niel",JR-3,South Alabama,5.10m,"16' 8.75""",University of Mobile Invitational,2017-04-07,PV,M
82,"Fox, Eric",JR-3,Louisville,5.10m,"16' 8.75""",2017 90th Clyde Littlefield Texas Relays,2017-03-29,PV,M
82,"Bugner, Hayden",SO-2,Wichita State,5.10m,"16' 8.75""",Texas Tech Red Raider Shoot-Out,2017-04-28,PV,M
89,"Young, Sam",FR-1,Virginia,5.09m,"16' 8.25""",Virginia Grand Prix,2017-04-29,PV,M
90,"Wilkes, Ryan",SO-2,Rhode Island,5.08m,"16' 8""",NEICAAA Outdoor Track & Field Championships,2017-05-12,PV,M
90,"Honka, Ondrej",JR-3,Rhode Island,5.08m,"16' 8""",NEICAAA Outdoor Track & Field Championships,2017-05-12,PV,M
92,"Summers, Ashton",SO-2,Sam Houston St.,5.07m,"16' 7.5""",LSU Alumni Gold,2017-04-22,PV,M
92,"Henderson, Bailey",FR-1,Sam Houston St.,5.07m,"16' 7.5""",LSU Alumni Gold,2017-04-22,PV,M
92,"Duckworth, Tim",JR-3,Kentucky,5.07m,"16' 7.5""",Florida Relays,2017-03-30,PV,M
92,"Angle, Barclay",SR-4,Ole Miss,5.07m,"16' 7.5""",SEC Relays,2017-04-28,PV,M
92,"Woodley, Armand",SO-2,South Carolina,5.07m,"16' 7.5""",SEC Outdoor Track & Field Championships,2017-05-11,PV,M
92,"Jatis, Andy",SO-2,Iowa,5.07m,"16' 7.5""",Big Ten Outdoor Championships,2017-05-12,PV,M
98,"Rosa, Brenton",SO-2,Kennesaw State,5.06m,"16' 7.25""",ASUN Outdoor Track & Field Championships,2017-05-12,PV,M
98,"Wagner, Sam",JR-3,Central Michigan,5.06m,"16' 7.25""",Toledo Invitational,2017-05-04,PV,M
98,"Francome, Reagan",SO-2,South Dakota St.,5.06m,"16' 7.25""",USD SDSU Dual,2017-04-08,PV,M
1,"King, Devin",SO-2,SE Louisiana,5.70m,"18' 8.25""",2016 Nike Clyde Littlefield Texas Relays,2016-03-30,PV,M
2,"Wyatt, Audie",SO-2,Texas A&M,5.65m,"18' 6.5""",2016 Nike Clyde Littlefield Texas Relays,2016-03-30,PV,M
2,"Wolfle, Chase",SR-4,Texas A&M,5.65m,"18' 6.5""",Michael Johnson Classic,2016-04-23,PV,M
2,"Blankenship, Jake",SR-4,Tennessee,5.65m,"18' 6.5""",SEC Championships,2016-05-12,PV,M
5,"Laidig, Torben",SO-2,Virginia Tech,5.60m,"18' 4.5""",2016 Nike Clyde Littlefield Texas Relays,2016-03-30,PV,M
6,"Bell, Dylan",SR-4,Air Force,5.55m,"18' 2.5""",Michael Johnson Classic,2016-04-23,PV,M
7,"Bragg, Adam",SR-4,Princeton,5.53m,"18' 1.75""",Ivy League Outdoor Track & Field Championships,2016-05-07,PV,M
8,"Collins, Sean",FR-1,South Alabama,5.51m,"18' 1""",Sun Belt Conference Outdoor Track & Field Championships,2016-05-13,PV,M
9,"Meyer, Nick",JR-3,Kansas,5.50m,"18' 0.5""",2016 Ward Haylett Invitational,2016-05-07,PV,M
9,"Albright, Jake",JR-3,Kansas,5.50m,"18' 0.5""",Big 12 Outdoor Track & Field Championships,2016-05-13,PV,M
9,"Oates, Tray",SO-2,Samford,5.50m,"18' 0.5""",2016 Southern Conference Outdoor T&F Championships,2016-05-12,PV,M
12,"Uhle, Chris",SR-4,Virginia Tech,5.47m,"17' 11.25""",Hokie Twilight,2016-05-05,PV,M
13,"Ludwig, Matthew",FR-1,Missouri,5.46m,"17' 11""",Memphis Tiger Invitational,2016-04-29,PV,M
14,"Valles, Adrian",SO-2,Cincinnati,5.45m,"17' 10.5""",2016 Kentucky Relays (College),2016-05-07,PV,M
15,"Volz, Deakin",FR-1,Virginia Tech,5.41m,"17' 9""",Duke Invitational,2016-04-22,PV,M
15,"Walsh, Cole",SO-2,Oregon,5.41m,"17' 9""",Oregon Relays,2016-04-15,PV,M
17,"Thoirs, Jax",SR-4,Washington,5.40m,"17' 8.5""",Pac-12 Outdoor Track & Field Championships,2016-05-14,PV,M
17,"Pater, Kyle",JR-3,Air Force,5.40m,"17' 8.5""",Mountain West Championships,2016-05-11,PV,M
19,"Meyer, Cameron",SR-4,Stephen F. Austin,5.37m,"17' 7.25""",34th Annual Victor Lopez Classic,2016-03-24,PV,M
20,"Scott, Blake",FR-1,Texas,5.36m,"17' 7""",Longhorn Invitational,2016-05-07,PV,M
20,"O'Connell, Derek",SR-4,William and Mary,5.36m,"17' 7""",IC4A/ECAC Outdoor Track and Field Championships,2016-05-13,PV,M
20,"McNeil, Parks",SO-2,Texas,5.36m,"17' 7""",Longhorn Invitational,2016-05-07,PV,M
23,"Larson, Garrett",JR-3,Sam Houston St.,5.35m,"17' 6.5""",Mt. SAC Relays,2016-04-14,PV,M
23,"Bray, Brandon",FR-1,Texas Tech,5.35m,"17' 6.5""",Big 12 Outdoor Track & Field Championships,2016-05-13,PV,M
23,"Hunter, Craig",JR-3,Connecticut,5.35m,"17' 6.5""",The American Outdoor Track & Field Championships,2016-05-12,PV,M
23,"Watson, Reese",SR-4,Texas,5.35m,"17' 6.5""",Big 12 Outdoor Track & Field Championships,2016-05-13,PV,M
23,"Poth, Barrett",FR-1,Texas,5.35m,"17' 6.5""",Big 12 Outdoor Track & Field Championships,2016-05-13,PV,M
23,"Maestretti, Nick",SO-2,Kansas,5.35m,"17' 6.5""",Big 12 Outdoor Track & Field Championships,2016-05-13,PV,M
29,"Montgomery, Michael",SR-4,Long Beach St.,5.33m,"17' 5.75""",Beach Pacific Coast,2016-04-14,PV,M
29,"Rouse, Conner",SR-4,Long Beach St.,5.33m,"17' 5.75""",Beach Pacific Coast,2016-04-14,PV,M
31,"David, Jake",SO-2,South Dakota,5.32m,"17' 5.5""",Howard Wood Dakota Relays,2016-05-07,PV,M
32,"Baudoin, Kyle",FR-1,UL-Lafayette,5.31m,"17' 5""",2016 Nike Clyde Littlefield Texas Relays,2016-03-30,PV,M
32,"Johnson, Brad",JR-3,Virginia Tech,5.31m,"17' 5""",2016 Nike Clyde Littlefield Texas Relays,2016-03-30,PV,M
34,"Rowland, Matthew",JR-3,Akron,5.30m,"17' 4.5""",Mid-American Conference Championship,2016-05-12,PV,M
34,"Duvio, Dylan",JR-3,Stanford,5.30m,"17' 4.5""",Pac-12 Outdoor Track & Field Championships,2016-05-14,PV,M
34,"Tonnesen, Pau",SR-4,Arizona,5.30m,"17' 4.5""",Pac-12 Outdoor Track & Field Championships,2016-05-14,PV,M
37,"Wooten, Jacob",FR-1,Texas A&M,5.26m,"17' 3""",LSU Invitational,2016-04-30,PV,M
37,"Curley, Connor",SR-4,Indiana State,5.26m,"17' 3""",Pacesetter Sports Invitational,2016-04-23,PV,M
37,"Ziemek, Zach",SR-4,Wisconsin,5.26m,"17' 3""",Big Ten Conference Outdoor Track & Field Championships,2016-05-13,PV,M
37,"Alhizam, Hussain",FR-1,Kansas,5.26m,"17' 3""",Kansas Relays,2016-04-20,PV,M
37,"Lupton, Greg",SR-4,Kansas,5.26m,"17' 3""",Kansas Relays,2016-04-20,PV,M
42,"Oxley, Jesse",SR-4,Kent State,5.25m,"17' 2.75""",Akron - Cambell/Wright Open,2016-05-06,PV,M
42,"Johansson, Carl",SO-2,Texas A&M,5.25m,"17' 2.75""",Michael Johnson Classic,2016-04-23,PV,M
42,"Miller, Austin",SR-4,High Point,5.25m,"17' 2.75""",Big South Outdoor Track & Field Championships,2016-05-10,PV,M
42,"Uibo, Maicel",SR-4,Georgia,5.25m,"17' 2.75""",Bulldog Decathlon-Heptathlon,2016-04-06,PV,M
46,"Murphree , Daven",JR-3,Stephen F. Austin,5.23m,"17' 1.75""",SHSU Last Chance,2016-05-14,PV,M
47,"Cahoy, Steven",JR-3,Nebraska,5.22m,"17' 1.5""",2016 Nebraska Invitational,2016-05-07,PV,M
47,"Chapman, Peter",SR-4,South Dakota,5.22m,"17' 1.5""",USD Twilight,2016-04-19,PV,M
47,"Giliomee, Niel",SO-2,South Alabama,5.22m,"17' 1.5""",South Alabama Invitational,2016-04-14,PV,M
50,"Driver, Craig",SR-4,Nebraska,5.21m,"17' 1""",Texas Invitational,2016-04-16,PV,M
50,"Williams, Tanner",JR-3,Oklahoma,5.21m,"17' 1""",2016 Nike Clyde Littlefield Texas Relays,2016-03-30,PV,M
50,"Meaders, Nicholas",FR-1,Texas,5.21m,"17' 1""",Longhorn Invitational,2016-05-07,PV,M
50,"Dial, Tommy",FR-1,Oral Roberts,5.21m,"17' 1""",Summit League Outdoor T&F Championships,2016-05-12,PV,M
50,"Wallenfang, Jake",JR-3,Wisconsin,5.21m,"17' 1""",Big Ten Conference Outdoor Track & Field Championships,2016-05-13,PV,M
50,"Gary, Noah",SO-2,Michigan State,5.21m,"17' 1""",2016 Louisville Invitational,2016-04-15,PV,M
50,"Porter, Tyler",SR-4,Tennessee,5.21m,"17' 1""",SEC Championships,2016-05-12,PV,M
57,"Bares, Lee",SO-2,Army West Point,5.20m,"17' 0.75""",Penn Challenge,2016-03-26,PV,M
57,"Kiles, August",SO-2,Princeton,5.20m,"17' 0.75""",USF Bulls Invitational,2016-03-17,PV,M
57,"Herrscher, Will",FR-1,Alabama,5.20m,"17' 0.75""",Alabama Relays,2016-03-17,PV,M
57,"Schuck, Nathan",JR-3,Southern Illinois,5.20m,"17' 0.75""",Alabama Relays,2016-03-17,PV,M
57,"Benavides, Paulo",FR-1,Kansas,5.20m,"17' 0.75""",37th Annual Sun Angel Classic,2016-04-08,PV,M
57,"Walsh, Jon",SR-4,Southern Illinois,5.20m,"17' 0.75""",2016 MVC Outdoor Track and Field Championships,2016-05-13,PV,M
57,"Miceli, Joe",JR-3,Binghamton,5.20m,"17' 0.75""",Princeton Outdoor Invite,2016-04-15,PV,M
57,"Bell, Sam",FR-1,Arkansas State,5.20m,"17' 0.75""",2016 Nike Clyde Littlefield Texas Relays,2016-03-30,PV,M
57,"Sodorff, Austin",SR-4,Washington St.,5.20m,"17' 0.75""",Mt. SAC Relays,2016-04-14,PV,M
57,"Still, Larry",FR-1,Eastern Washington,5.20m,"17' 0.75""",Big Sky Outdoor Track & Field Championships,2016-05-11,PV,M
57,"Arnold, Seth",SR-4,Texas State,5.20m,"17' 0.75""",Ricardo Romo Invitational,2016-03-24,PV,M
57,"Williams, Chris",SR-4,Washington,5.20m,"17' 0.75""",Mt. SAC Relays,2016-04-14,PV,M
57,"Sullivan, Matt",SR-4,Idaho,5.20m,"17' 0.75""",Big Sky Outdoor Track & Field Championships,2016-05-11,PV,M
57,"Heitt, Nathan",JR-3,Arizona State,5.20m,"17' 0.75""",37th Annual Sun Angel Classic,2016-04-08,PV,M
57,"Cooper, Xander",JR-3,Long Beach St.,5.20m,"17' 0.75""",Big West Outdoor Track & Field Championships,2016-05-13,PV,M
57,"Atkinson, Shane",SO-2,Fresno State,5.20m,"17' 0.75""",2016 Woody Wilson Classic (Collegiate),2016-04-16,PV,M
73,"Smith, Chase",FR-1,Washington,5.19m,"17' 0.25""",Ken Shannon Invitational,2016-04-30,PV,M
73,"Starkey, Garrett",JR-3,Stanford,5.19m,"17' 0.25""",Payton Jordan Invitational,2016-05-01,PV,M
75,"Simmons, Beau",SR-4,Nebraska,5.18m,"17' 0""",2016 Husker Spring Invitational,2016-04-09,PV,M
75,"Estala, Justin",JR-3,Oral Roberts,5.18m,"17' 0""",Oklahoma John Jacobs Invitational,2016-04-22,PV,M
75,"Peters, Chris",SR-4,Wichita State,5.18m,"17' 0""",Oklahoma John Jacobs Invitational,2016-04-22,PV,M
78,"Hidalgo, Matt",SR-4,Oregon,5.17m,"16' 11.5""",Oregon Twilight,2016-05-06,PV,M
79,"Steck, James",SO-2,Virginia Tech,5.16m,"16' 11""",Radford University Highlander Invitational,2016-04-29,PV,M
80,"Waters, Carson",SO-2,Liberty,5.15m,"16' 10.75""",Big South Outdoor Track & Field Championships,2016-05-10,PV,M
80,"Honka, Ondrej",SO-2,Rhode Island,5.15m,"16' 10.75""",Florida Relays,2016-03-31,PV,M
80,"Vegas, Austin",SR-4,North Carolina,5.15m,"16' 10.75""",Battle of the Blues,2016-04-01,PV,M
80,"Gilfillan, Noah",SO-2,Stephen F. Austin,5.15m,"16' 10.75""",2016 Skechers Carl Kight Invitational,2016-04-08,PV,M
80,"Curry, Parker",SO-2,UC Santa Barbara,5.15m,"16' 10.75""",2016 Oxy Invitational (College/University),2016-05-07,PV,M
85,"Gordon, Eric",SR-4,Eastern Illinois,5.13m,"16' 10""",EIU Panther Twilight,2016-05-06,PV,M
85,"Cosculluela, Max",JR-3,Dartmouth,5.13m,"16' 10""",Tufts Snowflake Classic,2016-04-02,PV,M
87,"Maness, Jiles",SR-4,Navy,5.11m,"16' 9.25""",San Diego Collegiate Challenge,2016-03-12,PV,M
87,"Gyllensten, Simon",SO-2,South Carolina,5.11m,"16' 9.25""",Spec Towns Invitational 2016,2016-04-08,PV,M
87,"Fenske, Jed",JR-3,Nebraska,5.11m,"16' 9.25""",Kansas Relays,2016-04-20,PV,M
87,"Supple, Zack",JR-3,Kansas State,5.11m,"16' 9.25""",Bruin Legends of T&F Invitational,2016-04-02,PV,M
87,"Scale, Reed",JR-3,UCLA,5.11m,"16' 9.25""",Bruin Legends of T&F Invitational,2016-04-02,PV,M
87,"Anderson, Dylan",SR-4,Indiana,5.11m,"16' 9.25""",2016 Louisville Invitational,2016-04-15,PV,M
87,"Thomas, Phillip",JR-3,Appalachian State,5.11m,"16' 9.25""",Sun Belt Conference Outdoor Track & Field Championships,2016-05-13,PV,M
87,"Laut, Austin",FR-1,Yale,5.11m,"16' 9.25""",IC4A/ECAC Outdoor Track and Field Championships,2016-05-13,PV,M
87,"Cobb, Coty",FR-1,Ohio State,5.11m,"16' 9.25""",Ashland Alumni Open,2016-04-29,PV,M
87,"Squibbs, Brett",JR-3,East Tenn. St.,5.11m,"16' 9.25""",2016 Southern Conference Outdoor T&F Championships,2016-05-12,PV,M
97,"Akins, David",SO-2,South Florida,5.10m,"16' 8.75""",USF Invitational,2016-03-11,PV,M
97,"Duckworth, Tim",SO-2,Kentucky,5.10m,"16' 8.75""",Virginia Challenge,2016-04-22,PV,M
97,"Wacker, Steven",JR-3,Idaho State,5.10m,"16' 8.75""",Utah Spring Classic,2016-04-08,PV,M
97,"Robinson, Colt",SR-4,Cincinnati,5.10m,"16' 8.75""",Miami Hurricane Twilight Invitational,2016-03-25,PV,M
1,"Kendricks, Sam",JR-3,Mississippi,5.70m,"18' 8.25""",2014 Clyde Littlefield Texas Relays,2014-03-26,PV,M
1,"Ross, Colton",SR-4,Stephen F. Austin,5.70m,"18' 8.25""",Longhorn Invitational,2014-05-03,PV,M
3,"Blankenship, Jake",SO-2,Tennessee,5.64m,"18' 6""",SEC Outdoor Championship,2014-05-15,PV,M
4,"Woepse, Michael",SR-4,UCLA,5.62m,"18' 5.25""",UCLA vs USC,2014-05-04,PV,M
5,"Barber, Shawn",SO-2,Akron,5.60m,"18' 4.5""",Longhorn Invitational,2014-05-03,PV,M
5,"Thoirs, Jax",SO-2,Washington,5.60m,"18' 4.5""",Ken Shannon Invitational,2014-05-09,PV,M
7,"Geraghty, Peter",SR-4,Eastern Illinois,5.56m,"18' 2.75""",EIU Tuesday Tweener,2014-04-22,PV,M
7,"Wolfle, Chase",SO-2,Texas A&M,5.56m,"18' 2.75""",SEC Outdoor Championship,2014-05-15,PV,M
9,"Pujats, Pauls",JR-3,Memphis,5.54m,"18' 2""",Memphis Invitational,2014-03-29,PV,M
10,"Siegmeier, Zach",SR-4,Minnesota,5.51m,"18' 1""",Musco Invitational,2014-05-03,PV,M
10,"Watson, Reese",SO-2,Texas,5.51m,"18' 1""",Texas Invitational,2014-04-12,PV,M
12,"Bowen, Casey",JR-3,Kansas,5.50m,"18' 0.5""",2014 Clyde Littlefield Texas Relays,2014-03-26,PV,M
12,"Irwin, Andrew",JR-3,Arkansas,5.50m,"18' 0.5""",2014 Drake Relays presented by Hy-Vee,2014-04-23,PV,M
12,"Pillow, Chris",JR-3,Rice,5.50m,"18' 0.5""",2014 Clyde Littlefield Texas Relays,2014-03-26,PV,M
12,"Viken, Michael",SR-4,Eastern Illinois,5.50m,"18' 0.5""",2014 Clyde Littlefield Texas Relays,2014-03-26,PV,M
16,"Munz, Stephan",SR-4,Virginia Tech,5.45m,"17' 10.5""",ACC Outdoor Track & Field Championships,2014-04-17,PV,M
17,"Dangel, Josh",SR-4,Cincinnati,5.44m,"17' 10.25""",All-Ohio Track & Field Champs,2014-04-12,PV,M
17,"Wait, Kyle",SR-4,Kansas State,5.44m,"17' 10.25""",Big 12 Outdoor Track and Field Championships,2014-05-16,PV,M
19,"Laidig, Torben",FR-1,Virginia Tech,5.42m,"17' 9.25""",Hokie Twilight,2014-05-18,PV,M
20,"Kirillov, Nikita",JR-3,Georgia Tech,5.41m,"17' 9""",Georgia Spec Towns National Team Invitational,2014-04-11,PV,M
21,"Hinch, Derick",SR-4,Arizona State,5.40m,"17' 8.5""",Mt. SAC Relays,2014-04-17,PV,M
21,"Cahoy, Steven",FR-1,Nebraska,5.40m,"17' 8.5""",2014 Drake Relays presented by Hy-Vee,2014-04-23,PV,M
23,"Crenshaw, Austin",SR-4,Memphis,5.38m,"17' 7.75""",The American Outdoor Track & Field Championships,2014-05-02,PV,M
24,"Sullivan, Matt",JR-3,Idaho,5.37m,"17' 7.25""",Western Athletic Conference Outdoor Championships,2014-05-14,PV,M
25,"Uhle, Joey",JR-3,Air Force,5.35m,"17' 6.5""",2014 Clyde Littlefield Texas Relays,2014-03-26,PV,M
25,"Babits, Max",SR-4,Eastern Michigan,5.35m,"17' 6.5""",2014 Clyde Littlefield Texas Relays,2014-03-26,PV,M
25,"Duvio, Dylan",FR-1,Stanford,5.35m,"17' 6.5""",Longhorn Invitational,2014-05-03,PV,M
25,"Bell, Dylan",SO-2,Air Force,5.35m,"17' 6.5""",Air Force Relays,2014-04-03,PV,M
25,"Meyers, Kyal",SR-4,Texas Tech,5.35m,"17' 6.5""",2014 Clyde Littlefield Texas Relays,2014-03-26,PV,M
25,"Cato, Japheth",SR-4,Wisconsin,5.35m,"17' 6.5""",Mt. SAC Relays,2014-04-17,PV,M
25,"Lupton, Greg",JR-3,Kansas,5.35m,"17' 6.5""",2014 Clyde Littlefield Texas Relays,2014-03-26,PV,M
32,"Arnold, Seth",JR-3,Texas State,5.32m,"17' 5.5""",Roadrunners Invitational,2014-05-02,PV,M
32,"Brannon, Chase",SR-4,Tennessee,5.32m,"17' 5.5""",University of Tennessee Challenge,2014-05-03,PV,M
34,"Reed, Taylor",SR-4,UTSA,5.31m,"17' 5""",Texas Invitational,2014-04-12,PV,M
34,"Meyer, Cameron",JR-3,Stephen F. Austin,5.31m,"17' 5""",Texas Invitational,2014-04-12,PV,M
36,"Hunter, Craig",FR-1,Connecticut,5.30m,"17' 4.5""",NEICAAA Outdoor Track & Field Championships,2014-05-08,PV,M
36,"Volz, Drew",JR-3,Indiana,5.30m,"17' 4.5""",2014 Billy Hayes Invitational,2014-05-03,PV,M
36,"Sanderfer, Christian",SO-2,Nebraska,5.30m,"17' 4.5""",Big Ten Outdoor Track & Field Championships,2014-05-16,PV,M
36,"Juilfs, JJ",JR-3,Washington,5.30m,"17' 4.5""",Pac-12 Outdoor Track and Field Championships,2014-05-17,PV,M
36,"Roach, Peter",SR-4,Cornell,5.30m,"17' 4.5""",2014 ECAC-IC4A Outdoor Championships,2014-05-16,PV,M
36,"Klein, Cody",SR-4,Illinois,5.30m,"17' 4.5""",Kentucky Relays (College Division),2014-04-19,PV,M
36,"Lazas, Kevin",SR-4,Arkansas,5.30m,"17' 4.5""",2014 Clyde Littlefield Texas Relays,2014-03-26,PV,M
43,"Oxley, Jesse",SO-2,Kent State,5.28m,"17' 3.75""",Ohio Open,2014-05-02,PV,M
43,"Meyer, Nick",FR-1,Kansas,5.28m,"17' 3.75""",LSU Battle on the Bayou,2014-04-05,PV,M
45,"Thompson, Kyle",SO-2,Texas Tech,5.25m,"17' 2.75""",TTU Red Raider Open,2014-05-03,PV,M
45,"Webber, Keith",SR-4,Montana,5.25m,"17' 2.75""",Cat - Griz Outdoor Dual Meet,2014-04-26,PV,M
47,"McCune, Alex",JR-3,Akron,5.24m,"17' 2.25""",All-Ohio Track & Field Champs,2014-04-12,PV,M
48,"Johnson, Jesse",FR-1,Wisconsin,5.22m,"17' 1.5""",Tom Botts Invitational,2014-05-03,PV,M
48,"Vani, Michael",SR-4,UL-Lafayette,5.22m,"17' 1.5""",USA Invitational,2014-04-11,PV,M
50,"Rogers, Cort",SR-4,Air Force,5.21m,"17' 1""",Mountain West Outdoor Track & Field Championships,2014-05-14,PV,M
50,"Uhle, Chris",JR-3,Virginia Tech,5.21m,"17' 1""",Roanoke/Virginia Tech Twilight Qualifier,2014-05-08,PV,M
50,"Bishop, Alex",SR-4,Kansas,5.21m,"17' 1""",Kansas Relays,2014-04-16,PV,M
50,"Murphree , Daven",FR-1,Stephen F. Austin,5.21m,"17' 1""",Texas Invitational,2014-04-12,PV,M
50,"Driver, Craig",JR-3,Nebraska,5.21m,"17' 1""",Kansas Relays,2014-04-16,PV,M
50,"Estala, Justin",FR-1,Oral Roberts,5.21m,"17' 1""",Kansas Relays,2014-04-16,PV,M
50,"Zupeuc, Daniel",FR-1,Grand Canyon,5.21m,"17' 1""",adidas/Steve Scott Invit. (college),2014-05-02,PV,M
50,"Sisserson, Grant",FR-1,Cornell,5.21m,"17' 1""",Penn Relays,2014-04-24,PV,M
58,"Smith, Connor",SR-4,South Alabama,5.20m,"17' 0.75""",War Eagle 2014,2014-04-18,PV,M
58,"Mahnke, Michael",SR-4,Houston,5.20m,"17' 0.75""",Mt. SAC Relays,2014-04-17,PV,M
58,"Rouse, Conner",SO-2,Long Beach St.,5.20m,"17' 0.75""",Big West Outdoor Track and Field Championship,2014-05-16,PV,M
58,"Moushey, Charles",FR-1,Kentucky,5.20m,"17' 0.75""",Kentucky Relays (College Division),2014-04-19,PV,M
58,"Strawderman, James",JR-3,Rhode Island,5.20m,"17' 0.75""",Brown Springtime Open,2014-04-27,PV,M
58,"Johnson, Jaora",SR-4,LSU,5.20m,"17' 0.75""",2014 Clyde Littlefield Texas Relays,2014-03-26,PV,M
58,"Duplantis, Andreas",JR-3,LSU,5.20m,"17' 0.75""",2014 Clyde Littlefield Texas Relays,2014-03-26,PV,M
58,"Roberson, Jay",FR-1,Sam Houston St.,5.20m,"17' 0.75""",Southland Conference Track & Field Championship,2014-05-09,PV,M
58,"Squibbs, Brett",FR-1,East Tenn. St.,5.20m,"17' 0.75""",War Eagle 2014,2014-04-18,PV,M
58,"Canfield, Tim",JR-3,Michigan State,5.20m,"17' 0.75""",Big Ten Outdoor Track & Field Championships,2014-05-16,PV,M
58,"Hidalgo, Matt",SO-2,Oregon,5.20m,"17' 0.75""",Oregon Relays,2014-04-17,PV,M
58,"Maness, Jiles",SO-2,Navy,5.20m,"17' 0.75""",2014 ECAC-IC4A Outdoor Championships,2014-05-16,PV,M
58,"Wicker, Casey",JR-3,Texas,5.20m,"17' 0.75""",2014 Clyde Littlefield Texas Relays,2014-03-26,PV,M
58,"Favor, Everette",SO-2,Oklahoma,5.20m,"17' 0.75""",John Jacobs Invitational,2014-04-18,PV,M
58,"Hierholzer, Brandon",SR-4,Long Beach St.,5.20m,"17' 0.75""",Big West Outdoor Track and Field Championship,2014-05-16,PV,M
58,"Uibo, Maicel",SO-2,Georgia,5.20m,"17' 0.75""",SEC Outdoor Championship,2014-05-15,PV,M
74,"Padalecki, Kyle",SO-2,Texas Tech,5.19m,"17' 0.25""",Big 12 Outdoor Track and Field Championships,2014-05-16,PV,M
74,"Brady, Tommy",JR-3,Kansas State,5.19m,"17' 0.25""",Big 12 Outdoor Track and Field Championships,2014-05-16,PV,M
74,"Ferrell, Byron",JR-3,Indiana State,5.19m,"17' 0.25""",EIU Last Chance Twilight,2014-05-09,PV,M
74,"Callihan, Tanner",SO-2,Oklahoma,5.19m,"17' 0.25""",Big 12 Outdoor Track and Field Championships,2014-05-16,PV,M
78,"Maestretti, Nick",SO-2,Kansas,5.18m,"17' 0""",35th Sun Angel Track Classic,2014-04-11,PV,M
78,"Clark, Cirron",FR-1,Illinois State,5.18m,"17' 0""",2014 MVC Outdoor Track & Field Championships,2014-05-16,PV,M
80,"Ballew, Kyle",SR-4,South Dakota,5.17m,"16' 11.5""",Summit League Outdoor Track & Field Championships,2014-05-15,PV,M
81,"Mikkelsen, Adam",FR-1,BYU,5.16m,"16' 11""",USU Mark Faldmo Invitational,2014-04-18,PV,M
82,"Bragg, Adam",SO-2,Princeton,5.15m,"16' 10.75""",Princeton Elite Meet (college),2014-05-02,PV,M
82,"Amezquita, Justin",SR-4,Duke,5.15m,"16' 10.75""",ACC Outdoor Track & Field Championships,2014-04-17,PV,M
82,"Pearson, Ethan",JR-3,Wichita State,5.15m,"16' 10.75""",Ward Haylett Invitational,2014-05-03,PV,M
82,"Allison, Jared",FR-1,Virginia Tech,5.15m,"16' 10.75""",ACC Outdoor Track & Field Championships,2014-04-17,PV,M
86,"Rowland, Matthew",FR-1,Akron,5.14m,"16' 10.25""",All-Ohio Track & Field Champs,2014-04-12,PV,M
87,"Simmons, Beau",SO-2,Nebraska,5.13m,"16' 10""",Nebraska Quad,2014-04-12,PV,M
87,"Johnson, Brad",FR-1,Virginia Tech,5.13m,"16' 10""",Hokie Twilight,2014-05-18,PV,M
87,"Galardy, Blaze",SO-2,Illinois,5.13m,"16' 10""",Illinois Twilight,2014-04-12,PV,M
90,"Grieder, Isaac",JR-3,UL-Monroe,5.12m,"16' 9.5""",Jim Mize Invitational,2014-03-22,PV,M
91,"Pflibsen, Logan",JR-3,New Mexico,5.11m,"16' 9.25""",Mountain West Outdoor Track & Field Championships,2014-05-14,PV,M
92,"Wyckoff, Chris",SR-4,Rutgers,5.10m,"16' 8.75""",Georgia Spec Towns National Team Invitational,2014-04-11,PV,M
92,"Borton, Tyler",SR-4,Ohio State,5.10m,"16' 8.75""",Georgia Spec Towns National Team Invitational,2014-04-11,PV,M
92,"Light, Shawn",SR-4,Akron,5.10m,"16' 8.75""",Mt. SAC Relays,2014-04-17,PV,M
92,"Jensen, Michael",FR-1,Kentucky,5.10m,"16' 8.75""",2014 Billy Hayes Invitational,2014-05-03,PV,M
92,"Ehrhardt, Tim",FR-1,Michigan State,5.10m,"16' 8.75""",Dave Rankin Invite,2014-05-02,PV,M
92,"Ebbets, Caleb",JR-3,Georgia,5.10m,"16' 8.75""",Georgia Spec Towns National Team Invitational,2014-04-11,PV,M
92,"Hiett, Nathan",FR-1,Albany,5.10m,"16' 8.75""",America East Outdoor Track & Field Championships,2014-05-03,PV,M
92,"Stearns, Nick",JR-3,Eastern Washington,5.10m,"16' 8.75""",Big Sky Conference Outdoor Track & Field Championships,2014-05-14,PV,M
92,"Bilka, Dylan",JR-3,Penn State,5.10m,"16' 8.75""",Big Ten Outdoor Track & Field Championships,2014-05-16,PV,M
1,"Barber, Shawn",JR-3,Akron,5.91m,"19' 4.75""",Longhorn Invitational,2015-05-02,PV,M
2,"Blankenship, Jake",JR-3,Tennessee,5.80m,"19' 0.25""",2015 Clyde Littlefield Texas Relays,2015-03-25,PV,M
3,"Valles, Adrian",FR-1,Cincinnati,5.65m,"18' 6.5""",The American Outdoor Track & Field Championships,2015-05-14,PV,M
3,"Thoirs, Jax",JR-3,Washington,5.65m,"18' 6.5""",Pac-12 Track & Field Championships,2015-05-15,PV,M
3,"Irwin, Andrew",SR-4,Arkansas,5.65m,"18' 6.5""",John McDonnell Invitational,2015-04-10,PV,M
6,"Watson, Reese",JR-3,Texas,5.60m,"18' 4.5""",Longhorn Invitational,2015-05-02,PV,M
7,"Duvio, Dylan",SO-2,Stanford,5.53m,"18' 1.75""",Longhorn Invitational,2015-05-02,PV,M
8,"Arnold, Seth",JR-3,Texas State,5.50m,"18' 0.5""",2015 Clyde Littlefield Texas Relays,2015-03-25,PV,M
9,"Wyatt, Audie",FR-1,Texas A&M,5.48m,"17' 11.75""",SEC Championships,2015-05-14,PV,M
10,"Sandusky, Ethan",SR-4,Arkansas State,5.45m,"17' 10.5""",Sun Belt Outdoor Track and Field Championships,2015-05-08,PV,M
11,"Bragg, Adam",JR-3,Princeton,5.42m,"17' 9.25""",Princeton Open (College),2015-05-01,PV,M
12,"Pillow, Chris",SR-4,Rice,5.41m,"17' 9""",Conference USA Outdoor Track & Field Championships,2015-05-14,PV,M
12,"Montgomery, Michael",SO-2,Long Beach St.,5.41m,"17' 9""",2015 Big West Championships,2015-05-15,PV,M
12,"Uhle, Chris",SR-4,Virginia Tech,5.41m,"17' 9""",Tennessee Relays,2015-04-09,PV,M
15,"Cahoy, Steven",SO-2,Nebraska,5.40m,"17' 8.5""",2015 Arizona State Pac-12 vs Big 10 Invitational,2015-03-27,PV,M
15,"Porter, Tyler",SR-4,Tennessee,5.40m,"17' 8.5""",2015 Clyde Littlefield Texas Relays,2015-03-25,PV,M
15,"Wolfle, Chase",JR-3,Texas A&M,5.40m,"17' 8.5""",2015 Clyde Littlefield Texas Relays,2015-03-25,PV,M
18,"Johnson, Jesse",SO-2,Wisconsin,5.38m,"17' 7.75""",Wisconsin Open,2015-05-08,PV,M
19,"King, Devin",FR-1,SE Louisiana,5.36m,"17' 7""",LSU Alumni Gold,2015-04-18,PV,M
19,"Batemon, Terry",SO-2,Indiana,5.36m,"17' 7""",Big Ten Outdoor Track & Field Championships,2015-05-15,PV,M
21,"Brown, Kyle",JR-3,BYU,5.35m,"17' 6.5""",2015 BYU Cougar Invitational,2015-05-13,PV,M
21,"Hunter, Craig",SO-2,Connecticut,5.35m,"17' 6.5""",2015 Clyde Littlefield Texas Relays,2015-03-25,PV,M
23,"Bell, Dylan",JR-3,Air Force,5.32m,"17' 5.5""",Air Force Twilight Open,2015-05-08,PV,M
24,"Uhle, Joey",SR-4,Air Force,5.31m,"17' 5""",37th SDSU Aztec Invitational,2015-03-26,PV,M
24,"Bares, Lee",FR-1,Army,5.31m,"17' 5""",Larry Ellis (College),2015-04-17,PV,M
24,"Ehrhardt, Tim",SO-2,Michigan State,5.31m,"17' 5""",Big Ten Outdoor Track & Field Championships,2015-05-15,PV,M
27,"Williams, Chris",JR-3,Washington,5.30m,"17' 4.5""",Pac-12 Track & Field Championships,2015-05-15,PV,M
27,"Pujats, Pauls",SR-4,Memphis,5.30m,"17' 4.5""",War Eagle Invitational 2015,2015-04-17,PV,M
27,"Meyer, Nick",SO-2,Kansas,5.30m,"17' 4.5""",2015 Clyde Littlefield Texas Relays,2015-03-25,PV,M
27,"Oxley, Jesse",JR-3,Kent State,5.30m,"17' 4.5""",Ball State University Cardinal Invitational,2015-04-17,PV,M
27,"Thompson, Kyle",SR-4,Texas Tech,5.30m,"17' 4.5""",Wes Kittley Invitational 2015,2015-04-11,PV,M
27,"Pflibsen, Logan",SR-4,New Mexico,5.30m,"17' 4.5""",Tailwind Open,2015-04-03,PV,M
27,"Roberson, Jay",SO-2,Sam Houston St.,5.30m,"17' 4.5""",2015 Clyde Littlefield Texas Relays,2015-03-25,PV,M
27,"Oates, Tray",FR-1,Samford,5.30m,"17' 4.5""",Alabama Relays,2015-03-19,PV,M
27,"Mikkelsen, Adam",SO-2,BYU,5.30m,"17' 4.5""",2015 Clyde Littlefield Texas Relays,2015-03-25,PV,M
27,"Bringhurst, Braydon",SR-4,BYU,5.30m,"17' 4.5""",UNLV Spring Invitational,2015-03-21,PV,M
27,"Maness, Jiles",JR-3,Navy,5.30m,"17' 4.5""",San Diego Collegiate Challenge,2015-03-14,PV,M
27,"O'Connell, Derek",JR-3,William and Mary,5.30m,"17' 4.5""",CAA Outdoor Track and Field Championships,2015-05-01,PV,M
39,"David, Jake",FR-1,South Dakota,5.29m,"17' 4.25""",Husker Spring Invitational,2015-04-11,PV,M
40,"Duggan, Cory",SR-4,Connecticut,5.28m,"17' 3.75""",The American Outdoor Track & Field Championships,2015-05-14,PV,M
40,"Rowland, Matthew",SO-2,Akron,5.28m,"17' 3.75""",Longhorn Invitational,2015-05-02,PV,M
40,"Wicker, Casey",SR-4,Texas,5.28m,"17' 3.75""",Longhorn Invitational,2015-05-02,PV,M
43,"Shepherd, David",SR-4,South Florida,5.27m,"17' 3.5""",UF Tom Jones Memorial,2015-04-24,PV,M
44,"Duplantis, Andreas",SR-4,LSU,5.26m,"17' 3""",LSU Alumni Gold,2015-04-18,PV,M
44,"Estala, Justin",SO-2,Oral Roberts,5.26m,"17' 3""",Arkansas Spring Invitational,2015-03-27,PV,M
44,"Albright, Jake",JR-3,Kansas,5.26m,"17' 3""",Rock Chalk Classic,2015-05-02,PV,M
44,"Starkey, Garrett",SO-2,Stanford,5.26m,"17' 3""",Big Meet: Cal vs. Stanford,2015-04-11,PV,M
48,"Rouse, Conner",SO-2,Long Beach St.,5.25m,"17' 2.75""",2015 Big West Challenge,2015-04-10,PV,M
48,"Moushey, Charles",SO-2,Kentucky,5.25m,"17' 2.75""",Kentucky Relays (College Division),2015-05-02,PV,M
48,"Lupton, Greg",SR-4,Kansas,5.25m,"17' 2.75""",John McDonnell Invitational,2015-04-10,PV,M
48,"Walsh, Cole",FR-1,Oregon,5.25m,"17' 2.75""",Oregon Twilight,2015-05-08,PV,M
48,"Marcus, Lev",FR-1,Washington,5.25m,"17' 2.75""",Pac-12 Track & Field Championships,2015-05-15,PV,M
48,"Simmons, Beau",JR-3,Nebraska,5.25m,"17' 2.75""",Michael Johnson Classic,2015-04-18,PV,M
54,"Larson, Garrett",SO-2,Sam Houston St.,5.22m,"17' 1.5""",Victor Lopez Classic,2015-04-02,PV,M
55,"Sarehkhani, Kevin",SR-4,South Dakota,5.21m,"17' 1""",Dakota Duals,2015-04-04,PV,M
55,"Mammoser , Mitch",JR-3,Illinois,5.21m,"17' 1""",Big Ten Outdoor Track & Field Championships,2015-05-15,PV,M
55,"Ferrell, Byron",SR-4,Purdue,5.21m,"17' 1""",Kansas Relays,2015-04-15,PV,M
55,"Pavelonis, Chase",SR-4,Illinois State,5.21m,"17' 1""",Redbird Track And Field Invitational,2015-05-01,PV,M
55,"Hidalgo, Matt",JR-3,Oregon,5.21m,"17' 1""",Oregon Relays,2015-04-16,PV,M
60,"McNeil, Parks",FR-1,Texas,5.20m,"17' 0.75""",Big 12 Outdoor Track & Field Championships,2015-05-15,PV,M
60,"Strawderman, James",SR-4,Rhode Island,5.20m,"17' 0.75""",2015 IC4A/ECAC Outdoor Track & Field Championships,2015-05-15,PV,M
60,"Johansson, Carl",FR-1,Texas A&M,5.20m,"17' 0.75""",Baldy Castillo Invitational,2015-03-20,PV,M
60,"Chapman, Peter",JR-3,South Dakota,5.20m,"17' 0.75""",Bobcat Invitational,2015-03-26,PV,M
60,"Uibo, Maicel",JR-3,Georgia,5.20m,"17' 0.75""",SEC Championships,2015-05-14,PV,M
60,"Woepse, Michael",,UCLA,5.20m,"17' 0.75""",Rafer / JJK Collegiate Invitational,2015-04-11,PV,M
60,"Juilfs, JJ",SR-4,Washington,5.20m,"17' 0.75""",Pepsi Team Invitational,2015-04-11,PV,M
60,"Schrader, Nick",SO-2,Ohio State,5.20m,"17' 0.75""",Ohio State - Jesse Owens Classic,2015-05-01,PV,M
60,"Blevins, Aaron",SR-4,Kansas,5.20m,"17' 0.75""",Big 12 Outdoor Track & Field Championships,2015-05-15,PV,M
69,"Walsh, Jon",JR-3,Southern Illinois,5.19m,"17' 0.25""",2015 MVC Outdoor Track and Field Championships,2015-05-15,PV,M
69,"Curley, Connor",JR-3,Indiana State,5.19m,"17' 0.25""",2015 MVC Outdoor Track and Field Championships,2015-05-15,PV,M
69,"Schuck, Nathan",JR-3,Southern Illinois,5.19m,"17' 0.25""",2015 MVC Outdoor Track and Field Championships,2015-05-15,PV,M
72,"Johnson, Henry",SR-4,East Carolina,5.18m,"17' 0""",The American Outdoor Track & Field Championships,2015-05-14,PV,M
72,"Vetere, Mark",SR-4,Navy,5.18m,"17' 0""",Patriot League Outdoor Track & Field Championships,2015-05-01,PV,M
72,"Wallenfang, Jake",FR-1,Wisconsin,5.18m,"17' 0""",Wisconsin Open,2015-05-08,PV,M
72,"Murphree , Daven",SO-2,Stephen F. Austin,5.18m,"17' 0""",Longhorn Invitational,2015-05-02,PV,M
76,"Johnson, Brad",SO-2,Virginia Tech,5.17m,"16' 11.5""",ACC Outdoor Track & Field Championships,2015-05-14,PV,M
76,"Pater, Kyle",SO-2,Air Force,5.17m,"16' 11.5""",Mountain West Outdoor Track & Field Championships,2015-05-13,PV,M
78,"Perry, Winston",JR-3,South Florida,5.15m,"16' 10.75""",UNF East Region Preview,2015-05-08,PV,M
78,"Farmakidis, Nikolaos",JR-3,Boston U.,5.15m,"16' 10.75""",NEICAAA Track and Field Outdoor Championship,2015-05-07,PV,M
80,"Anderson, Dylan",JR-3,Indiana,5.13m,"16' 10""",Illinois Twilight,2015-04-18,PV,M
81,"Daniel, Nathan",JR-3,Georgia Tech,5.12m,"16' 9.5""",Georgia Tech Yellow Jacket Invitational,2015-03-27,PV,M
82,"Canfield, Tim",SR-4,Michigan State,5.11m,"16' 9.25""",GVSU Second to Last Chance,2015-05-08,PV,M
82,"Allison, Jared",JR-3,Virginia Tech,5.11m,"16' 9.25""",Tennessee Relays,2015-04-09,PV,M
82,"Harold, Glen",FR-1,Minnesota,5.11m,"16' 9.25""",Texas Invitational,2015-04-11,PV,M
82,"Spickes, Daniel",FR-1,Central Arkansas,5.11m,"16' 9.25""",Southland Conference Championship,2015-05-08,PV,M
82,"Sanderfer, Christian",JR-3,Nebraska,5.11m,"16' 9.25""",Big Ten Outdoor Track & Field Championships,2015-05-15,PV,M
82,"Ebbets, Caleb",SR-4,Georgia,5.11m,"16' 9.25""",Georgia Spec Towns National Team Invitational,2015-04-10,PV,M
88,"Sullivan, Brendan",JR-3,Yale,5.10m,"16' 8.75""",2015 IC4A/ECAC Outdoor Track & Field Championships,2015-05-15,PV,M
88,"Sakioka, Mark",JR-3,UCLA,5.10m,"16' 8.75""",Pac-12 Track & Field Championships,2015-05-15,PV,M
88,"Richartz, Nate",SO-2,Notre Dame,5.10m,"16' 8.75""",ACC-Big Ten Challenge,2015-04-11,PV,M
88,"Crompton, Coren",JR-3,Auburn,5.10m,"16' 8.75""",War Eagle Invitational 2015,2015-04-17,PV,M
88,"Gautreau, Gavin",FR-1,Samford,5.10m,"16' 8.75""",Al vs MS Border Clash,2015-04-10,PV,M
88,"Sodorff, Austin",JR-3,Washington St.,5.10m,"16' 8.75""",Mike Keller Invitational,2015-03-28,PV,M
88,"Rayburn, Keith",SR-4,Cornell,5.10m,"16' 8.75""",Cornell Outdoor Upstate Challenge,2015-04-18,PV,M
88,"Nilsson, Marcus",SR-4,UCLA,5.10m,"16' 8.75""",UCLA Legends Invitational,2015-04-03,PV,M
96,"Weaver, Chad",SO-2,Southern Illinois,5.09m,"16' 8.25""",2015 MVC Outdoor Track and Field Championships,2015-05-15,PV,M
97,"Brady, Tommy",SR-4,Kansas State,5.08m,"16' 8""",Brutus Hamilton Challenge,2015-04-25,PV,M
98,"Farrell, Nick",SR-4,South Alabama,5.07m,"16' 7.5""",Sun Belt Outdoor Track and Field Championships,2015-05-08,PV,M
98,"Scantling, Garrett",SR-4,Georgia,5.07m,"16' 7.5""",SEC Championships,2015-05-14,PV,M
98,"Hall, Connor",FR-1,Duke,5.07m,"16' 7.5""",ACC Outdoor Track & Field Championships,2015-05-14,PV,M
1,"Duplantis, Mondo",FR-1,LSU,6.00m,"19' 8.25""",SEC Outdoor Track & Field Championships,2019-05-09,PV,M
2,"Nilsen, Chris",JR-3,South Dakota,5.85m,"19' 2.25""",Drake Relays presented by Hy-Vee,2019-04-24,PV,M
3,"Bradford, Zach",FR-1,Kansas,5.77m,"18' 11""",Kansas Relays,2019-04-17,PV,M
4,"Lightfoot, KC",FR-1,Baylor,5.71m,"18' 8.75""",Michael Johnson Invitational,2019-04-19,PV,M
4,"Wooten, Jacob",SR-4,Texas A&M,5.71m,"18' 8.75""",Michael Johnson Invitational,2019-04-19,PV,M
4,"Fritsch, Clayton",SO-2,Sam Houston St.,5.71m,"18' 8.75""",ACU Last Chance 2019,2019-05-12,PV,M
7,"Ludwig, Matthew",SR-4,Akron,5.67m,"18' 7.25""",Beach Invitational,2019-04-19,PV,M
8,"Volz, Deakin",SR-4,Virginia Tech,5.62m,"18' 5.25""",ACC Championships,2019-05-09,PV,M
9,"Ellis, Branson",FR-1,Stephen F. Austin,5.61m,"18' 4.75""",Texas A&M Alumni Muster,2019-04-27,PV,M
10,"McMichael, Drew",SR-4,Texas Tech,5.55m,"18' 2.5""",TTU Masked Rider Open,2019-05-04,PV,M
11,"Collins, Sean",SR-4,South Alabama,5.53m,"18' 1.75""",Sun Belt Outdoor Track and Field Championships,2019-05-10,PV,M
12,"Coulon, Adam",JR-3,Indiana,5.52m,"18' 1.25""",Florida Relays,2019-03-28,PV,M
13,"Bray, Ethan",JR-3,South Dakota,5.51m,"18' 1""",South Dakota Challenge,2019-04-06,PV,M
14,"Carr, Michael",SR-4,Arkansas State,5.48m,"17' 11.75""",Sun Belt Outdoor Track and Field Championships,2019-05-10,PV,M
15,"Bray, Brandon",JR-3,Texas Tech,5.45m,"17' 10.5""",Big 12 Outdoor Track and Field Championships,2019-05-10,PV,M
15,"Herrscher, Will",SR-4,Alabama,5.45m,"17' 10.5""",SEC Outdoor Track & Field Championships,2019-05-09,PV,M
17,"Duffy, Erick",SO-2,Harvard,5.41m,"17' 9""",2019 Harvard - Yale Match,2019-04-13,PV,M
18,"Smith, Chase",JR-3,Washington,5.40m,"17' 8.5""",UW vs WSU Dual,2019-04-06,PV,M
18,"Rogers, Kyle",SO-2,Kansas,5.40m,"17' 8.5""",2019 92nd Clyde Littlefield Texas Relays,2019-03-27,PV,M
20,"Guttormsen, Sondre",FR-1,UCLA,5.36m,"17' 7""",2019 Pac-12 Track & Field Championships,2019-05-04,PV,M
21,"Weissmann, Peyton",SO-2,Ole Miss,5.35m,"17' 6.5""",Ole Miss Classic,2019-03-30,PV,M
21,"Skage, Greg",SO-2,Air Force,5.35m,"17' 6.5""",Mountain West Outdoor Track & Field Championship,2019-05-08,PV,M
21,"Nool, Robin",FR-1,Texas A&M,5.35m,"17' 6.5""",SEC Outdoor Track & Field Championships,2019-05-09,PV,M
21,"Rivera, Natan",FR-1,Rice,5.35m,"17' 6.5""",2019 92nd Clyde Littlefield Texas Relays,2019-03-27,PV,M
21,"Still, Larry",JR-3,Eastern Washington,5.35m,"17' 6.5""",Pelluer Open,2019-04-11,PV,M
26,"Coulibaly, Rashid",JR-3,Wisconsin,5.33m,"17' 5.75""",40th Sun Angel Track Classic,2019-04-05,PV,M
27,"Francom, Trent",SO-2,South Dakota St.,5.32m,"17' 5.5""",Summit League T&F Outdoor Championships,2019-05-08,PV,M
27,"Rios, Raul",JR-3,BYU,5.32m,"17' 5.5""",2019 BYU Robison Invitational,2019-04-25,PV,M
27,"Shirley, Jameson",SR-4,BYU,5.32m,"17' 5.5""",2019 BYU Robison Invitational,2019-04-25,PV,M
30,"Johansson, Carl",SR-4,Texas A&M,5.31m,"17' 5""",Michael Johnson Invitational,2019-04-19,PV,M
30,"Poth, Barrett",SR-4,Texas,5.31m,"17' 5""",Michael Johnson Invitational,2019-04-19,PV,M
30,"Eckles, Matthew",SR-4,Arizona State,5.31m,"17' 5""",2019 Desert Heat Classic,2019-04-27,PV,M
30,"Mammoser, Brock",SO-2,Indiana,5.31m,"17' 5""",Big Ten Championships,2019-05-10,PV,M
30,"Colozzo, Cole",SO-2,Ole Miss,5.31m,"17' 5""",LSU Invitational,2019-04-27,PV,M
30,"Laut, Austin",SR-4,Yale,5.31m,"17' 5""",2019 Harvard - Yale Match,2019-04-13,PV,M
36,"Bell, David",SR-4,South Florida,5.30m,"17' 4.5""",2019 92nd Clyde Littlefield Texas Relays,2019-03-27,PV,M
36,"Clarke, Sean",JR-3,Penn,5.30m,"17' 4.5""",2019 92nd Clyde Littlefield Texas Relays,2019-03-27,PV,M
36,"Loontjer, Tyler",SR-4,Nebraska,5.30m,"17' 4.5""",2019 92nd Clyde Littlefield Texas Relays,2019-03-27,PV,M
39,"Ruiz, Antonio",JR-3,Stephen F. Austin,5.28m,"17' 3.75""",SFA Carl Kight Invitational,2019-04-03,PV,M
40,"Rhea, Jack",SO-2,Tennessee,5.27m,"17' 3.5""",Virginia Challenge,2019-04-19,PV,M
41,"Courtois, Cole",SO-2,Louisiana Tech,5.26m,"17' 3""",Conference USA Outdoor Championships,2019-05-09,PV,M
41,"Champen, Christian",JR-3,Kent State,5.26m,"17' 3""",Jesse Owens Classic - The Ohio State University,2019-04-26,PV,M
43,"Peare , Matthew",SO-2,Kentucky,5.25m,"17' 2.75""",SEC Outdoor Track & Field Championships,2019-05-09,PV,M
43,"Woodley, Armand",SR-4,South Carolina,5.25m,"17' 2.75""",Gamecock Invitational Outdoor,2019-04-13,PV,M
43,"Hinegardner, Sam",SR-4,Air Force,5.25m,"17' 2.75""",Mountain West Outdoor Track & Field Championship,2019-05-08,PV,M
43,"Scott, Blake",SR-4,Oklahoma State,5.25m,"17' 2.75""",Big 12 Outdoor Track and Field Championships,2019-05-10,PV,M
43,"Duggan, Hugh",JR-3,Samford,5.25m,"17' 2.75""",Falcon Finale,2019-05-10,PV,M
43,"Meaders, Nicholas",SR-4,Texas,5.25m,"17' 2.75""",National Relay Championships,2019-04-26,PV,M
43,"Ference, Andrew",FR-1,Tennessee,5.25m,"17' 2.75""",SEC Outdoor Track & Field Championships,2019-05-09,PV,M
50,"Fancey, Michael",SR-4,UCLA,5.22m,"17' 1.5""",2019 Pac-12 Track & Field Championships,2019-05-04,PV,M
50,"Stephenson, Trevor",FR-1,Michigan State,5.22m,"17' 1.5""",Virginia Challenge,2019-04-19,PV,M
50,"Johnson, Nick",JR-3,South Dakota,5.22m,"17' 1.5""",Summit League T&F Outdoor Championships,2019-05-08,PV,M
50,"Shaver, Tristian",SR-4,Appalachian State,5.22m,"17' 1.5""",Florida Relays,2019-03-28,PV,M
50,"Oswald, Robert",JR-3,Ohio State,5.22m,"17' 1.5""",Florida Relays,2019-03-28,PV,M
55,"Cole, Elijah",JR-3,Charlotte,5.21m,"17' 1""",Conference USA Outdoor Championships,2019-05-09,PV,M
55,"Cahoy, Kevin",JR-3,Nebraska,5.21m,"17' 1""",Big Ten Championships,2019-05-10,PV,M
55,"Gonzalez, Michael",JR-3,USC,5.21m,"17' 1""",Jim Click Shootout,2019-04-06,PV,M
55,"Chadwick, Michael",SO-2,Arizona State,5.21m,"17' 1""",Pacific Coast Intercollegiate,2019-04-18,PV,M
59,"Wigal, Cole",SR-4,Akron,5.20m,"17' 0.75""",Mid-American Conference Outdoor Track & Field Championships,2019-05-09,PV,M
59,"Fisher, Nathan",JR-3,Penn,5.20m,"17' 0.75""",Tennessee Relays,2019-04-11,PV,M
59,"Young, Sam",JR-3,Virginia,5.20m,"17' 0.75""","Virginia v. Maryland, Pitt, West Virginia",2019-04-06,PV,M
62,"Owen, Matt",SR-4,Oral Roberts,5.19m,"17' 0.25""",PSU/Wendy's Tune-Up,2019-04-26,PV,M
63,"Fay, Matthew",SR-4,Bucknell,5.18m,"17' 0""",Maroon and Gold Invitational,2019-04-27,PV,M
63,"Baudoin, Kyle",SR-4,UL-Lafayette,5.18m,"17' 0""",Louisiana Classics,2019-03-15,PV,M
65,"Williams, Harrison",SR-4,Stanford,5.17m,"16' 11.5""",2019 Pac-12 Track & Field Championships,2019-05-04,PV,M
66,"Morris, Payton",FR-1,Penn,5.16m,"16' 11""",IC4A/ECAC Outdoor Track & Field Championships,2019-05-11,PV,M
66,"Popusoi, Vladimir",SR-4,UMass Lowell,5.16m,"16' 11""",IC4A/ECAC Outdoor Track & Field Championships,2019-05-11,PV,M
66,"Hughes, Garrison",FR-1,Nebraska,5.16m,"16' 11""",2019 Nebraska Invitational,2019-05-04,PV,M
66,"Pineda, Stefano",SR-4,Navy,5.16m,"16' 11""",IC4A/ECAC Outdoor Track & Field Championships,2019-05-11,PV,M
70,"Curran, Tate",SO-2,UCLA,5.15m,"16' 10.75""",Jim Bush Legends Invitational,2019-03-30,PV,M
70,"Powell, Spencer",JR-3,Nebraska,5.15m,"16' 10.75""",2019 92nd Clyde Littlefield Texas Relays,2019-03-27,PV,M
70,"HOTTEL, Brock",FR-1,North Texas,5.15m,"16' 10.75""",2019 92nd Clyde Littlefield Texas Relays,2019-03-27,PV,M
73,"Espanola, Jered",SO-2,UC Davis,5.13m,"16' 10""",Woody Wilson Classic,2019-04-13,PV,M
73,"Lawrence, Alex",JR-3,Utah Valley,5.13m,"16' 10""",WAC Outdoor Track and Field Championships,2019-05-09,PV,M
75,"Englar, Jacob",FR-1,Washington St.,5.12m,"16' 9.5""",2019 Pac-12 Track & Field Championships,2019-05-04,PV,M
75,"Lipe, Mitch",SO-2,Air Force,5.12m,"16' 9.5""",41st Annual Aztec Invitational,2019-03-22,PV,M
77,"LaRocca, Jacob",JR-3,Illinois,5.11m,"16' 9.25""",Big Ten Championships,2019-05-10,PV,M
77,"Rodriguez-Weems, Sunne",JR-3,Prairie View,5.11m,"16' 9.25""",2019 SWAC Outdoor T&F Championships,2019-05-03,PV,M
77,"Baker, Stone",FR-1,South Florida,5.11m,"16' 9.25""",The American Outdoor Track & Field Championships,2019-05-10,PV,M
77,"Bergere, Ian",SR-4,Connecticut,5.11m,"16' 9.25""",The American Outdoor Track & Field Championships,2019-05-10,PV,M
77,"Stattner, Justin",SR-4,Boise State,5.11m,"16' 9.25""",Stanford Invitational,2019-03-29,PV,M
77,"Stafford, Tyler",FR-1,Stephen F. Austin,5.11m,"16' 9.25""",Texas A&M Alumni Muster,2019-04-27,PV,M
83,"Bugner, Hayden",SR-4,Wichita State,5.10m,"16' 8.75""",Kansas Relays,2019-04-17,PV,M
83,"Kravik, Kellen",JR-3,Illinois State,5.10m,"16' 8.75""",Pacesetter Sports Invitational,2019-04-19,PV,M
83,"Slater, Tristan",JR-3,Tennessee,5.10m,"16' 8.75""",SEC Outdoor Track & Field Championships,2019-05-09,PV,M
83,"McAdoo, Adam",SO-2,TCU,5.10m,"16' 8.75""",National Relay Championships,2019-04-26,PV,M
83,"Freeman, Logan",SO-2,Texas A&M,5.10m,"16' 8.75""",SEC Outdoor Track & Field Championships,2019-05-09,PV,M
88,"Keim, Matthew",JR-3,Akron,5.09m,"16' 8.25""",Akron - Northeast Ohio Quad,2019-04-05,PV,M
89,"Rosa, Brenton",JR-3,Kennesaw State,5.08m,"16' 8""",Don McGarey Invitational Track and Field Invitational,2019-04-26,PV,M
89,"Nelson, Luke",JR-3,Illinois State,5.08m,"16' 8""",2019 Lenny Lyles-Clark Wood Invitational,2019-04-26,PV,M
89,"Ashenbremer, Ryan",SO-2,Illinois State,5.08m,"16' 8""",2019 Lenny Lyles-Clark Wood Invitational,2019-04-26,PV,M
89,"Fairbanks, Michael",SO-2,William and Mary,5.08m,"16' 8""",Virginia Grand Prix,2019-04-26,PV,M
89,"West, Ian",SR-4,Harvard,5.08m,"16' 8""",2019 Harvard - Yale Match,2019-04-13,PV,M
94,"Janes, Anders",FR-1,Liberty,5.07m,"16' 7.5""",Raleigh Relays,2019-03-29,PV,M
94,"Harris, Michael",JR-3,Florida,5.07m,"16' 7.5""",Florida Relays,2019-03-28,PV,M
94,"Smith, Riley",SR-4,Indiana State,5.07m,"16' 7.5""",MVC Championship,2019-05-10,PV,M
94,"Shea, Cole",FR-1,Georgia Tech,5.07m,"16' 7.5""",ACC Championships,2019-05-09,PV,M
98,"Jacobs, Alex",SR-4,Eastern Michigan,5.06m,"16' 7.25""",Mid-American Conference Outdoor Track & Field Championships,2019-05-09,PV,M
98,"Fraker, Tyler",SR-4,Akron,5.06m,"16' 7.25""",Pacific Coast Intercollegiate,2019-04-18,PV,M
98,"Marino, Nicholas",SO-2,Bucknell,5.06m,"16' 7.25""",IC4A/ECAC Outdoor Track & Field Championships,2019-05-11,PV,M
1,"Nilsen, Chris",SO-2,South Dakota,5.86m,"19' 2.75""",Howard Wood Dakota Relays,2018-05-04,PV,M
2,"King, Devin",SR-4,SE Louisiana,5.80m,"19' 0.25""",Home Depot Clyde Littlefield Texas Relays,2018-03-28,PV,M
3,"Ludwig, Matthew",JR-3,Akron,5.71m,"18' 8.75""",Beach Invitational,2018-04-20,PV,M
4,"Richartz, Nate",SR-4,Notre Dame,5.70m,"18' 8.25""",ACC Outdoor Championships,2018-05-10,PV,M
5,"Oates, Tray",SR-4,Samford,5.66m,"18' 6.75""",Florida Relays,2018-03-29,PV,M
6,"Al Hizam, Hussain",JR-3,Kansas,5.63m,"18' 5.5""",Big 12 Conference Outdoor Track and Field Championships,2018-05-11,PV,M
7,"Wyatt, Audie",SR-4,Texas A&M,5.60m,"18' 4.5""",Home Depot Clyde Littlefield Texas Relays,2018-03-28,PV,M
7,"Volz, Deakin",JR-3,Virginia Tech,5.60m,"18' 4.5""",ACC Outdoor Championships,2018-05-10,PV,M
7,"Laidig, Torben",SR-4,Virginia Tech,5.60m,"18' 4.5""",ACC Outdoor Championships,2018-05-10,PV,M
10,"Bray, Ethan",SO-2,South Dakota,5.58m,"18' 3.75""",2018 Summit League Championships,2018-05-10,PV,M
11,"Gorski, Cole",SR-4,Ohio State,5.50m,"18' 0.5""",2018 Jim Click Shootout,2018-04-07,PV,M
11,"Collins, Sean",JR-3,South Alabama,5.50m,"18' 0.5""",Tiger Track Classic 2018,2018-04-13,PV,M
11,"Carr, Michael",JR-3,Arkansas State,5.50m,"18' 0.5""",Mississippi State Bulldog Relays,2018-03-23,PV,M
11,"Clarke, Sean",SO-2,Penn,5.50m,"18' 0.5""",IC4A/ECAC DI Outdoor Track & Field Championships,2018-05-12,PV,M
11,"Ruiz, Antonio",JR-3,Stephen F. Austin,5.50m,"18' 0.5""",Home Depot Clyde Littlefield Texas Relays,2018-03-28,PV,M
16,"Poth, Barrett",JR-3,Texas,5.48m,"17' 11.75""",Big 12 Conference Outdoor Track and Field Championships,2018-05-11,PV,M
17,"Wooten, Jacob",JR-3,Texas A&M,5.45m,"17' 10.5""",Roadrunner Invitational,2018-03-22,PV,M
17,"Benitez, Joel",FR-1,Virginia Tech,5.45m,"17' 10.5""",National Relay Championships,2018-04-27,PV,M
19,"Ehrhardt, Tim",SR-4,Michigan State,5.41m,"17' 9""",Big Ten Championships,2018-05-11,PV,M
20,"Howe, Keon",JR-3,Charlotte,5.40m,"17' 8.5""",2018 Charlotte Invitational,2018-04-13,PV,M
20,"Giliomee, Niel",SR-4,South Alabama,5.40m,"17' 8.5""",2018 South Alabama Invintational,2018-04-06,PV,M
22,"Moldau, Sander",FR-1,Washington St.,5.39m,"17' 8.25""",Bryan Clay Invitational,2018-04-19,PV,M
23,"McMichael, Drew",JR-3,Texas Tech,5.38m,"17' 7.75""",Big 12 Conference Outdoor Track and Field Championships,2018-05-11,PV,M
23,"Bray, Brandon",SO-2,Texas Tech,5.38m,"17' 7.75""",Big 12 Conference Outdoor Track and Field Championships,2018-05-11,PV,M
25,"Courtois, Cole",FR-1,Louisiana Tech,5.37m,"17' 7.25""",2018 Conference USA Outdoor Track & Field Championships,2018-05-10,PV,M
26,"Bell, David",JR-3,South Florida,5.36m,"17' 7""",UF Tom Jones Memorial,2018-04-13,PV,M
27,"Meyer, Nick",SR-4,Kansas,5.35m,"17' 6.5""",National Relay Championships,2018-04-27,PV,M
27,"Marshall, Scott",SR-4,Grand Canyon,5.35m,"17' 6.5""",Adidas Steve Scott Invitational,2018-04-27,PV,M
27,"Toney, Marc",SR-4,UC Davis,5.35m,"17' 6.5""",Beach Invitational,2018-04-20,PV,M
27,"David, Jake",JR-3,South Dakota,5.35m,"17' 6.5""",Howard Wood Dakota Relays,2018-05-04,PV,M
27,"Riddle, Cole",FR-1,Arizona State,5.35m,"17' 6.5""",39th Sun Angel Classic,2018-04-05,PV,M
27,"Larson, Garrett",SR-4,Sam Houston St.,5.35m,"17' 6.5""",Beach Invitational,2018-04-20,PV,M
33,"Bares, Lee",SR-4,Army West Point,5.32m,"17' 5.5""",Patriot League Outdoor Track & Field Championships,2018-05-04,PV,M
34,"Waters, Carson",SR-4,Liberty,5.31m,"17' 5""",Mount Olive Final Qualifier,2018-05-13,PV,M
34,"Richards, Riley",FR-1,Baylor,5.31m,"17' 5""",Michael Johnson Invitational,2018-04-21,PV,M
34,"Cobb, Coty",JR-3,Ohio State,5.31m,"17' 5""",Big Ten Championships,2018-05-11,PV,M
37,"Loontjer, Tyler",JR-3,Nebraska,5.30m,"17' 4.5""",John McDonnell Invitational,2018-04-13,PV,M
37,"Slater, Tristan",SO-2,Tennessee,5.30m,"17' 4.5""",SEC Outdoor Track and Field Championships,2018-05-11,PV,M
37,"Fritsch, Clayton",FR-1,Sam Houston St.,5.30m,"17' 4.5""",Southland Conference Outdoor Track & Field Championships,2018-05-04,PV,M
37,"Coulon, Adam",SO-2,Indiana,5.30m,"17' 4.5""",Tennessee Relays,2018-04-12,PV,M
37,"Woodley, Armand",JR-3,South Carolina,5.30m,"17' 4.5""",SEC Outdoor Track and Field Championships,2018-05-11,PV,M
37,"Womack, Ryan",JR-3,Baylor,5.30m,"17' 4.5""",National Relay Championships,2018-04-27,PV,M
37,"Smith, Chase",JR-3,Washington,5.30m,"17' 4.5""",USC Trojan Invitational,2018-03-16,PV,M
44,"Kiles, August",SR-4,Princeton,5.28m,"17' 3.75""",IC4A/ECAC DI Outdoor Track & Field Championships,2018-05-12,PV,M
44,"Benavides, Paulo",JR-3,Kansas,5.28m,"17' 3.75""",Big 12 Conference Outdoor Track and Field Championships,2018-05-11,PV,M
44,"Rogers, Kyle",FR-1,Kansas,5.28m,"17' 3.75""",Big 12 Conference Outdoor Track and Field Championships,2018-05-11,PV,M
44,"Scott, Blake",JR-3,Oklahoma State,5.28m,"17' 3.75""",Big 12 Conference Outdoor Track and Field Championships,2018-05-11,PV,M
48,"Spotswood, Jacob",FR-1,Alabama,5.27m,"17' 3.5""",UTSA Invitational,2018-03-16,PV,M
49,"Duffy, Erick",FR-1,Harvard,5.26m,"17' 3""",Ivy League Outdoor Track & Field Championships,2018-05-05,PV,M
50,"Williams, Harrison",JR-3,Stanford,5.25m,"17' 2.75""",Pac-12 Combined Events Championships,2018-05-05,PV,M
50,"Cole, Elijah",SO-2,Charlotte,5.25m,"17' 2.75""",2018 Charlotte Invitational,2018-04-13,PV,M
50,"Francom, Trent",FR-1,South Dakota St.,5.25m,"17' 2.75""",2018 Drake Relays presented by Hy-Vee,2018-04-25,PV,M
50,"Hiett, Nathan",SR-4,Arizona State,5.25m,"17' 2.75""",39th Sun Angel Classic,2018-04-05,PV,M
54,"Gary, Noah",SR-4,Michigan State,5.23m,"17' 1.75""",Spartan Invitational,2018-04-06,PV,M
55,"Peare , Matthew",FR-1,Kentucky,5.22m,"17' 1.5""",Florida Relays,2018-03-29,PV,M
55,"Skage, Greg",FR-1,Air Force,5.22m,"17' 1.5""",NoCo Challenge,2018-04-14,PV,M
57,"Hunter, Craig",SR-4,Connecticut,5.20m,"17' 0.75""",Miami Hurricane Alumni Invitational,2018-04-06,PV,M
57,"Young, Sam",SO-2,Virginia,5.20m,"17' 0.75""",Fred Hardy Invitational,2018-03-30,PV,M
57,"Shugart, Zachary",SO-2,Washington,5.20m,"17' 0.75""",Beach Invitational,2018-04-20,PV,M
57,"Guthrie, Tim",SR-4,Wisconsin,5.20m,"17' 0.75""",National Relay Championships,2018-04-27,PV,M
57,"Stevens, Connor",SO-2,Air Force,5.20m,"17' 0.75""",Beach Invitational,2018-04-20,PV,M
57,"Horstmann, Chad",SO-2,Stephen F. Austin,5.20m,"17' 0.75""",Southland Conference Outdoor Track & Field Championships,2018-05-04,PV,M
57,"Weissmann, Peyton",FR-1,Ole Miss,5.20m,"17' 0.75""",SEC Outdoor Track and Field Championships,2018-05-11,PV,M
57,"Percefull, Ben",FR-1,Houston,5.20m,"17' 0.75""",Texas Invitational,2018-04-13,PV,M
57,"LaRocca, Jacob",JR-3,Illinois,5.20m,"17' 0.75""",Beach Invitational,2018-04-20,PV,M
57,"Coulibaly, Rashid",SO-2,Wisconsin,5.20m,"17' 0.75""",Beach Invitational,2018-04-20,PV,M
57,"Champen, Christian",SO-2,Kent State,5.20m,"17' 0.75""",Home Depot Clyde Littlefield Texas Relays,2018-03-28,PV,M
68,"Beekman, Brad",SR-4,Cal Poly,5.18m,"17' 0""",2018 Big West Championships,2018-05-11,PV,M
69,"Laut, Austin",JR-3,Yale,5.17m,"16' 11.5""",War Eagle Invitational 2018,2018-04-20,PV,M
69,"Herrscher, Will",JR-3,Alabama,5.17m,"16' 11.5""",UTSA Invitational,2018-03-16,PV,M
69,"Baudoin, Kyle",JR-3,UL-Lafayette,5.17m,"16' 11.5""",Southern Miss Open,2018-04-27,PV,M
69,"Nelson, Sam",JR-3,Utah State,5.17m,"16' 11.5""",Mark Faldmo Invitational,2018-04-13,PV,M
73,"Pineda, Stefano",JR-3,Navy,5.16m,"16' 11""",Patriot League Outdoor Track & Field Championships,2018-05-04,PV,M
74,"Jazo, Cooper",SO-2,Illinois,5.15m,"16' 10.75""",Ole Miss Classic,2018-03-31,PV,M
74,"Bugner, Hayden",JR-3,Wichita State,5.15m,"16' 10.75""",The American Outdoor Track & Field Championships,2018-05-11,PV,M
74,"Rios, Raul",JR-3,BYU,5.15m,"16' 10.75""",Oregon Pepsi Invitational,2018-04-07,PV,M
74,"Harris, Michael",SO-2,Florida,5.15m,"16' 10.75""",UF Tom Jones Memorial,2018-04-13,PV,M
74,"Jarvis, Jake",SR-4,BYU,5.15m,"16' 10.75""",2018 BYU Robison Invitational,2018-04-26,PV,M
74,"Valles, Adrian",SR-4,Cincinnati,5.15m,"16' 10.75""",Tennessee Relays,2018-04-12,PV,M
80,"Cahoy, Kevin",SO-2,Nebraska,5.14m,"16' 10.25""",Big Ten Championships,2018-05-11,PV,M
81,"Ashenbremer, Ryan",FR-1,Illinois State,5.13m,"16' 10""",2018 MVC Outdoor Track & Field Championships,2018-05-11,PV,M
81,"Gonzalez, Michael",SO-2,USC,5.13m,"16' 10""",UCLA vs. USC Dual,2018-04-29,PV,M
83,"Ham, Tristan",SO-2,Prairie View,5.12m,"16' 9.5""",SWAC Outdoor Track and Field Championship,2018-05-04,PV,M
83,"Winner, Eduard",FR-1,Manhattan,5.12m,"16' 9.5""",Metro Atlantic Outdoor Track & Field Championships,2018-05-05,PV,M
85,"Powell, Spencer",SO-2,Nebraska,5.11m,"16' 9.25""",Texas Tech Corky/Crofoot Shootout,2018-04-27,PV,M
85,"Popusoi, Vladimir",JR-3,UMass Lowell,5.11m,"16' 9.25""",UMass Lowell Invitational,2018-03-31,PV,M
85,"Wigington, Hunter",FR-1,Texas Tech,5.11m,"16' 9.25""",Texas Tech Corky/Crofoot Shootout,2018-04-27,PV,M
85,"Fay, Matthew",JR-3,Bucknell,5.11m,"16' 9.25""",Patriot League Outdoor Track & Field Championships,2018-05-04,PV,M
85,"Lipe, Ryan",FR-1,Alabama,5.11m,"16' 9.25""",LSU Invitational,2018-04-28,PV,M
85,"Meaders, Nicholas",JR-3,Texas,5.11m,"16' 9.25""",Michael Johnson Invitational,2018-04-21,PV,M
91,"Pitney, Calvin",JR-3,Maryland,5.10m,"16' 8.75""",Kehoe Twilight Meet 2018,2018-05-04,PV,M
91,"Duggan, Hugh",SO-2,Samford,5.10m,"16' 8.75""",2018 South Alabama Invintational,2018-04-06,PV,M
91,"Black, Blaise",JR-3,Washington,5.10m,"16' 8.75""",USC Trojan Invitational,2018-03-16,PV,M
91,"Ballard, Gregory",SR-4,Louisiana Tech,5.10m,"16' 8.75""",The Skecher's Performance Carl Kight Invitational,2018-04-05,PV,M
91,"Dement, Jaden",JR-3,Abilene Christian,5.10m,"16' 8.75""",Southland Conference Outdoor Track & Field Championships,2018-05-04,PV,M
91,"Cohea, Colton",FR-1,Texas A&M-CC,5.10m,"16' 8.75""",Southland Conference Outdoor Track & Field Championships,2018-05-04,PV,M
91,"Summers, Ashton",JR-3,Sam Houston St.,5.10m,"16' 8.75""",Southland Conference Outdoor Track & Field Championships,2018-05-04,PV,M
98,"Chadwick, Michael",FR-1,Arizona State,5.09m,"16' 8.25""",Bryan Clay Invitational,2018-04-19,PV,M
98,"Eckles, Matthew",JR-3,Arizona State,5.09m,"16' 8.25""",Bryan Clay Invitational,2018-04-19,PV,M
100,"Nelson, Luke",SO-2,Illinois State,5.08m,"16' 8""",Illinois State Redbird Invitational,2018-04-14,PV,M
