,ATHLETE,YEAR,TEAM,TIME,MEET,MEET DATE,EVENT,GENDER
1,"Ostrander, Allie",SO-2,Boise State,9:38.57,Stanford Invitational,2018-03-30,3000S,W
2,"Bouchard, Marie",SR-4,San Francisco,9:41.32,Payton Jordan Invitational,2018-05-03,3000S,W
3,"Stoner, Paige",JR-3,Syracuse,9:50.42,ACC Outdoor Championships,2018-05-10,3000S,W
4,"Prouse, Charlotte",SO-2,New Mexico,9:50.47,Payton Jordan Invitational,2018-05-03,3000S,W
5,"Murphy, Grayson",SR-4,Utah,9:51.36,Stanford Invitational,2018-03-30,3000S,W
6,"Austin, Taylor",SR-4,Indiana State,9:54.01,Stanford Invitational,2018-03-30,3000S,W
7,"Strandemo, Madeline",SR-4,Minnesota,9:56.28,Mt. SAC Relays,2018-04-19,3000S,W
8,"Simmons, Cierra",JR-3,Utah State,9:56.60,Mountain West Outdoor Track & Field Championships,2018-05-09,3000S,W
9,"Hurta, Sage",SO-2,Colorado,9:57.28,2018 Pac-12 Track & Field Championships,2018-05-12,3000S,W
10,"Borchers, Claire",SR-4,Michigan,9:58.36,Big Ten Championships,2018-05-11,3000S,W
11,"Brown, Shelby",JR-3,Ole Miss,9:58.98,Mt. SAC Relays,2018-04-19,3000S,W
12,"Cashin, Amy",SR-4,West Virginia,9:59.40,Penn Relays,2018-04-26,3000S,W
13,"Scott, Sarah",JR-3,Oklahoma,9:59.53,Big 12 Conference Outdoor Track and Field Championships,2018-05-11,3000S,W
14,"King, Rachel",JR-3,South Dakota St.,10:01.14,Stanford Invitational,2018-03-30,3000S,W
15,"Constien, Val",JR-3,Colorado,10:02.78,2018 Pac-12 Track & Field Championships,2018-05-12,3000S,W
16,"Crosby, Nell",SR-4,Columbia,10:03.28,Virginia Challenge,2018-04-20,3000S,W
17,"Clark, Erin",SR-4,Colorado,10:04.37,OSU High Performance Meet,2018-04-27,3000S,W
18,"Bogdanova, Alsu",SR-4,Eastern Michigan,10:04.88,2018 Mid-American Conf. Outdoor Track & Field Championships,2018-05-10,3000S,W
19,"Vogelgesang, Lisa",FR-1,Ole Miss,10:06.00,SEC Outdoor Track and Field Championships,2018-05-11,3000S,W
20,"Hurley, Emma Grace",SO-2,Furman,10:06.35,Raleigh Relays,2018-03-30,3000S,W
21,"Kunc, Katy",SR-4,Kentucky,10:06.37,SEC Outdoor Track and Field Championships,2018-05-11,3000S,W
22,"Morris, Logan",SO-2,Clemson,10:07.13,ACC Outdoor Championships,2018-05-10,3000S,W
23,"Coppinger, Courtney",SR-4,Kansas,10:07.51,Big 12 Conference Outdoor Track and Field Championships,2018-05-11,3000S,W
24,"Cannon, Maddie",JR-3,BYU,10:07.52,Payton Jordan Invitational,2018-05-03,3000S,W
25,"Edwards, Sarah",SO-2,Virginia Tech,10:08.14,ACC Outdoor Championships,2018-05-10,3000S,W
26,"Clark, Devin",SO-2,Arkansas,10:08.17,2018 Cardinal Classic,2018-04-20,3000S,W
27,"Wedekind, Morgan",SR-4,Kansas State,10:08.36,Kansas Relays,2018-04-18,3000S,W
28,"McDonald, Anna",SR-4,Boise State,10:08.69,Bryan Clay Invitational,2018-04-19,3000S,W
29,"Steelman , Hannah",FR-1,Wofford,10:09.39,Southern Conference Outdoor Track & Field Championships,2018-05-10,3000S,W
30,"Duca, Paige",SO-2,Boston College,10:09.55,Penn Relays,2018-04-26,3000S,W
31,"Brumley, Briar",JR-3,Cornell,10:09.96,Ivy League Outdoor Track & Field Championships,2018-05-05,3000S,W
32,"Jennings, Gabrielle",SO-2,Furman,10:10.41,Payton Jordan Invitational,2018-05-03,3000S,W
33,"Zieve, Sarah",SR-4,Michigan,10:11.07,Battle of the Blues,2018-04-06,3000S,W
34,"Lindsley, Greta",SR-4,Penn State,10:11.29,Virginia Challenge,2018-04-20,3000S,W
35,"Gear, Kristlin",FR-1,Furman,10:12.72,Raleigh Relays,2018-03-30,3000S,W
36,"Lloyd, Meghan",JR-3,Texas,10:13.35,Home Depot Clyde Littlefield Texas Relays,2018-03-28,3000S,W
37,"Hukka, Minttu",JR-3,Boise State,10:13.63,Stanford Invitational,2018-03-30,3000S,W
38,"Orie, Gabrielle",FR-1,Cornell,10:13.84,Ivy League Outdoor Track & Field Championships,2018-05-05,3000S,W
39,"Borchers, Emily",SO-2,Dayton,10:13.89,A-10 Championships,2018-05-05,3000S,W
40,"Smith, Karrigan",SO-2,Michigan State,10:14.05,Virginia Challenge,2018-04-20,3000S,W
41,"Welsh, Athena",SO-2,Toledo,10:14.33,2018 Mid-American Conf. Outdoor Track & Field Championships,2018-05-10,3000S,W
42,"Nichwitz, Rachel",SO-2,Arkansas,10:14.59,Stanford Invitational,2018-03-30,3000S,W
43,"Vovk, Alesha",SR-4,Miami (Ohio),10:15.06,2018 Mid-American Conf. Outdoor Track & Field Championships,2018-05-10,3000S,W
44,"Sapone, Lauren",SO-2,Dartmouth,10:16.50,Ivy League Outdoor Track & Field Championships,2018-05-05,3000S,W
45,"Oakes, Jordan",FR-1,Stanford,10:17.14,2018 Pac-12 Track & Field Championships,2018-05-12,3000S,W
46,"Scheriff, Jessica",JR-3,Iona,10:17.37,IC4A/ECAC DI Outdoor Track & Field Championships,2018-05-12,3000S,W
47,"Mancini, Grace",SO-2,La Salle,10:18.08,A-10 Championships,2018-05-05,3000S,W
48,"Stevenson, Julia",SO-2,Dartmouth,10:18.36,Sam Howell Invitational,2018-04-06,3000S,W
49,"Leach, Brighie",JR-3,Princeton,10:18.49,IC4A/ECAC DI Outdoor Track & Field Championships,2018-05-12,3000S,W
50,"Hayes, Kelly",SR-4,Pittsburgh,10:18.64,ACC Outdoor Championships,2018-05-10,3000S,W
51,"Doll, Kayla",SR-4,Kansas State,10:18.76,2018 Drake Relays presented by Hy-Vee,2018-04-25,3000S,W
52,"Niggemann, Alissa",FR-1,Wisconsin,10:18.89,Big Ten Championships,2018-05-11,3000S,W
53,"Blake, Bridget",SR-4,Michigan State,10:19.10,Big Ten Championships,2018-05-11,3000S,W
54,"Beattie, Grace",SO-2,Illinois State,10:19.77,Virginia Challenge,2018-04-20,3000S,W
55,"Hime, Regan",SR-4,Arkansas,10:19.96,2018 Cardinal Classic,2018-04-20,3000S,W
56,"Applegate, Molly",SR-4,William and Mary,10:20.07,2018 Dan Stimson Memorial Quad,2018-03-24,3000S,W
57,"Hamlin, Emily",JR-3,Washington,10:20.49,2018 Pac-12 Track & Field Championships,2018-05-12,3000S,W
58,"Hoj, Olivia",SO-2,BYU,10:20.53,Bryan Clay Invitational,2018-04-19,3000S,W
59,"Melly, Erin",SR-4,Columbia,10:21.00,IC4A/ECAC DI Outdoor Track & Field Championships,2018-05-12,3000S,W
60,"Medved, Sarah",JR-3,Portland State,10:21.56,Mt. SAC Relays,2018-04-19,3000S,W
61,"Carlson, Patricia",FR-1,Montana State,10:21.63,Mt. SAC Relays,2018-04-19,3000S,W
62,"Naumann, Kelly",JR-3,Iowa State,10:21.93,Stanford Invitational,2018-03-30,3000S,W
63,"Scott, Ciara",SR-4,Eastern Kentucky,10:22.25,Virginia Challenge,2018-04-20,3000S,W
64,"French, Anna",SO-2,Montana State,10:22.95,UCSD Triton Invitational,2018-04-13,3000S,W
65,"Cullen, Margie",SO-2,Georgetown,10:23.10,Stanford Invitational,2018-03-30,3000S,W
66,"Holland, Sanne",SR-4,Colorado St.,10:23.74,Mountain West Outdoor Track & Field Championships,2018-05-09,3000S,W
67,"Sullivan, Grace",JR-3,East Carolina,10:23.92,Virginia Challenge,2018-04-20,3000S,W
68,"Rizzo, Meredith",SR-4,Georgetown,10:24.17,Stanford Invitational,2018-03-30,3000S,W
69,"Gee, Emma",JR-3,BYU,10:24.33,Bryan Clay Invitational,2018-04-19,3000S,W
70,"Negron, Alondra",FR-1,New Mexico,10:24.45,Bryan Clay Invitational,2018-04-19,3000S,W
71,"Harris, Haley",JR-3,Indiana,10:24.81,Florida Relays,2018-03-29,3000S,W
72,"Gollnick, Hailey",SR-4,Georgia Tech,10:24.99,ACC Outdoor Championships,2018-05-10,3000S,W
73,"Fisher, Laurel",JR-3,Fordham,10:25.01,A-10 Championships,2018-05-05,3000S,W
74,"Width, Kristiane",SR-4,Oregon State,10:25.67,Bryan Clay Invitational,2018-04-19,3000S,W
75,"Harris , Alex",FR-1,Villanova,10:25.69,Penn Relays,2018-04-26,3000S,W
76,"Musselman, Sara",FR-1,BYU,10:25.99,Sacramento State Open,2018-05-05,3000S,W
77,"Wojeski, Brooke",SR-4,Northeastern,10:26.37,NEICAAA Outdoor Track & Field Championships,2018-05-11,3000S,W
78,"Barlow, Stephanie",SR-4,Toledo,10:26.48,Raleigh Relays,2018-03-30,3000S,W
79,"Pearce, Weslie",SR-4,UC Riverside,10:26.68,Adidas Steve Scott Invitational,2018-04-27,3000S,W
80,"Ilse, Morgan",JR-3,North Carolina,10:26.80,ACC Outdoor Championships,2018-05-10,3000S,W
81,"Broschard, Gabrielle",JR-3,Purdue,10:26.97,Big Ten Championships,2018-05-11,3000S,W
82,"Donaghu, Ella",FR-1,Stanford,10:26.99,Stanford Invitational,2018-03-30,3000S,W
83,"Barnes, Ashley",SO-2,Tulsa,10:27.10,The American Outdoor Track & Field Championships,2018-05-11,3000S,W
84,"Leiher, Sydney",SR-4,Syracuse,10:27.20,ACC Outdoor Championships,2018-05-10,3000S,W
85,"Christen, Hannah",SR-4,Ole Miss,10:27.30,SEC Outdoor Track and Field Championships,2018-05-11,3000S,W
86,"Scharmann, Emily",SR-4,UCLA,10:27.33,Jim Bush / Bob Larsen Invitational,2018-03-31,3000S,W
87,"Gil-Echevarria, Paula",SR-4,Eastern Washington,10:27.41,Mt. SAC Relays,2018-04-19,3000S,W
88,"MacLean, Heather",SR-4,UMass Amherst,10:27.59,Minuteman Invitational,2018-04-07,3000S,W
89,"Mount, Juliana",JR-3,Oregon State,10:27.80,Oregon Twilight,2018-05-04,3000S,W
90,"Heinst, Famke",FR-1,High Point,10:27.94,Virginia Challenge,2018-04-20,3000S,W
91,"Catania, Julianna",SO-2,Penn,10:28.23,Penn Relays,2018-04-26,3000S,W
92,"Martino, Dani",JR-3,Iona,10:28.73,Metro Atlantic Outdoor Track & Field Championships,2018-05-05,3000S,W
93,"Crawford, Ashleigh",SO-2,Lehigh,10:28.77,2018 Larry Ellis Invitational,2018-04-20,3000S,W
94,"Walden, Cheyenne",FR-1,Oklahoma State,10:28.95,Big 12 Conference Outdoor Track and Field Championships,2018-05-11,3000S,W
95,"Blanks, Lindsey",SO-2,Air Force,10:29.04,Mt. SAC Relays,2018-04-19,3000S,W
96,"Boos, Annie",FR-1,California,10:29.19,2018 Pac-12 Track & Field Championships,2018-05-12,3000S,W
97,"Huglen, Madeline",JR-3,South Dakota,10:29.39,Mt. SAC Relays,2018-04-19,3000S,W
98,"Juul, Anna",FR-1,Harvard,10:29.51,Penn Relays,2018-04-26,3000S,W
99,"Ferron, Kayla",SR-4,Arizona,10:29.69,2018 Pac-12 Track & Field Championships,2018-05-12,3000S,W
100,"Mills, Eryn",JR-3,Richmond,10:30.23,A-10 Championships,2018-05-05,3000S,W
1,"Kipp, Shalaya",SR-4,Colorado,9:39.12,Payton Jordan Cardinal Invitational,2014-05-04,3000S,W
2,"Sorna, Rachel",SR-4,Cornell,9:43.48,Larry Ellis Invitational,2014-04-16,3000S,W
3,"O'Connor, Leah",JR-3,Michigan State,9:44.35,Larry Ellis Invitational,2014-04-16,3000S,W
4,"Johnson, Rachel",JR-3,Baylor,9:49.31,Stanford Invitational,2014-04-04,3000S,W
5,"Heymsfield, Grace",SR-4,Arkansas,9:53.65,Payton Jordan Cardinal Invitational,2014-05-04,3000S,W
6,"Quigley, Colleen",JR-3,Florida State,9:56.96,Crimson Tide Invitational,2014-04-05,3000S,W
7,"Griesche, Cornelia",SO-2,Miss State,10:00.58,SEC Outdoor Championship,2014-05-15,3000S,W
8,"Howard, Marisa",JR-3,Boise State,10:00.79,Payton Jordan Cardinal Invitational,2014-05-04,3000S,W
9,"Patrignelli, Megan",SR-4,Oregon,10:03.82,Payton Jordan Cardinal Invitational,2014-05-04,3000S,W
10,"Leptich, Alex",SR-4,Michigan,10:04.86,Virginia-Cal-Michigan,2014-04-05,3000S,W
11,"Voronko, Victoria",JR-3,Eastern Michigan,10:05.94,Mid-American Outdoor Track & Field Championships,2014-05-15,3000S,W
12,"Aragon, Alexa",SR-4,Notre Dame,10:06.13,Virginia Challenge,2014-05-09,3000S,W
13,"Woolven, Pippa",SO-2,Florida State,10:06.45,Payton Jordan Cardinal Invitational,2014-05-04,3000S,W
14,"Rehberg, Maya",FR-1,Iona,10:07.61,Mt. SAC Relays,2014-04-17,3000S,W
15,"Doney, Blair",SR-4,Purdue,10:08.23,2014 Drake Relays presented by Hy-Vee,2014-04-23,3000S,W
16,"Butterworth, Alycia",JR-3,Idaho,10:08.64,Payton Jordan Cardinal Invitational,2014-05-04,3000S,W
17,"Kamilos, Jessica",SO-2,Arkansas,10:08.73,SEC Outdoor Championship,2014-05-15,3000S,W
18,"Chojnacky, Mackenzie",JR-3,Toledo,10:09.28,Mid-American Outdoor Track & Field Championships,2014-05-15,3000S,W
19,"Harrison, Andrea",JR-3,BYU,10:09.86,Stanford Invitational,2014-04-04,3000S,W
20,"Landwehr, Katie",SO-2,Michigan State,10:09.87,Larry Ellis Invitational,2014-04-16,3000S,W
20,"Olson, Heather",SR-4,Rice,10:09.87,Conference USA Outdoor Track & Field Championships,2014-05-15,3000S,W
22,"Zillmer, Kristen",SR-4,Illinois State,10:10.72,2014 MVC Outdoor Track & Field Championships,2014-05-16,3000S,W
23,"Weschler, Megan",SR-4,Michigan,10:11.56,Virginia-Cal-Michigan,2014-04-05,3000S,W
24,"Menghini, Krista",JR-3,Southern Illinois,10:12.54,2014 MVC Outdoor Track & Field Championships,2014-05-16,3000S,W
25,"Wilson, Charlotte",SR-4,North Texas,10:13.10,Conference USA Outdoor Track & Field Championships,2014-05-15,3000S,W
26,"Weiler, Liz",SO-2,Toledo,10:13.54,Mid-American Outdoor Track & Field Championships,2014-05-15,3000S,W
27,"Budd, Kelli",SR-4,Minnesota,10:14.53,2014 Drake Relays presented by Hy-Vee,2014-04-23,3000S,W
28,"Dahl, Emma",JR-3,Arkansas-Little Rock,10:15.20,Stanford Invitational,2014-04-04,3000S,W
29,"Demorest, Heather",JR-3,Montana State,10:15.75,Payton Jordan Cardinal Invitational,2014-05-04,3000S,W
30,"Lystad, Tansey",SO-2,Portland,10:15.83,Stanford Invitational,2014-04-04,3000S,W
31,"George, Diana",SR-4,Cal Poly,10:15.93,Stanford Invitational,2014-04-04,3000S,W
32,"Tresch, Martina",SR-4,Kansas State,10:16.08,Stanford Invitational,2014-04-04,3000S,W
33,"Delozier, Sarah",JR-3,Dartmouth,10:16.38,Larry Ellis Invitational,2014-04-16,3000S,W
34,"Bird, Elizabeth",FR-1,Princeton,10:16.47,Penn Relays,2014-04-24,3000S,W
35,"Young, Lucy",FR-1,Northeastern,10:17.05,2014 ECAC-IC4A Outdoor Championships,2014-05-16,3000S,W
36,"Mahoney, Katie",SO-2,Eastern Washington,10:17.34,Mt. SAC Relays,2014-04-17,3000S,W
37,"Martinelli, Sarah",SR-4,West Virginia,10:17.38,Stanford Invitational,2014-04-04,3000S,W
38,"Magnusson, Tova",FR-1,SMU,10:17.84,The American Outdoor Track & Field Championships,2014-05-02,3000S,W
39,"Ginther, Samantha",SR-4,Indiana,10:17.86,Big Ten Outdoor Track & Field Championships,2014-05-16,3000S,W
40,"Sumney, Shaina",SR-4,UNC-Greensboro,10:18.13,Payton Jordan Cardinal Invitational,2014-05-04,3000S,W
41,"Ziegler, Lisa",FR-1,Miss State,10:18.51,Mt. SAC Relays,2014-04-17,3000S,W
41,"Winslow, Danielle",SO-2,Boston College,10:18.51,2014 ECAC-IC4A Outdoor Championships,2014-05-16,3000S,W
43,"Miller, Liberty",JR-3,Washington,10:18.56,Pac-12 Outdoor Track and Field Championships,2014-05-17,3000S,W
44,"Souza, Shanoah",SO-2,SMU,10:18.74,The American Outdoor Track & Field Championships,2014-05-02,3000S,W
45,"Nickle, Sharlene",SR-4,Texas Tech,10:18.92,Stanford Invitational,2014-04-04,3000S,W
46,"Moraczewski, Katie",SR-4,Minnesota,10:19.51,Stanford Invitational,2014-04-04,3000S,W
47,"Cheruiyot, Benadate",SO-2,Louisville,10:19.64,The American Outdoor Track & Field Championships,2014-05-02,3000S,W
48,"Neigel, Emma",JR-3,Miss State,10:19.70,LSU Battle on the Bayou,2014-04-05,3000S,W
49,"Webb, Louise",JR-3,Lamar,10:19.83,Mt. SAC Relays,2014-04-17,3000S,W
50,"Gerlach, Tori",SO-2,Penn State,10:20.55,Big Ten Outdoor Track & Field Championships,2014-05-16,3000S,W
51,"Setzler, Erika",SR-4,Central Arkansas,10:20.56,Southland Conference Track & Field Championship,2014-05-09,3000S,W
52,"Fouhy, Vicky",SR-4,Virginia,10:20.63,Virginia Challenge,2014-05-09,3000S,W
53,"Arrigoni, Catie",SO-2,Eastern Washington,10:20.75,OSU High Performance - Colleges,2014-05-01,3000S,W
54,"Benson, Abbie",JR-3,Penn State,10:20.76,Stanford Invitational,2014-04-04,3000S,W
55,"Meyer, Svenja",SR-4,Jacksonville,10:20.80,Florida Relays,2014-04-03,3000S,W
56,"Cargill, Nicole",SR-4,Dayton,10:20.88,Mt. SAC Relays,2014-04-17,3000S,W
57,"Garry, Kira",JR-3,Yale,10:21.01,Stanford Invitational,2014-04-04,3000S,W
58,"Norman, Samantha",SR-4,North Carolina St.,10:21.16,Payton Jordan Cardinal Invitational,2014-05-04,3000S,W
59,"Wood, Courtney",JR-3,Missouri,10:21.32,SEC Outdoor Championship,2014-05-15,3000S,W
60,"Ritter, Emily",JR-3,Rider,10:21.82,2014 ECAC-IC4A Outdoor Championships,2014-05-16,3000S,W
61,"McShea, Kelly",JR-3,Illinois State,10:21.93,2014 MVC Outdoor Track & Field Championships,2014-05-16,3000S,W
62,"Greenleaf, Katelyn",SO-2,Alabama,10:22.02,SEC Outdoor Championship,2014-05-15,3000S,W
63,"Redd, Jennica",JR-3,BYU,10:22.69,Virginia Challenge,2014-05-09,3000S,W
64,"Darnell, Sadie",JR-3,Southern Illinois,10:23.11,2014 MVC Outdoor Track & Field Championships,2014-05-16,3000S,W
65,"Chandler, Rebecca",JR-3,Vanderbilt,10:23.17,SEC Outdoor Championship,2014-05-15,3000S,W
66,"Schmelzle, Hope",FR-1,Purdue,10:23.38,Big Ten Outdoor Track & Field Championships,2014-05-16,3000S,W
67,"Teschuk, Erin",SO-2,North Dakota St.,10:23.75,Bryan Clay Invitational,2014-04-18,3000S,W
68,"DeStefano, Audra",FR-1,Wyoming,10:24.03@,Cowpoke Open,2014-05-03,3000S,W
69,"Leiher, Sydney",FR-1,Syracuse,10:24.39,Stanford Invitational,2014-04-04,3000S,W
70,"Formaz, Clea",JR-3,Arizona,10:24.40,Mt. SAC Relays,2014-04-17,3000S,W
71,"McDaniel, Bret",JR-3,Georgia,10:24.73,Florida Relays,2014-04-03,3000S,W
72,"Chevillard, Cecile",SO-2,Eastern Kentucky,10:25.08,Virginia Challenge,2014-05-09,3000S,W
73,"Hanenburg, Kaitlin",SR-4,Colorado St.,10:25.53,Payton Jordan Cardinal Invitational,2014-05-04,3000S,W
74,"Showalter, Katharine",SR-4,Georgia State,10:25.69,Georgia Tech Invitational,2014-05-16,3000S,W
75,"Hood, Nicola",JR-3,New Mexico,10:26.00,Bryan Clay Invitational,2014-04-18,3000S,W
76,"Palermo, Valerie",FR-1,Duquesne,10:26.10,Atlantic 10 Championships,2014-05-03,3000S,W
77,"DeVoe, Claire",SO-2,Cornell,10:26.14,Larry Ellis Invitational,2014-04-16,3000S,W
78,"Johnson, Brianna",SO-2,Indiana,10:26.22,Penn Relays,2014-04-24,3000S,W
79,"Givens, Susan Rachel",FR-1,Auburn,10:26.25,SEC Outdoor Championship,2014-05-15,3000S,W
80,"Urick, Kaila",SO-2,Minnesota,10:26.52,Big Ten Outdoor Track & Field Championships,2014-05-16,3000S,W
81,"Nun, Melanie",FR-1,Colorado,10:26.56,Pac-12 Outdoor Track and Field Championships,2014-05-17,3000S,W
82,"Cawley, Erin",SR-4,Wisconsin,10:26.60,Big Ten Outdoor Track & Field Championships,2014-05-16,3000S,W
83,"Marches, Brittany",SR-4,Texas,10:26.90,Stanford Invitational,2014-04-04,3000S,W
84,"Berry, Ashley",SR-4,Duke,10:27.50,Georgia Tech Invitational,2014-05-16,3000S,W
85,"Sumney, Chelsea",SR-4,UNC-Greensboro,10:27.64,Virginia Challenge,2014-05-09,3000S,W
86,"Joseph, Amira",JR-3,Vanderbilt,10:27.72,Mt. SAC Relays,2014-04-17,3000S,W
87,"Mercer, Erin",SR-4,North Carolina St.,10:27.84,Payton Jordan Cardinal Invitational,2014-05-04,3000S,W
88,"Castrogivanni, Brianna",SR-4,Sacred Heart,10:27.86,NEICAAA Outdoor Track & Field Championships,2014-05-08,3000S,W
89,"Hodson-Davies, Brooke",SR-4,Utah Valley,10:27.98,Occidental Distance Carnival and Sprints Festival,2014-03-14,3000S,W
90,"Bushman, Brittany",SR-4,Utah State,10:28.18,2014 Brutus Hamilton Open,2014-04-25,3000S,W
91,"Hilton, Nicole",JR-3,Ohio State,10:28.27,Big Ten Outdoor Track & Field Championships,2014-05-16,3000S,W
92,"Woodruff, Chelsi",SR-4,Florida State,10:28.31,FSU Twilight,2014-05-09,3000S,W
93,"Kirsch, Demerey",JR-3,Nevada,10:28.57,Stanford Invitational,2014-04-04,3000S,W
94,"Talbert, Madelin",SO-2,Lipscomb,10:28.76,Atlantic Sun Outdoor Track and Field Championships,2014-05-16,3000S,W
95,"Gil-Echevarria, Paula",FR-1,Eastern Washington,10:29.03,OSU High Performance - Colleges,2014-05-01,3000S,W
96,"Baker, Elle",JR-3,North Florida,10:29.16,FSU Twilight,2014-05-09,3000S,W
97,"Novotna, Tereza",JR-3,Elon,10:29.28,Wolfpack Last Chance,2014-05-16,3000S,W
98,"Yuan, Megan",FR-1,West Virginia,10:30.16,Virginia Challenge,2014-05-09,3000S,W
99,"Roberts, Nicole",JR-3,New Mexico,10:30.52,Payton Jordan Cardinal Invitational,2014-05-04,3000S,W
100,"O'Dea, Jordan",FR-1,Northeastern,10:30.85,2014 ECAC-IC4A Outdoor Championships,2014-05-16,3000S,W
1,"Purrier, Elinor",JR-3,New Hampshire,9:43.65,2017 Ocean State Invitational,2017-04-15,3000S,W
2,"Gerlach, Tori",SR-4,Penn State,9:50.60,Bison Outdoor Classic,2017-04-14,3000S,W
3,"Strandemo, Madeline",JR-3,Minnesota,9:51.83,Big Ten Outdoor Championships,2017-05-12,3000S,W
4,"Ostrander, Allie",FR-1,Boise State,9:55.61,Stanford Invitational,2017-03-31,3000S,W
5,"Ilarda, Brianna",JR-3,Providence,9:56.33,BIG EAST Outdoor Track & Field Championships,2017-05-12,3000S,W
6,"Rush, Kristi",SR-4,BYU,9:57.72,Mt. SAC Relays,2017-04-13,3000S,W
7,"Birk, Erica",SO-2,BYU,9:58.22,Mt. SAC Relays,2017-04-13,3000S,W
8,"Borchers, Claire",JR-3,Michigan,9:58.45,Big Ten Outdoor Championships,2017-05-12,3000S,W
9,"Donegan, Laura Rose",SR-4,New Hampshire,10:02.53,NEICAAA Outdoor Track & Field Championships,2017-05-12,3000S,W
10,"Kunc, Katy",JR-3,Kentucky,10:02.95,SEC Outdoor Track & Field Championships,2017-05-11,3000S,W
11,"Schmelzle, Hope",SR-4,Northern Illinois,10:04.17,2017 Drake Relays presented by Hy-Vee,2017-04-26,3000S,W
12,"Wayment, Courtney",FR-1,BYU,10:04.43,Stanford Invitational,2017-03-31,3000S,W
13,"Edwards, Sarah",FR-1,Virginia Tech,10:05.58,ACC Outdoor Track & Field Championships,2017-05-12,3000S,W
14,"Murphy, Grayson",JR-3,Utah,10:05.77,Oregon State University High Performance,2017-04-28,3000S,W
15,"Abrahamson, Ellie",SR-4,Wake Forest,10:06.42,ACC Outdoor Track & Field Championships,2017-05-12,3000S,W
16,"Boreman, Madison",FR-1,Colorado,10:06.83,Pac-12 Championships,2017-05-13,3000S,W
17,"Stoner, Paige",SO-2,Syracuse,10:06.98,ACC Outdoor Track & Field Championships,2017-05-12,3000S,W
18,"Yarrow, Laura",SR-4,Colorado St.,10:07.85,Mt. SAC Relays,2017-04-13,3000S,W
19,"Hurta, Sage",FR-1,Colorado,10:07.87,Pac-12 Championships,2017-05-13,3000S,W
20,"Rizzo, Meredith",SR-4,Yale,10:07.93,2017 Larry Ellis Invitational,2017-04-21,3000S,W
21,"Clark, Devin",SO-2,Arkansas,10:08.15,Bryan Clay Invite,2017-04-13,3000S,W
22,"Ward, Regan",JR-3,Arkansas,10:08.23,SEC Outdoor Track & Field Championships,2017-05-11,3000S,W
23,"Bird, Elizabeth",SR-4,Princeton,10:09.04,2017 Larry Ellis Invitational,2017-04-21,3000S,W
24,"Eisenberg, Christine",SR-4,Stony Brook,10:09.45,Penn Relays,2017-04-27,3000S,W
25,"Janssen, Taylor",SR-4,North Dakota State,10:10.14,Mt. SAC Relays,2017-04-13,3000S,W
26,"Child, Ellie",SR-4,Weber State,10:10.38,Bryan Clay Invite,2017-04-13,3000S,W
27,"King, Rachel",SO-2,South Dakota St.,10:10.71,Mt. SAC Relays,2017-04-13,3000S,W
28,"Bogdanova, Alsu",JR-3,Eastern Michigan,10:11.49,Mid-American Outdoor Track & Field Championships,2017-05-11,3000S,W
29,"Brown, Shelby",JR-3,Ole Miss,10:11.69,SEC Outdoor Track & Field Championships,2017-05-11,3000S,W
30,"Garner, Emma",JR-3,Samford,10:11.76,Southern Conference Outdoor Championships 2017,2017-05-11,3000S,W
31,"McCaslin, Caroline",SR-4,Kentucky,10:11.84,SEC Outdoor Track & Field Championships,2017-05-11,3000S,W
32,"Richardson, Mikayla",FR-1,Virginia Tech,10:11.89,ACC Outdoor Track & Field Championships,2017-05-12,3000S,W
33,"Lincks, Janelle",SR-4,Colorado St.,10:12.39@,Mountain West Outdoor Track & Field Championships,2017-05-10,3000S,W
34,"Simmons, Cierra",SO-2,Utah State,10:12.52,Mt. SAC Relays,2017-04-13,3000S,W
35,"Brumley, Briar",SO-2,Cornell,10:13.03,2017 Larry Ellis Invitational,2017-04-21,3000S,W
36,"Austin, Taylor",JR-3,Indiana State,10:13.42,2017 Drake Relays presented by Hy-Vee,2017-04-26,3000S,W
37,"Gallop, Cora",SO-2,Nevada,10:14.73,Bob Larsen Distance Carnival/UCLA Legends Invite,2017-03-31,3000S,W
38,"Myers, Emily",SR-4,Nevada,10:15.22,Stanford Cardinal Classic,2017-04-21,3000S,W
39,"Katz, Danielle",SR-4,Stanford,10:15.60,Stanford Cardinal Classic,2017-04-21,3000S,W
40,"Wedekind, Morgan",JR-3,Kansas State,10:15.62,Big 12 Outdoor Track & Field Championships,2017-05-12,3000S,W
41,"Zieve, Sarah",JR-3,Michigan,10:15.82,Penn Relays,2017-04-27,3000S,W
42,"Bernal, Natasha",SO-2,New Mexico,10:15.90,Stanford Cardinal Classic,2017-04-21,3000S,W
43,"Noser, Claire",SR-4,Louisville,10:15.98,ACC Outdoor Track & Field Championships,2017-05-12,3000S,W
44,"Henderson, Maura",SO-2,Lehigh,10:16.93,Patriot League Outdoor Track & Field Championships,2017-05-05,3000S,W
45,"Cashin, Amy",JR-3,West Virginia,10:18.08,Big 12 Outdoor Track & Field Championships,2017-05-12,3000S,W
46,"DeStefano, Audra",SR-4,Wyoming,10:18.38@,Mountain West Outdoor Track & Field Championships,2017-05-10,3000S,W
47,"Crosby, Nell",SO-2,Columbia,10:18.41,Virginia Challenge,2017-04-21,3000S,W
48,"Burr, Ashley",SR-4,Oakland,10:18.44,"Hillsdale ""Last-Chance"" Classic",2017-05-10,3000S,W
49,"Berge, Frida",SR-4,Oregon,10:18.46,Pac-12 Championships,2017-05-13,3000S,W
50,"Handchen, Ashleigh",SR-4,Charlotte,10:19.48,Penn Relays,2017-04-27,3000S,W
51,"Coppinger, Courtney",JR-3,Kansas,10:19.62,Big 12 Outdoor Track & Field Championships,2017-05-12,3000S,W
52,"Souza, Shanoah",SR-4,SMU,10:19.93,The American Outdoor Track & Field Championships,2017-05-12,3000S,W
53,"O'Dea, Jordan",SR-4,Northeastern,10:19.98,2017 Ocean State Invitational,2017-04-15,3000S,W
54,"Lloyd, Meghan",SO-2,Texas,10:20.37,Stanford Cardinal Classic,2017-04-21,3000S,W
55,"Nichwitz, Rachel",FR-1,Arkansas,10:21.04,SEC Outdoor Track & Field Championships,2017-05-11,3000S,W
56,"Waggoner, Hannah",SR-4,Alabama,10:21.12,Stanford Invitational,2017-03-31,3000S,W
57,"Schroeder, Alaina",SO-2,Kansas,10:21.37,Big 12 Outdoor Track & Field Championships,2017-05-12,3000S,W
58,"Naumann, Kelly",SO-2,Iowa State,10:21.45,2017 Drake Relays presented by Hy-Vee,2017-04-26,3000S,W
59,"Smith, Karrigan",FR-1,Michigan State,10:21.51,Virginia Challenge,2017-04-21,3000S,W
60,"Holland, Sanne",JR-3,Colorado St.,10:21.52,Mt. SAC Relays,2017-04-13,3000S,W
61,"Doll, Kayla",JR-3,Kansas State,10:21.53,Big 12 Outdoor Track & Field Championships,2017-05-12,3000S,W
62,"Parkinson, Tori",SR-4,Utah State,10:21.68,Stanford Cardinal Classic,2017-04-21,3000S,W
63,"Lindsley, Greta",JR-3,Penn State,10:22.09,Big Ten Outdoor Championships,2017-05-12,3000S,W
64,"Bordes, Megan",SR-4,California,10:22.24,The Big Meet,2017-04-08,3000S,W
65,"Kanney, Sarah",FR-1,Ohio State,10:22.74,Big Ten Outdoor Championships,2017-05-12,3000S,W
66,"Tertsch, Lisa",FR-1,Harvard,10:22.76,Stanford Cardinal Classic,2017-04-21,3000S,W
67,"Mount, Juliana",SO-2,Oregon State,10:22.97,Oregon State University High Performance,2017-04-28,3000S,W
68,"John, Jannika",SR-4,Lamar,10:23.02,Southland Conference Outdoor Championship,2017-05-12,3000S,W
69,"Eastman, Autumn",JR-3,Georgetown,10:23.12,BIG EAST Outdoor Track & Field Championships,2017-05-12,3000S,W
70,"Gibbons, Grace",SO-2,Iowa State,10:23.19,Stanford Invitational,2017-03-31,3000S,W
71,"Kemper, Kacey",JR-3,Lipscomb,10:23.22,Crimson Tide Invitational,2017-04-07,3000S,W
72,"Bortfeld, Devon",JR-3,Washington St.,10:23.28,Mt. SAC Relays,2017-04-13,3000S,W
73,"Morris, Logan",FR-1,Clemson,10:23.31,ACC Outdoor Track & Field Championships,2017-05-12,3000S,W
74,"Leiher, Sydney",JR-3,Syracuse,10:23.38,ACC Outdoor Track & Field Championships,2017-05-12,3000S,W
75,"Scott, Sarah",JR-3,Oklahoma,10:23.42,Big 12 Outdoor Track & Field Championships,2017-05-12,3000S,W
76,"McDonald, Anna",JR-3,Boise State,10:23.67,San Francisco State Distance Carnival,2017-03-31,3000S,W
77,"Kent, Sasha",SR-4,Idaho State,10:23.76,2017 Big Sky Outdoor Track & Field Championships,2017-05-10,3000S,W
78,"Palermo, Valerie",SR-4,Duquesne,10:24.00,Atlantic 10 Outdoor Track & Field Championships,2017-05-06,3000S,W
79,"Bailey, Jessica",JR-3,Montana,10:24.09,2017 Big Sky Outdoor Track & Field Championships,2017-05-10,3000S,W
80,"Brookover, Hannah",FR-1,Florida,10:24.23,Florida Relays,2017-03-30,3000S,W
81,"Pearce, Weslie",JR-3,UC Riverside,10:24.24,2017 Big West Track & Field Championships,2017-05-12,3000S,W
82,"Yuan , Meg",SR-4,West Virginia,10:24.38,Big 12 Outdoor Track & Field Championships,2017-05-12,3000S,W
83,"Chandler, Sarah",SR-4,Bucknell,10:24.71,IC4A/ECAC Outdoor Track & Field Championships,2017-05-12,3000S,W
84,"Jennings, Gabrielle",FR-1,Furman,10:25.02,Raleigh Relays,2017-03-24,3000S,W
85,"Gallein, Sofie",JR-3,Eastern Michigan,10:25.31,Mid-American Outdoor Track & Field Championships,2017-05-11,3000S,W
86,"Melly, Erin",JR-3,Columbia,10:25.59,IC4A/ECAC Outdoor Track & Field Championships,2017-05-12,3000S,W
87,"Topham, Rebekah",SO-2,Wichita State,10:25.89,Stanford Invitational,2017-03-31,3000S,W
88,"Bote Gonzalez, Marta",JR-3,Iowa,10:25.98,Big Ten Outdoor Championships,2017-05-12,3000S,W
89,"Haas, Miranda",SR-4,Oakland,10:26.15,"Hillsdale ""Last-Chance"" Classic",2017-05-10,3000S,W
90,"Dwyer, Emily",SR-4,Washington St.,10:26.19,Mt. SAC Relays,2017-04-13,3000S,W
91,"Sierra, Selena",SR-4,Houston,10:26.41,Mt. SAC Relays,2017-04-13,3000S,W
92,"Akerley, Courtney",SO-2,Connecticut,10:26.44,The American Outdoor Track & Field Championships,2017-05-12,3000S,W
93,"Hansen, Amy",JR-3,Kentucky,10:26.45,SEC Outdoor Track & Field Championships,2017-05-11,3000S,W
94,"Sughroue, Molly",JR-3,Oklahoma State,10:26.82,Stanford Cardinal Classic,2017-04-21,3000S,W
95,"Goyette, Maxine",SR-4,UC Santa Barbara,10:27.27,Mt. SAC Relays,2017-04-13,3000S,W
96,"Bobart, Valerie",JR-3,Illinois,10:27.46,Bryan Clay Invite,2017-04-13,3000S,W
97,"Pederson, Carly",SR-4,Northern Illinois,10:27.77,Mid-American Outdoor Track & Field Championships,2017-05-11,3000S,W
98,"Mundell, Tessa",SR-4,James Madison,10:27.92,IC4A/ECAC Outdoor Track & Field Championships,2017-05-12,3000S,W
99,"Giese, Alexandria",SR-4,New Hampshire,10:28.29,NEICAAA Outdoor Track & Field Championships,2017-05-12,3000S,W
100,"Hayes, Kelly",JR-3,Pittsburgh,10:28.31,Penn Relays,2017-04-27,3000S,W
1,"Frerichs, Courtney",JR-3,UMKC,9:32.12,Payton Jordan Invitational,2015-05-02,3000S,W
2,"Quigley, Colleen",JR-3,Florida State,9:33.63,Payton Jordan Invitational,2015-05-02,3000S,W
3,"O'Connor, Leah",SR-4,Michigan State,9:41.88,Virginia Challenge,2015-04-17,3000S,W
4,"Teschuk, Erin",JR-3,North Dakota State,9:43.83,Mt. SAC Relays,2015-04-16,3000S,W
5,"Loevnes, Ingeborg",JR-3,Oklahoma State,9:48.89,Payton Jordan Invitational,2015-05-02,3000S,W
6,"Purrier, Elinor",SO-2,New Hampshire,9:53.53,2015 IC4A/ECAC Outdoor Track & Field Championships,2015-05-15,3000S,W
7,"Ritter, Emily",SR-4,Rider,9:55.15,2015 IC4A/ECAC Outdoor Track & Field Championships,2015-05-15,3000S,W
8,"Kamilos, Jessica",JR-3,Arkansas,9:57.17,Mt. SAC Relays,2015-04-16,3000S,W
9,"Gerlach, Tori",JR-3,Penn State,9:57.47,Payton Jordan Invitational,2015-05-02,3000S,W
10,"Howard, Marisa",SR-4,Boise State,9:57.56,Mountain West Outdoor Track & Field Championships,2015-05-13,3000S,W
11,"Bird, Elizabeth",SO-2,Princeton,9:58.33,Larry Ellis (College),2015-04-17,3000S,W
12,"Talbert, Madelin",JR-3,Lipscomb,10:00.01,Atlantic Sun Outdoor Track & Field Championships,2015-05-15,3000S,W
13,"Lystad, Tansey",JR-3,Portland,10:01.31,Stanford Invitational,2015-04-03,3000S,W
14,"Lake, Iona",JR-3,Virginia,10:01.58,Virginia Challenge,2015-04-17,3000S,W
15,"Clark, Erin",FR-1,Colorado,10:02.16,Pac-12 Track & Field Championships,2015-05-15,3000S,W
16,"Griesche, Cornelia",JR-3,Miss State,10:04.00,SEC Championships,2015-05-14,3000S,W
17,"Voronko, Victoria",SR-4,Eastern Michigan,10:05.42,Mid-American Outdoor Track & Field Championships,2015-05-14,3000S,W
18,"Gallein, Sofie",JR-3,Eastern Michigan,10:05.52,49th Hillsdale College GINA Relays,2015-04-23,3000S,W
19,"Landwehr, Katie",JR-3,Michigan State,10:07.24,Virginia Challenge,2015-04-17,3000S,W
20,"Klenke, Shannon",SR-4,Arkansas,10:07.62,Stanford Invitational,2015-04-03,3000S,W
21,"O'Dea, Jordan",SO-2,Northeastern,10:08.18,2015 IC4A/ECAC Outdoor Track & Field Championships,2015-05-15,3000S,W
22,"McDaniel, Bret",SR-4,Georgia,10:08.28,SEC Championships,2015-05-14,3000S,W
23,"Schudrowitz, Natalie",FR-1,Brown,10:08.77,Ivy League Outdoor Track & Field Championships,2015-05-09,3000S,W
24,"Winslow, Danielle",JR-3,Boston College,10:09.02,ACC Outdoor Track & Field Championships,2015-05-14,3000S,W
25,"Weiler, Liz",JR-3,Toledo,10:09.42,Mt. SAC Relays,2015-04-16,3000S,W
26,"Barr, Erika",JR-3,UC Davis,10:09.55,Mt. SAC Relays,2015-04-16,3000S,W
27,"Berge, Frida",SO-2,Oregon,10:09.94,Pac-12 Track & Field Championships,2015-05-15,3000S,W
28,"Donegan, Laura Rose",SO-2,New Hampshire,10:10.15,2015 IC4A/ECAC Outdoor Track & Field Championships,2015-05-15,3000S,W
29,"Woolven, Pippa",SR-4,Florida State,10:10.17,Payton Jordan Invitational,2015-05-02,3000S,W
30,"Garry, Kira",SR-4,Yale,10:11.59,Virginia Challenge,2015-04-17,3000S,W
31,"Buchalski, Allie",FR-1,Furman,10:13.10,Stanford Invitational,2015-04-03,3000S,W
32,"Snyder, Danica",SR-4,Duquesne,10:13.11,2015 IC4A/ECAC Outdoor Track & Field Championships,2015-05-15,3000S,W
33,"Batt-Doyle, Isobel",FR-1,St. John's,10:13.29,2015 IC4A/ECAC Outdoor Track & Field Championships,2015-05-15,3000S,W
33,"Ward, Regan",SO-2,Arkansas,10:13.29,Payton Jordan Invitational,2015-05-02,3000S,W
35,"Woodruff, Chelsi",SR-4,Florida State,10:13.69,ACC Outdoor Track & Field Championships,2015-05-14,3000S,W
36,"Demorest, Heather",SR-4,Montana State,10:14.21,Big Sky Conference Outdoor Track & Field Championships,2015-05-13,3000S,W
37,"Greenleaf, Katelyn",JR-3,Alabama,10:14.43,SEC Championships,2015-05-14,3000S,W
38,"Radford, Stella",FR-1,North Carolina,10:14.61,ACC Outdoor Track & Field Championships,2015-05-14,3000S,W
39,"Van Beek, Maddie",SR-4,North Dakota State,10:15.03,2015 Drake Relays presented by Hy-Vee,2015-04-22,3000S,W
40,"Kouba, Paige",JR-3,Harvard,10:15.81,Ivy League Outdoor Track & Field Championships,2015-05-09,3000S,W
41,"Van Kleunen, Lucy",SO-2,Brown,10:16.14,Ivy League Outdoor Track & Field Championships,2015-05-09,3000S,W
42,"Cheruiyot, Benadate",SR-4,Louisville,10:16.35,ACC Outdoor Track & Field Championships,2015-05-14,3000S,W
43,"Johnson, Rachel",SR-4,Baylor,10:16.69,Michael Johnson Classic,2015-04-18,3000S,W
44,"Blake, Bridget",FR-1,Florida State,10:16.90,Payton Jordan Invitational,2015-05-02,3000S,W
45,"Chojnacky, Mackenzie",SR-4,Toledo,10:16.98,Mt. SAC Relays,2015-04-16,3000S,W
46,"DeVoe, Claire",JR-3,Cornell,10:17.54,2015 IC4A/ECAC Outdoor Track & Field Championships,2015-05-15,3000S,W
47,"Palermo, Valerie",SO-2,Duquesne,10:17.59,2015 IC4A/ECAC Outdoor Track & Field Championships,2015-05-15,3000S,W
48,"de La Bruyere, Emily",JR-3,Princeton,10:17.74,Ivy League Outdoor Track & Field Championships,2015-05-09,3000S,W
49,"Mills, Shelby",SO-2,Gonzaga,10:18.42,Mt. SAC Relays,2015-04-16,3000S,W
50,"Urick, Kaila",JR-3,Minnesota,10:18.45,Big Ten Outdoor Track & Field Championships,2015-05-15,3000S,W
51,"DeStefano, Audra",SO-2,Wyoming,10:18.51@,Cowpoke Open,2015-05-01,3000S,W
52,"Caldwell, Abby",FR-1,Iowa State,10:19.21,Payton Jordan Invitational,2015-05-02,3000S,W
53,"Kiptebeny, Josphine",JR-3,Mid. Tenn. State,10:19.63,OSU High Performance,2015-04-30,3000S,W
54,"Baker, Elle",SR-4,North Florida,10:19.69,Florida Relays,2015-04-02,3000S,W
55,"Johnson, Brianna",JR-3,Indiana,10:20.10,2015 Billy Hayes Invitational,2015-05-02,3000S,W
56,"Stoner, Paige",FR-1,Lipscomb,10:20.12,Atlantic Sun Outdoor Track & Field Championships,2015-05-15,3000S,W
57,"Meunier, Sydni",JR-3,Notre Dame,10:20.32,Virginia Challenge,2015-04-17,3000S,W
58,"Stanton, Holly",SR-4,Idaho,10:20.35,Payton Jordan Invitational,2015-05-02,3000S,W
59,"Sargent, Sara",SO-2,Virginia,10:20.64,ACC Outdoor Track & Field Championships,2015-05-14,3000S,W
60,"Michalek, Ariel",SO-2,Illinois State,10:20.90,Stanford Invitational,2015-04-03,3000S,W
61,"Chandler, Rebecca",SR-4,Vanderbilt,10:21.20,Virginia Challenge,2015-04-17,3000S,W
62,"Pasternak, Anna",JR-3,Michigan,10:21.28,Payton Jordan Invitational,2015-05-02,3000S,W
63,"Gil-Echevarria, Paula",SO-2,Eastern Washington,10:22.16,OSU High Performance,2015-04-30,3000S,W
64,"Novotna, Tereza",JR-3,Elon,10:22.22,CAA Outdoor Track and Field Championships,2015-05-01,3000S,W
65,"Butterworth, Alycia",SR-4,Idaho,10:22.34,Payton Jordan Invitational,2015-05-02,3000S,W
66,"Dowe, Corey",SR-4,Cornell,10:22.75,2015 IC4A/ECAC Outdoor Track & Field Championships,2015-05-15,3000S,W
67,"Bote Gonzalez, Marta",FR-1,Iowa,10:23.15,Stanford Invitational,2015-04-03,3000S,W
68,"Katz, Danielle",SO-2,Stanford,10:23.32,Pac-12 Track & Field Championships,2015-05-15,3000S,W
69,"Schmelzle, Hope",SO-2,Purdue,10:23.64,Mt. SAC Relays,2015-04-16,3000S,W
70,"Redd, Jennica",JR-3,BYU,10:23.93,Mt. SAC Relays,2015-04-16,3000S,W
71,"Child, Ellie",SO-2,Weber State,10:25.58,Payton Jordan Invitational,2015-05-02,3000S,W
72,"Hood, Nicola",SR-4,New Mexico,10:25.59,Bryan Clay Invitational,2015-04-17,3000S,W
73,"Mckinnon , Sam",FR-1,Oregon State,10:25.78,Pac-12 Track & Field Championships,2015-05-15,3000S,W
74,"Riley, Colleen",JR-3,Iowa State,10:25.83,2015 Drake Relays presented by Hy-Vee,2015-04-22,3000S,W
75,"Cash, Alli",SO-2,Oregon,10:25.94,Pac-12 Track & Field Championships,2015-05-15,3000S,W
76,"Zieve, Sarah",FR-1,Michigan,10:26.28,Cal-Michigan-Virginia Tri Meet,2015-04-04,3000S,W
77,"Leiher, Sydney",SO-2,Syracuse,10:27.10,Payton Jordan Invitational,2015-05-02,3000S,W
78,"Eberhardt, Elizabeth",SR-4,Central Connecticut,10:27.55,2015 IC4A/ECAC Outdoor Track & Field Championships,2015-05-15,3000S,W
79,"Skatteboe, Karoline",JR-3,SMU,10:27.64,Mt. SAC Relays,2015-04-16,3000S,W
80,"Callahan, Molly",JR-3,Arizona,10:27.83,Pac-12 Track & Field Championships,2015-05-15,3000S,W
81,"Constien, Val",FR-1,Colorado,10:28.08,Pac-12 Track & Field Championships,2015-05-15,3000S,W
82,"Darlington, Amy",JR-3,Penn,10:28.16,Ivy League Outdoor Track & Field Championships,2015-05-09,3000S,W
83,"Wedekind, Morgan",SO-2,Kansas State,10:28.61,Brutus Hamilton Challenge,2015-04-25,3000S,W
84,"Mahoney, Katie",JR-3,Eastern Washington,10:28.68,Stanford Invitational,2015-04-03,3000S,W
85,"Borchers, Claire",FR-1,Michigan,10:29.06,Payton Jordan Invitational,2015-05-02,3000S,W
86,"Fulton, Eleanor",SR-4,Washington,10:29.30,Pac-12 Track & Field Championships,2015-05-15,3000S,W
87,"Christen, Hannah",FR-1,North Carolina,10:29.48,Duke Twilight,2015-05-06,3000S,W
88,"Kelto, Abbey",SR-4,Central Michigan,10:29.67,Ohio State - Jesse Owens Classic,2015-05-01,3000S,W
88,"Stover, Rebecca",SO-2,Alabama,10:29.67,Florida Relays,2015-04-02,3000S,W
90,"Austin, Taylor",FR-1,Indiana State,10:29.80,2015 Drake Relays presented by Hy-Vee,2015-04-22,3000S,W
91,"Zimmerman, Amber",SR-4,New Mexico,10:30.11,Mountain West Outdoor Track & Field Championships,2015-05-13,3000S,W
92,"Hirsch, Sidney",SO-2,Wichita State,10:30.27,2015 MVC Outdoor Track and Field Championships,2015-05-15,3000S,W
93,"Mikkalson, Taylor",SO-2,Minnesota,10:30.64,UW - La Crosse Eagle Open,2015-05-08,3000S,W
94,"Wood, Courtney",SR-4,Missouri,10:30.81,2015 Drake Relays presented by Hy-Vee,2015-04-22,3000S,W
95,"Petrey, Britten",JR-3,Illinois,10:30.84,Big Ten Outdoor Track & Field Championships,2015-05-15,3000S,W
96,"Roberts, Nicole",SR-4,New Mexico,10:31.09,Payton Jordan Invitational,2015-05-02,3000S,W
97,"Parkinson, Tori",SO-2,Utah State,10:31.15,Stanford Invitational,2015-04-03,3000S,W
98,"Holland, Sanne",FR-1,Colorado St.,10:31.22,Mountain West Outdoor Track & Field Championships,2015-05-13,3000S,W
99,"Ramsey, Erika",JR-3,Georgia,10:31.40,Florida Relays,2015-04-02,3000S,W
100,"McCaslin, Caroline",SO-2,Kentucky,10:31.63,UF Tom Jones Memorial,2015-04-24,3000S,W
1,"Ostrander, Allie",JR-3,Boise State,9:45.66,Payton Jordan Invitational,2019-05-02,3000S,W
2,"Cohen, Adva",SO-2,New Mexico,9:45.71,Payton Jordan Invitational,2019-05-02,3000S,W
3,"Prouse, Charlotte",JR-3,New Mexico,9:47.43,Mountain West Outdoor Track & Field Championship,2019-05-08,3000S,W
4,"Ilarda, Brianna",SR-4,Providence,9:50.42,Stanford Invitational,2019-03-29,3000S,W
5,"Stoner, Paige",SR-4,Syracuse,9:51.24,ACC Championships,2019-05-09,3000S,W
6,"Steelman , Hannah",SO-2,Wofford,9:52.71,UNF Invitational,2019-04-05,3000S,W
7,"King, Rachel",SR-4,South Dakota St.,9:54.44,Stanford Invitational,2019-03-29,3000S,W
8,"Birk, Erica",JR-3,BYU,9:55.57,Bryan Clay Invitational,2019-04-17,3000S,W
9,"Clark, Devin",JR-3,Arkansas,9:55.86,SEC Outdoor Track & Field Championships,2019-05-09,3000S,W
10,"Simmons, Cierra",SR-4,Utah State,9:56.58,Mountain West Outdoor Track & Field Championship,2019-05-08,3000S,W
11,"Jennings, Gabrielle",JR-3,Furman,9:57.41,Cardinal Classic,2019-04-19,3000S,W
12,"Gear, Kristlin",SO-2,Furman,9:57.85,Cardinal Classic,2019-04-19,3000S,W
13,"Kimeli, Joyce",SO-2,Auburn,10:00.94,SEC Outdoor Track & Field Championships,2019-05-09,3000S,W
14,"Constien, Val",SR-4,Colorado,10:01.19,2019 Pac-12 Track & Field Championships,2019-05-04,3000S,W
15,"Crosby, Nell",SR-4,North Carolina St.,10:04.39,125th Penn Relays,2019-04-25,3000S,W
16,"Hill, Alice",SO-2,Michigan,10:04.58,Cardinal Classic,2019-04-19,3000S,W
17,"Brumley, Briar",SR-4,Cornell,10:04.64,IC4A/ECAC Outdoor Track & Field Championships,2019-05-11,3000S,W
18,"Sickler, Lindsey",SR-4,Nevada,10:04.66,Mountain West Outdoor Track & Field Championship,2019-05-08,3000S,W
19,"Hamlin, Emily",SR-4,Washington,10:05.79,Payton Jordan Invitational,2019-05-02,3000S,W
20,"Niggemann, Alissa",SO-2,Wisconsin,10:05.96,Stanford Invitational,2019-03-29,3000S,W
21,"Naumann, Kelly",SR-4,Iowa State,10:06.10,Cardinal Classic,2019-04-19,3000S,W
22,"Cannon, Maddie",SR-4,BYU,10:06.17,Payton Jordan Invitational,2019-05-02,3000S,W
23,"Gee, Emma",JR-3,BYU,10:06.96,Payton Jordan Invitational,2019-05-02,3000S,W
24,"Mancini, Grace",JR-3,La Salle,10:07.47,125th Penn Relays,2019-04-25,3000S,W
25,"Menghini, Melissa",SO-2,Missouri,10:07.76,SEC Outdoor Track & Field Championships,2019-05-09,3000S,W
26,"Paholek, Maxine",FR-1,Boise State,10:07.96,Payton Jordan Invitational,2019-05-02,3000S,W
27,"Topham, Rebekah",JR-3,Wichita State,10:09.94,Stanford Invitational,2019-03-29,3000S,W
28,"Kallner, Ali",JR-3,Colorado St.,10:10.10,Mountain West Outdoor Track & Field Championship,2019-05-08,3000S,W
29,"Dickinson, Laura",SO-2,Syracuse,10:10.19,ACC Championships,2019-05-09,3000S,W
30,"Zambrano, Jeanette",SR-4,San Jose St.,10:10.28,Stanford Invitational,2019-03-29,3000S,W
31,"Smith, Karrigan",JR-3,Michigan State,10:10.91,Virginia Challenge,2019-04-19,3000S,W
32,"Gehrich, Amanda",JR-3,Oregon,10:10.99,Payton Jordan Invitational,2019-05-02,3000S,W
33,"Borchers, Emily",JR-3,Dayton,10:11.21,Atlantic 10 Outdoor Track & Field Championships,2019-05-04,3000S,W
34,"Sullivan, Grace",SR-4,East Carolina,10:12.62,East Carolina University Bill Carson Invitational,2019-04-05,3000S,W
35,"Andrews, Mackenzie",SR-4,Akron,10:12.72,Mt. SAC Relays,2019-04-18,3000S,W
36,"DeLay, Kayley",SO-2,Yale,10:12.74,125th Penn Relays,2019-04-25,3000S,W
37,"McDonald, Anna",SR-4,Texas,10:14.12,Bryan Clay Invitational,2019-04-17,3000S,W
38,"Blanks, Lindsey",JR-3,Air Force,10:14.77,Mt. SAC Relays,2019-04-18,3000S,W
39,"Boos, Annie",SO-2,California,10:14.83,Stanford Invitational,2019-03-29,3000S,W
40,"Grujic, Zorana",SO-2,Washington St.,10:15.79,Bryan Clay Invitational,2019-04-17,3000S,W
41,"Scott, Sarah",SR-4,Oklahoma,10:15.83,Big 12 Outdoor Track and Field Championships,2019-05-10,3000S,W
42,"Klimkiewicz, Allie",SR-4,Princeton,10:16.12,2019 Larry Ellis Invitational,2019-04-20,3000S,W
43,"Crouch, Lucinda",FR-1,Wisconsin,10:17.03,Big Ten Championships,2019-05-10,3000S,W
44,"Vogelgesang, Lisa",SO-2,Ole Miss,10:17.14,SEC Outdoor Track & Field Championships,2019-05-09,3000S,W
45,"Bartolomeo, Rachel",SR-4,Charlotte,10:17.51,Conference USA Outdoor Championships,2019-05-09,3000S,W
46,"Orie, Gabrielle",SO-2,Cornell,10:18.98,IC4A/ECAC Outdoor Track & Field Championships,2019-05-11,3000S,W
47,"Jones, Judi",JR-3,Nebraska,10:19.50,Big Ten Championships,2019-05-10,3000S,W
48,"Doner, Kacey",JR-3,Wyoming,10:19.86,Mountain West Outdoor Track & Field Championship,2019-05-08,3000S,W
49,"Fisher, Laurel",SR-4,Fordham,10:20.34,Atlantic 10 Outdoor Track & Field Championships,2019-05-04,3000S,W
50,"Heinst, Famke",SO-2,High Point,10:20.93,Virginia Challenge,2019-04-19,3000S,W
51,"Smith, Emily",JR-3,Eastern Michigan,10:20.94,Bryan Clay Invitational,2019-04-17,3000S,W
52,"Kohut-Jackson, Abby",SO-2,Minnesota,10:20.99,Big Ten Championships,2019-05-10,3000S,W
53,"Kanney, Sarah",SR-4,Ohio State,10:21.02,Big Ten Championships,2019-05-10,3000S,W
54,"Lopez, Kyra",JR-3,Boise State,10:21.03,Stanford Invitational,2019-03-29,3000S,W
55,"Hamer, Khalilah",JR-3,George Mason,10:21.05,Atlantic 10 Outdoor Track & Field Championships,2019-05-04,3000S,W
56,"Beattie, Grace",JR-3,Illinois State,10:21.17,MVC Championship,2019-05-10,3000S,W
57,"Drouin, Emily",SR-4,UAB,10:21.67,Conference USA Outdoor Championships,2019-05-09,3000S,W
58,"Scheriff, Jessica",SR-4,Iona,10:21.99,Metro Atlantic Outdoor Track & Field Championships,2019-05-04,3000S,W
59,"Pesendorfer, Katharina",FR-1,Tulsa,10:22.27,The American Outdoor Track & Field Championships,2019-05-10,3000S,W
60,"King, Madeleine",SO-2,Ole Miss,10:22.37,Mt. SAC Relays,2019-04-18,3000S,W
61,"Greenlund, Lindsey",SO-2,Minnesota,10:22.44,Big Ten Championships,2019-05-10,3000S,W
62,"Harris, Alexandra",SO-2,New Mexico,10:22.58,Mountain West Outdoor Track & Field Championship,2019-05-08,3000S,W
63,"Chigatayeva, Aziza",FR-1,Binghamton,10:22.76,IC4A/ECAC Outdoor Track & Field Championships,2019-05-11,3000S,W
64,"Valentine, Samantha",SO-2,Brown,10:22.87,Ivy League Outdoor Track & Field Championships,2019-05-04,3000S,W
65,"Olivere, Lydia",FR-1,Villanova,10:22.93,BIG EAST Outdoor Track & Field Championships,2019-05-10,3000S,W
66,"McCulloch, Shona",SO-2,Washington,10:23.02,2019 Pac-12 Track & Field Championships,2019-05-04,3000S,W
67,"Medved, Sarah",SR-4,Portland State,10:23.36,Mt. SAC Relays,2019-04-18,3000S,W
68,"Brookover, Hannah",SO-2,Wake Forest,10:23.63,Raleigh Relays,2019-03-29,3000S,W
69,"Wright, Elise",FR-1,Wake Forest,10:23.91,ACC Championships,2019-05-09,3000S,W
70,"Dannheim, Suzanne",JR-3,George Washington,10:23.95,Bison Outdoor Classic,2019-04-13,3000S,W
71,"Mathison, Meg",JR-3,Georgetown,10:24.04,125th Penn Relays,2019-04-25,3000S,W
72,"Eastman, Annabelle",FR-1,George Mason,10:24.43,IC4A/ECAC Outdoor Track & Field Championships,2019-05-11,3000S,W
73,"Edwards, Sarah",JR-3,Virginia Tech,10:24.47,Duke Invitational,2019-04-19,3000S,W
74,"Sapone, Lauren",JR-3,Dartmouth,10:24.84,North Florida Spring Break Invitational,2019-03-21,3000S,W
75,"Zachgo, Julia",FR-1,North Carolina St.,10:25.22,125th Penn Relays,2019-04-25,3000S,W
76,"Duca, Paige",JR-3,Boston College,10:25.34,Ocean State Invitational,2019-04-12,3000S,W
77,"Bart, Jonna",SO-2,South Dakota,10:25.63,Howard Wood Dakota Relays,2019-05-03,3000S,W
78,"Musselman, Sara",SO-2,BYU,10:25.73,Stanford Invitational,2019-03-29,3000S,W
79,"Bolliger, Alyssa",SR-4,Tulsa,10:25.84,The American Outdoor Track & Field Championships,2019-05-10,3000S,W
80,"French, Anna",JR-3,Montana State,10:25.96,Mt. SAC Relays,2019-04-18,3000S,W
81,"Viparina, Olivia",SR-4,James Madison,10:26.00,IC4A/ECAC Outdoor Track & Field Championships,2019-05-11,3000S,W
82,"Oakes, Jordan",SO-2,Stanford,10:26.27,Big Meet,2019-04-06,3000S,W
83,"Fetherstonhaugh, Grace",FR-1,Oregon State,10:26.52,Mt. SAC Relays,2019-04-18,3000S,W
84,"Russell, Sylvia",SO-2,Miss State,10:26.67,SEC Outdoor Track & Field Championships,2019-05-09,3000S,W
85,"Mills, Eryn",SR-4,Richmond,10:26.72,2019 Colonial Relays,2019-04-04,3000S,W
86,"Caldwell, Abby",SR-4,Iowa State,10:26.76,Cardinal Classic,2019-04-19,3000S,W
87,"Reinhart, Michaela",SO-2,Duke,10:26.77,Raleigh Relays,2019-03-29,3000S,W
88,"Triskett, Allison",SR-4,Dayton,10:27.09,Atlantic 10 Outdoor Track & Field Championships,2019-05-04,3000S,W
89,"Hukka, Minttu",SR-4,Tennessee,10:27.20,Virginia Challenge,2019-04-19,3000S,W
90,"Wilker, Kelly",SO-2,Dayton,10:27.39,Atlantic 10 Outdoor Track & Field Championships,2019-05-04,3000S,W
91,"Meyberg, Lotte",JR-3,Georgia State,10:27.52,Sun Belt Outdoor Track and Field Championships,2019-05-10,3000S,W
92,"Schiera, Kayla",FR-1,Southern Illinois,10:27.54,MVC Championship,2019-05-10,3000S,W
93,"Hyde, Gracie",FR-1,Central Arkansas,10:27.55,Southland Conference Outdoor Track and Field Championship,2019-05-03,3000S,W
94,"Melius, Mckenzie",SR-4,Tulane,10:27.88,The American Outdoor Track & Field Championships,2019-05-10,3000S,W
95,"Worrel, Megan",FR-1,Michigan,10:27.90,Big Ten Championships,2019-05-10,3000S,W
96,"Weiler, Mackenzie",JR-3,Michigan State,10:28.14,Big Ten Championships,2019-05-10,3000S,W
97,"Nichwitz, Rachel",JR-3,Arkansas,10:28.26,Stanford Invitational,2019-03-29,3000S,W
98,"Innis, Brittany",SR-4,Stephen F. Austin,10:28.28,Mt. SAC Relays,2019-04-18,3000S,W
99,"Breiten, Grace",JR-3,Missouri State,10:28.67,Drake Relays presented by Hy-Vee,2019-04-24,3000S,W
100,"Sandwell, Paige",SO-2,Memphis,10:28.77,The American Outdoor Track & Field Championships,2019-05-10,3000S,W
1,"Frerichs, Courtney",SR-4,New Mexico,9:29.31,Payton Jordan Invitational,2016-05-01,3000S,W
2,"Purrier, Elinor",SO-2,New Hampshire,9:47.17,Ocean State Invitational,2016-04-15,3000S,W
3,"Kamilos, Jessica",SR-4,Arkansas,9:48.16,SEC Championships,2016-05-12,3000S,W
4,"Clark, Erin",SO-2,Colorado,9:48.72,Pac-12 Outdoor Track & Field Championships,2016-05-14,3000S,W
5,"Winslow, Danielle",SR-4,Boston College,9:48.81,Ocean State Invitational,2016-04-15,3000S,W
6,"Donegan, Laura Rose",JR-3,New Hampshire,9:49.16,2016 America East Outdoor Track & Field Championships,2016-05-07,3000S,W
7,"Kouba, Paige",SR-4,Harvard,9:50.21,Stanford Invitational,2016-04-01,3000S,W
8,"Loevnes, Ingeborg",JR-3,Oklahoma State,9:50.67,Payton Jordan Invitational,2016-05-01,3000S,W
9,"Griesche, Cornelia",SR-4,Miss State,9:51.66,SEC Championships,2016-05-12,3000S,W
10,"Clark, Devin",FR-1,Arkansas,9:54.83,SEC Championships,2016-05-12,3000S,W
11,"Talbert, Madelin",SR-4,Lipscomb,9:55.79,Mt. SAC Relays,2016-04-14,3000S,W
12,"Mills, Shelby",JR-3,Gonzaga,9:56.17,2016 West Coast Invitational,2016-05-12,3000S,W
13,"Berge, Frida",JR-3,Oregon,9:56.79,Pac-12 Outdoor Track & Field Championships,2016-05-14,3000S,W
14,"Landwehr, Katie",SR-4,Michigan State,9:58.87,Virginia Challenge,2016-04-22,3000S,W
15,"Ilarda, Brianna",SO-2,Providence,9:59.54,BIG EAST Outdoor Track & Field Championships,2016-05-13,3000S,W
16,"Prouse, Charlotte",FR-1,Washington,10:00.67,Pepsi Invitational,2016-04-09,3000S,W
17,"Batt-Doyle, Isobel",SO-2,Washington,10:02.00,Pepsi Invitational,2016-04-09,3000S,W
18,"Strandemo, Madeline",SO-2,Minnesota,10:03.52,Virginia Challenge,2016-04-22,3000S,W
19,"Waggoner, Hannah",JR-3,Alabama,10:04.69,SEC Championships,2016-05-12,3000S,W
20,"Greenleaf, Katelyn",SR-4,Alabama,10:05.03,Stanford Invitational,2016-04-01,3000S,W
21,"Constien, Val",SO-2,Colorado,10:05.65,Pac-12 Outdoor Track & Field Championships,2016-05-14,3000S,W
22,"Hehr, Antonia",FR-1,Miss State,10:06.06,SEC Championships,2016-05-12,3000S,W
23,"de La Bruyere, Emily",SR-4,Princeton,10:06.26,Larry Ellis Invite,2016-04-22,3000S,W
24,"Nerud, Brianna",JR-3,Oregon,10:06.88,Pac-12 Outdoor Track & Field Championships,2016-05-14,3000S,W
25,"DeStefano, Audra",JR-3,Wyoming,10:07.35,Mountain West Championships,2016-05-11,3000S,W
26,"Barr, Erika",SR-4,UC Davis,10:08.63,Stanford Invitational,2016-04-01,3000S,W
27,"McShea, Kelly",SR-4,Illinois State,10:09.56,Stanford Invitational,2016-04-01,3000S,W
28,"Child, Ellie",JR-3,Weber State,10:09.68,Mt. SAC Relays,2016-04-14,3000S,W
29,"Blake, Bridget",SO-2,Florida State,10:09.81,ACC Championships,2016-05-13,3000S,W
30,"Lake, Iona",SR-4,Virginia,10:09.99,ACC Championships,2016-05-13,3000S,W
31,"Mahoney, Katie",SR-4,Eastern Washington,10:10.33,Stanford Invitational,2016-04-01,3000S,W
32,"Weiler, Liz",SR-4,Toledo,10:10.89,Virginia Challenge,2016-04-22,3000S,W
33,"Schmelzle, Hope",JR-3,Northern Illinois,10:10.90,Mid-American Conference Championship,2016-05-12,3000S,W
34,"Gallein, Sofie",SR-4,Eastern Michigan,10:10.92,Mid-American Conference Championship,2016-05-12,3000S,W
35,"Katz, Danielle",JR-3,Stanford,10:11.11,Pac-12 Outdoor Track & Field Championships,2016-05-14,3000S,W
36,"Scharmann, Emily",JR-3,UCLA,10:11.30,Pac-12 Outdoor Track & Field Championships,2016-05-14,3000S,W
37,"Urick, Kaila",SR-4,Minnesota,10:11.54,Virginia Challenge,2016-04-22,3000S,W
38,"Adelsberger, Teylar",JR-3,Missouri,10:12.39,Mt. SAC Relays,2016-04-14,3000S,W
39,"Johnson, Brianna",SR-4,Indiana,10:13.21,Big Ten Conference Outdoor Track & Field Championships,2016-05-13,3000S,W
40,"Buchalski, Allie",SO-2,Furman,10:13.28,Virginia Challenge,2016-04-22,3000S,W
40,"Johnson, Carolina",FR-1,UCLA,10:13.28,Pac-12 Outdoor Track & Field Championships,2016-05-14,3000S,W
42,"Hukka, Minttu",FR-1,Boise State,10:14.06,Mountain West Championships,2016-05-11,3000S,W
43,"Kunc, Katy",SO-2,Kentucky,10:14.66,SEC Championships,2016-05-12,3000S,W
44,"Bird, Elizabeth",JR-3,Princeton,10:15.03,IC4A/ECAC Outdoor Track and Field Championships,2016-05-13,3000S,W
45,"Mikkalson, Taylor",JR-3,Minnesota,10:15.26,Big Ten Conference Outdoor Track & Field Championships,2016-05-13,3000S,W
46,"Hirsch, Sidney",JR-3,Wichita State,10:16.71,Stanford Invitational,2016-04-01,3000S,W
47,"Austin, Taylor",SO-2,Indiana State,10:17.70,2016 MVC Outdoor Track and Field Championships,2016-05-13,3000S,W
48,"Teschuk, Erin",SR-4,North Dakota State,10:18.14,Summit League Outdoor T&F Championships,2016-05-12,3000S,W
49,"McCaslin, Caroline",JR-3,Kentucky,10:18.32,Virginia Challenge,2016-04-22,3000S,W
50,"Bernal, Natasha",FR-1,New Mexico,10:19.54,Payton Jordan Invitational,2016-05-01,3000S,W
51,"Darlington, Amy",SR-4,Penn,10:20.41,Larry Ellis Invite,2016-04-22,3000S,W
52,"Dyer, Alyssa",SR-4,Central Michigan,10:20.47,Mid-American Conference Championship,2016-05-12,3000S,W
53,"Pasternak, Anna",SR-4,Michigan,10:20.53,Mt. SAC Relays,2016-04-14,3000S,W
54,"Shubin, Lauren",FR-1,BYU,10:20.55,2016 Oxy Invitational (College/University),2016-05-07,3000S,W
55,"Topham, Rebekah",FR-1,Wichita State,10:20.95,2016 MVC Outdoor Track and Field Championships,2016-05-13,3000S,W
56,"Kiptebeny, Josphine",SR-4,Mid. Tenn. State,10:21.07,Mt. SAC Relays,2016-04-14,3000S,W
57,"Eisenberg, Christine",JR-3,Stony Brook,10:21.09,IC4A/ECAC Outdoor Track and Field Championships,2016-05-13,3000S,W
58,"Cashin, Amy",SO-2,West Virginia,10:21.36,2016 Billy Hayes Invitational,2016-05-06,3000S,W
59,"Anderson, Olivia",SR-4,Duke,10:21.86,Battle of the Blues,2016-04-01,3000S,W
60,"Hayes, Kelly",SO-2,Pittsburgh,10:22.08,San Francisco State Distance Carnival,2016-04-01,3000S,W
61,"Borchers, Claire",SO-2,Michigan,10:22.14,Big Ten Conference Outdoor Track & Field Championships,2016-05-13,3000S,W
62,"McKenna, Kelli",SR-4,Kansas,10:23.28,San Francisco State Distance Carnival,2016-04-01,3000S,W
63,"Dahl, Emma",SR-4,Arkansas-Little Rock,10:23.72,Sun Belt Conference Outdoor Track & Field Championships,2016-05-13,3000S,W
64,"Palermo, Valerie",JR-3,Duquesne,10:23.78,IC4A/ECAC Outdoor Track and Field Championships,2016-05-13,3000S,W
65,"Applegate, Molly",SO-2,William and Mary,10:23.82,IC4A/ECAC Outdoor Track and Field Championships,2016-05-13,3000S,W
66,"Murphy, Grayson",SO-2,Santa Clara,10:24.03,Mt. SAC Relays,2016-04-14,3000S,W
67,"Viparina, Olivia",FR-1,James Madison,10:24.58,CAA Outdoor Track and Field Championships,2016-05-06,3000S,W
68,"Zieve, Sarah",SO-2,Michigan,10:25.06,Mt. SAC Relays,2016-04-14,3000S,W
69,"Novotna, Tereza",SR-4,Elon,10:25.28,CAA Outdoor Track and Field Championships,2016-05-06,3000S,W
70,"Holland, Sanne",SO-2,Colorado St.,10:25.34,Mountain West Championships,2016-05-11,3000S,W
71,"Mechels, Halie",SO-2,South Dakota St.,10:25.39,Mt. SAC Relays,2016-04-14,3000S,W
72,"King, Rachel",FR-1,South Dakota St.,10:25.75,Mt. SAC Relays,2016-04-14,3000S,W
73,"West, Megan",JR-3,South Dakota St.,10:25.78,Mt. SAC Relays,2016-04-14,3000S,W
74,"Gil-Echevarria, Paula",JR-3,Eastern Washington,10:25.82,Beach Invitational,2016-04-15,3000S,W
75,"Markovich, Alexandra",JR-3,Princeton,10:26.24,Larry Ellis Invite,2016-04-22,3000S,W
76,"Naumann, Kelly",FR-1,Iowa State,10:26.95,Big 12 Outdoor Track & Field Championships,2016-05-13,3000S,W
77,"Serrano, Chelsey",SR-4,New Hampshire,10:27.09,2016 America East Outdoor Track & Field Championships,2016-05-07,3000S,W
78,"Yuan , Meg",JR-3,West Virginia,10:27.39,Virginia Challenge,2016-04-22,3000S,W
79,"Coughlin, McKenna",SR-4,Mississippi,10:27.68,Virginia Challenge,2016-04-22,3000S,W
80,"Scott, Sarah",FR-1,Oklahoma,10:28.29,Payton Jordan Invitational,2016-05-01,3000S,W
80,"Deighan, Kayla",SR-4,Wichita State,10:28.29,2016 MVC Outdoor Track and Field Championships,2016-05-13,3000S,W
82,"Young, Lucy",JR-3,Northeastern,10:28.33,CAA Outdoor Track and Field Championships,2016-05-06,3000S,W
83,"Parkinson, Tori",JR-3,Utah State,10:28.48,Stanford Invitational,2016-04-01,3000S,W
84,"Bartolomeo, Rachel",FR-1,North Carolina St.,10:28.73,Virginia Challenge,2016-04-22,3000S,W
85,"Rush, Kristi",JR-3,BYU,10:28.75,Mt. SAC Relays,2016-04-14,3000S,W
86,"Yarrow, Laura",JR-3,Colorado St.,10:29.05,Mountain West Championships,2016-05-11,3000S,W
87,"Ocasio, Natalia",JR-3,High Point,10:29.27,Virginia Challenge,2016-04-22,3000S,W
88,"Brumley, Briar",FR-1,Cornell,10:29.44,IC4A/ECAC Outdoor Track and Field Championships,2016-05-13,3000S,W
89,"Goyette, Maxine",JR-3,UC Santa Barbara,10:29.85,Bruin Legends of T&F Distance Carnival,2016-04-01,3000S,W
90,"Hayward, Katelyn",SR-4,UT-Arlington,10:29.89,Sun Belt Conference Outdoor Track & Field Championships,2016-05-13,3000S,W
91,"Leff, Laura",SO-2,Boston College,10:30.24,ACC Championships,2016-05-13,3000S,W
92,"Bobart, Valerie",SO-2,Illinois,10:30.70,2016 Drake Relays presented by Hy-Vee,2016-04-27,3000S,W
93,"Coppinger, Courtney",SO-2,Kansas,10:31.01,Big 12 Outdoor Track & Field Championships,2016-05-13,3000S,W
94,"Sierra, Selena",JR-3,Houston,10:31.07,The American Outdoor Track & Field Championships,2016-05-12,3000S,W
95,"Fry, Katie",SR-4,UC Davis,10:31.15,Stanford Invitational,2016-04-01,3000S,W
96,"Riches, Laura",SR-4,Butler,10:31.19,BIG EAST Outdoor Track & Field Championships,2016-05-13,3000S,W
97,"Scheriff, Jessica",SO-2,Iona,10:31.80,IC4A/ECAC Outdoor Track and Field Championships,2016-05-13,3000S,W
98,"Pesek, Shelby",JR-3,Stephen F. Austin,10:31.87,SHSU Last Chance,2016-05-14,3000S,W
99,"Lincks, Janelle",JR-3,Colorado St.,10:32.55,Mountain West Championships,2016-05-11,3000S,W
100,"Melly, Erin",SO-2,Columbia,10:32.83,IC4A/ECAC Outdoor Track and Field Championships,2016-05-13,3000S,W
